0,0.1586,0.2332,2.2802,0.0577,0.0023,0.3832,0.0001,0.116,0.3829,0.0001,0.9172,1.8793,0.1956,4.7635,46.3332,6.75,59.5107,
1,0.1259,0.4188,2.2238,0.0551,0.0019,0.3742,0.0002,0.1105,0.3738,0.0002,0.933,1.8704,0.2189,4.8697,42.9142,6.709,56.0178,
2,0.1231,0.4154,2.1829,0.0552,0.0016,0.3576,0.0001,0.1069,0.3788,0.0001,0.9379,1.8495,0.2121,4.796,42.9854,6.7284,56.0288,
3,0.1204,0.3515,2.2352,0.0563,0.0034,0.3752,0.0001,0.1107,0.3752,0.0002,0.9485,1.8906,0.2124,4.8229,43.3637,6.6973,56.3922,
4,0.1236,0.4251,2.1757,0.0597,0.0016,0.4045,0.0001,0.103,0.3629,0.0002,0.9314,1.8769,0.2126,4.8238,43.3448,6.7523,56.4432,
5,0.1204,0.3967,2.1776,0.053,0.0016,0.3718,0,0.114,0.3831,0.0001,0.9297,1.8642,0.203,4.7703,43.0119,6.6801,55.9799,
6,0.1208,0.4691,2.1828,0.0522,0.0015,0.3583,0.0001,0.1053,0.3733,0.0002,0.9238,1.8226,0.206,4.8082,43.069,7.0824,56.4812,
7,0.1205,0.4021,2.2188,0.054,0.0027,0.4212,0.0001,0.1125,0.3795,0.0002,0.9371,1.9275,0.2046,4.8895,43.9757,7.334,57.7715,
8,0.126,0.3249,2.2061,0.0529,0.0017,0.4049,0.0001,0.1069,0.3697,0.0002,0.9247,1.8708,0.1849,4.7286,48.8365,7.2707,62.4566,
9,0.1214,0.4185,2.1914,0.0519,0.0018,0.4032,0.0001,0.1115,0.3763,0.0002,0.9271,1.8856,0.2075,4.8353,42.9926,7.2029,56.6407,
10,0.1206,0.3973,2.2281,0.0541,0.0036,0.4209,0.0002,0.1082,0.3805,0.0003,0.9429,1.9332,0.2103,4.9053,43.7181,7.1688,57.3899,
11,0.1206,0.4686,2.203,0.0563,0.0042,0.4251,0.0001,0.1127,0.3817,0.0002,0.9303,1.9313,0.206,4.9426,43.4946,7.1955,57.2476,
12,0.121,0.4013,2.2121,0.0562,0.0045,0.428,0.0001,0.1132,0.3952,0.0003,0.9591,1.976,0.2136,4.9364,43.6018,7.2348,57.3812,
13,0.1202,0.3995,2.1935,0.056,0.0031,0.3677,0.0001,0.1115,0.3741,0.0002,0.9339,1.867,0.2059,4.7992,43.9105,7.3458,57.6585,
14,0.1205,0.3979,2.2069,0.052,0.0022,0.4259,0.0001,0.1175,0.3939,0.0003,0.9195,1.9315,0.211,4.8785,44.215,7.3186,58.0301,
15,0.1204,0.4577,2.1971,0.0526,0.0017,0.4147,0.0002,0.111,0.3917,0.0002,0.941,1.9318,0.21,4.9315,44.9091,7.3929,58.8203,
16,0.1385,0.3099,2.2141,0.0617,0.0019,0.4171,0.0001,0.1129,0.3936,0.0003,0.9342,1.941,0.194,4.8129,49.8035,7.2782,63.6897,
17,0.0943,0.405,2.1958,0.0648,0.0039,0.3823,0.0002,0.1151,0.4045,0.0002,0.9409,1.934,0.2101,4.8545,54.1238,10.9739,71.5437,
18,0.0936,0.843,2.3505,0.0553,0.0021,0.4421,0.0001,0.1192,0.412,0.0003,0.9335,1.9851,0.2077,5.4914,49.9284,7.6114,64.6286,
19,0.0939,0.4036,2.2431,0.067,0.0041,0.4286,0.0001,0.1229,0.3882,0.0001,0.938,1.9672,0.2053,4.9266,58.5603,8.4294,73.5156,
20,0.0935,0.8411,2.5825,0.0554,0.0017,0.434,0.0001,0.1141,0.4077,0.0002,0.9421,1.9726,0.2058,5.7092,58.1686,7.3372,72.7961,
21,0.0936,0.8492,2.3802,0.0548,0.004,0.4337,0.0001,0.1135,0.3986,0.0001,0.962,1.9872,0.2099,5.5329,45.728,7.4336,60.2881,
22,0.1252,0.3999,2.2219,0.0519,0.0023,0.4349,0.0001,0.1156,0.3994,0.0003,0.9439,1.967,0.2073,4.9368,46.1361,7.3762,60.0268,
23,0.0934,0.3994,2.1859,0.0547,0.0034,0.4289,0.0001,0.1075,0.3973,0.0002,0.9541,1.9596,0.2056,4.8622,46.1624,7.3864,60.005,
24,0.0957,0.3109,2.197,0.0685,0.0019,0.3622,0.0001,0.1117,0.3878,0.0002,0.9387,1.8814,0.2073,4.7035,52.2442,7.3572,65.8057,
25,0.0942,0.4001,2.2096,0.0566,0.0031,0.421,0.0001,0.109,0.4016,0.0002,0.9584,1.9654,0.2086,4.8929,47.0426,7.3835,60.913,
26,0.0933,0.4006,2.2057,0.0583,0.0034,0.4454,0.0001,0.1139,0.4004,0.0002,0.9471,1.9914,0.2132,4.9182,46.6689,7.4378,60.6061,
27,0.0934,0.4059,2.1819,0.0548,0.0016,0.4297,0,0.1097,0.4103,0.0002,0.9545,1.9739,0.2084,4.8808,47.1781,7.5373,61.1743,
28,0.1248,0.4092,2.2288,0.0627,0.0038,0.4449,0.0001,0.112,0.4201,0.0002,0.9545,2.0192,0.2029,5.0014,48.0187,7.5212,62.1351,
29,0.1214,0.4053,2.1988,0.0566,0.0035,0.4248,0.0001,0.1131,0.4166,0.0003,0.96,1.9964,0.2081,4.9435,47.9954,7.5046,62.0211,
30,0.0949,0.3988,2.2212,0.0558,0.0023,0.4273,0.0001,0.1095,0.4091,0.0003,0.9569,1.9804,0.2073,4.9163,48.2906,7.5351,62.3183,
31,0.1203,0.4115,2.2199,0.0662,0.0046,0.3988,0.0001,0.1115,0.4175,0.0003,0.9623,1.982,0.2068,4.9571,48.3784,7.5563,62.4643,
32,0.0959,0.3351,2.2395,0.0552,0.0031,0.4337,0.0001,0.1091,0.4197,0.0003,0.9629,2.0056,0.2051,4.8984,56.0151,7.5494,70.0246,
33,0.1208,0.4494,2.2021,0.057,0.0015,0.4278,0.0001,0.1129,0.4097,0.0002,0.959,2.0464,0.204,5.031,49.7155,7.5859,63.9321,
34,0.1216,0.4322,2.2364,0.0617,0.0037,0.4342,0.0001,0.1201,0.4133,0.0002,0.9752,2.031,0.2139,5.0461,49.7389,7.6132,63.9751,
35,0.0939,0.5286,2.2176,0.0543,0.004,0.4362,0.0001,0.1099,0.4167,0.0002,0.9852,2.0276,0.2098,5.0904,50.3586,7.6847,64.7295,
36,0.0949,0.4054,2.2011,0.0515,0.0016,0.4415,0.0001,0.1085,0.4198,0.0002,0.9628,2.0044,0.2055,4.924,50.7835,7.6879,64.9793,
37,0.1207,0.3965,2.2656,0.06,0.0018,0.3975,0.0001,0.1124,0.4201,0.0003,0.9927,2.0051,0.2045,5.0069,64.0178,7.6929,78.3029,
38,0.1218,0.8959,2.4708,0.054,0.0028,0.4316,0.0002,0.112,0.4272,0.0002,0.9791,2.0275,0.2073,5.7383,67.7614,8.7239,83.8029,
39,0.0955,0.8444,2.5382,0.0581,0.0035,0.4413,0.0001,0.1132,0.4276,0.0003,0.9915,2.0585,0.2132,5.7622,59.6649,7.8272,74.836,
40,0.1369,0.3132,2.3009,0.0584,0.0028,0.4425,0.0001,0.1111,0.42,0.0002,0.9726,2.0293,0.2036,5.0028,70.942,7.8277,85.5621,
41,0.0975,0.8408,2.5824,0.052,0.0016,0.4328,0.0001,0.116,0.4242,0.0002,0.9873,2.0325,0.2163,5.7796,59.1649,7.9413,74.4685,
42,0.1204,0.8431,2.3116,0.0547,0.0031,0.3997,0.0002,0.1112,0.4371,0.0001,0.9852,2.0112,0.2112,5.5141,54.2718,7.9049,69.2987,
43,0.0944,0.7931,2.2626,0.0571,0.0041,0.4548,0.0001,0.1115,0.4326,0.0002,0.9956,2.0755,0.2056,5.446,54.2591,7.9885,69.2782,
44,0.1206,0.7769,2.3144,0.051,0.0017,0.4332,0.0001,0.1061,0.4249,0.0002,0.996,2.0259,0.2154,5.4654,54.6336,8,69.7025,
45,0.0938,0.79,2.3666,0.0556,0.0037,0.4588,0.0001,0.1124,0.427,0.0002,1.013,2.0914,0.212,5.5682,63.9637,8.077,79.1868,
46,0.1029,0.8545,2.5592,0.06,0.004,0.4494,0.0001,0.1104,0.4301,0.0003,1.0024,2.0769,0.2069,5.8165,55.1142,8.1499,70.6619,
47,0.0979,1.0015,2.4671,0.0602,0.0041,0.4443,0.0001,0.1135,0.4303,0.0002,1.0139,2.0871,0.2083,5.8763,56.1732,8.5337,72.166,
48,0.104,0.2157,2.2996,0.0566,0.0022,0.4586,0.0001,0.1066,0.4228,0.0003,1.0065,2.0734,0.1911,4.8982,60.2356,8.2355,74.9772,
49,0.097,0.8164,2.3982,0.0657,0.0025,0.4478,0.0002,0.1155,0.421,0.0002,1.006,2.0776,0.2074,5.612,57.0333,8.2438,72.4846,
50,0.095,1.0546,2.4035,0.0534,0.0024,0.4564,0.0001,0.117,0.4335,0.0002,0.9966,2.0764,0.2066,5.8488,57.8412,8.3637,73.6573,
51,0.1216,0.8873,2.421,0.0539,0.0025,0.447,0.0002,0.1162,0.4424,0.0003,1.0196,2.1018,0.2076,5.7548,58.5861,8.4413,74.3894,
52,0.1222,0.8422,2.2942,0.0541,0.0021,0.446,0.0001,0.1134,0.4533,0.0002,1.011,2.0974,0.2107,5.5825,58.843,8.4324,74.4463,
53,0.1215,0.8393,2.3336,0.0575,0.0042,0.4448,0.0001,0.1093,0.4352,0.0003,1.0216,2.0931,0.2121,5.6127,59.3278,8.472,75.0142,
54,0.1216,0.8487,2.3543,0.0613,0.0038,0.451,0.0002,0.1129,0.4352,0.0003,1.0357,2.1223,0.2083,5.6692,73.5836,8.6294,89.4714,
55,0.1217,0.7912,2.4845,0.057,0.0029,0.4783,0.0002,0.1135,0.4388,0.0003,1.0334,2.1458,0.2063,5.7614,72.8352,8.7389,88.9516,
56,0.1449,0.2538,2.3331,0.0554,0.0043,0.4383,0.0002,0.1166,0.4275,0.0003,1.0184,2.0875,0.1989,5.0357,66.8005,8.7411,82.3743,
57,0.1237,0.8476,2.2691,0.0514,0.0016,0.4401,0.0001,0.1098,0.4411,0.0003,1.0571,2.1173,0.2066,5.5816,61.7528,8.7602,77.6858,
58,0.1232,0.8446,2.3582,0.055,0.0016,0.439,0.0001,0.1051,0.4356,0.0002,1.0322,2.0786,0.2082,5.6258,61.8909,8.9652,78.0924,
59,0.0951,0.9014,2.4045,0.0527,0.0015,0.4425,0.0001,0.1073,0.4353,0.0002,1.032,2.0802,0.2069,5.6972,62.4844,8.8394,78.6192,
60,0.0943,0.3982,2.154,0.0515,0.0014,0.4316,0.0001,0.1092,0.4549,0.0002,1.0418,2.1057,0.2056,4.9668,62.9649,8.9083,78.4151,
61,0.0943,0.7888,2.4307,0.051,0.0016,0.4429,0,0.1046,0.4336,0.0001,1.0383,2.0805,0.2029,5.6053,63.511,8.9706,79.692,
62,0.0959,0.9952,2.4015,0.0518,0.0016,0.4361,0,0.1052,0.439,0.0002,1.0457,2.0883,0.2082,5.7979,64.1288,9.0232,80.5287,
63,0.0957,0.8355,2.6239,0.0703,0.0021,0.4592,0.0001,0.1121,0.4434,0.0004,1.0487,2.1551,0.2115,5.9367,65.2024,9.1029,81.8336,
64,0.1258,0.3107,2.2637,0.0631,0.0069,0.46,0.0001,0.1056,0.4315,0.0003,1.0574,2.1485,0.1976,5.0638,71.8484,9.0779,87.5403,
65,0.1235,0.8468,2.3756,0.0542,0.0024,0.4457,0.0001,0.1275,0.4481,0.0002,1.0585,2.1552,0.2134,5.7291,65.8636,9.0767,82.2861,
66,0.1261,0.4006,2.2006,0.0549,0.0048,0.4606,0.0002,0.1148,0.4444,0.0002,1.0592,2.1606,0.2118,5.1703,66.0496,9.0986,81.9089,
67,0.1237,0.8442,2.3155,0.0571,0.0015,0.4281,0.0001,0.1088,0.4424,0.0002,1.0687,2.1174,0.2049,5.6159,66.7509,9.0691,83.0309,
68,0.1219,0.7923,2.578,0.0549,0.0015,0.4372,0.0001,0.1063,0.4424,0.0002,1.0566,2.1087,0.2035,5.8153,67.8545,9.0694,84.3322,
69,0.0948,0.842,2.6265,0.0522,0.0017,0.4386,0.0001,0.114,0.4449,0.0002,1.0539,2.1144,0.2023,5.8897,80.2002,13.0486,100.716,
70,0.0956,0.8538,2.6041,0.0623,0.0017,0.4374,0.0001,0.1047,0.4393,0.0001,1.0662,2.1217,0.2069,5.8904,82.785,9.1917,99.4173,
71,0.0951,0.8482,2.5606,0.0519,0.0018,0.4308,0.0001,0.1089,0.4413,0.0002,1.0701,2.1196,0.2089,5.8429,80.9692,9.476,97.8672,
72,0.1322,0.3234,2.3387,0.057,0.0027,0.4549,0.0001,0.1048,0.4314,0.0002,1.0622,2.1341,0.2046,5.1495,71.6621,9.197,87.5632,
73,0.122,0.8526,2.4287,0.0541,0.0023,0.4471,0.0002,0.113,0.4453,0.0003,1.0893,2.1716,0.2067,5.7942,69.2236,9.2543,85.8326,
74,0.1232,0.8504,2.3405,0.0601,0.0031,0.4256,0.0001,0.1125,0.4404,0.0002,1.0639,2.117,0.2026,5.6474,69.4818,9.3477,86.0434,
75,0.0961,0.8353,2.2489,0.0533,0.0019,0.4422,0.0001,0.109,0.4422,0.0002,1.0839,2.1448,0.2019,5.5417,69.9087,9.3522,86.3611,
76,0.1205,0.8405,2.4681,0.0567,0.0039,0.4464,0.0002,0.1078,0.4467,0.0002,1.0886,2.171,0.2107,5.8243,69.9555,9.4656,86.8135,
77,0.1224,0.8412,2.3788,0.0536,0.002,0.4578,0.0001,0.1162,0.4465,0.0002,1.1005,2.1983,0.1939,5.749,70.6803,9.4203,87.4124,
78,0.1222,0.4062,2.2129,0.0602,0.0031,0.4495,0.0001,0.1119,0.4443,0.0002,1.0885,2.1778,0.2105,5.1453,71.0435,9.4638,87.1607,
79,0.1229,0.8434,2.4271,0.0569,0.0025,0.4537,0.0001,0.1094,0.446,0.0002,1.0982,2.1881,0.2155,5.8096,71.186,9.4884,88.0386,
80,0.1412,0.3207,2.2898,0.0629,0.0069,0.4532,0.0001,0.1085,0.4406,0.0002,1.0783,2.1729,0.1943,5.1377,79.8932,9.5545,96.3591,
81,0.1221,0.8516,2.5807,0.0536,0.0027,0.4502,0.0001,0.1107,0.4479,0.0003,1.0986,2.1847,0.2077,5.96,71.8992,9.565,88.9804,
82,0.1224,0.8588,2.4039,0.0579,0.002,0.46,0.0002,0.1135,0.4581,0.0002,1.0979,2.2078,0.2062,5.8157,72.3591,9.6566,89.3791,
83,0.1238,0.8434,2.6606,0.0565,0.0032,0.457,0.0001,0.1145,0.4502,0.0002,1.1153,2.2167,0.2094,6.0681,82.8591,9.7629,100.216,
84,0.123,0.925,2.4055,0.0536,0.0035,0.458,0.0002,0.1138,0.451,0.0003,1.1197,2.222,0.2067,5.8975,90.24,9.7373,107.432,
85,0.1228,0.8481,2.6211,0.0572,0.0041,0.4635,0.0001,0.1122,0.45,0.0002,1.1199,2.2314,0.2122,6.0498,88.8677,14.207,110.707,
86,0.1215,0.8503,2.3546,0.0569,0.0036,0.4562,0.0001,0.1263,0.4605,0.0002,1.104,2.2276,0.2075,5.7756,79.438,11.6664,98.4438,
87,0.1273,0.9991,2.4475,0.0528,0.002,0.4612,0,0.1123,0.4592,0.0003,1.1038,2.2107,0.2056,6.004,92.828,9.8122,110.192,
88,0.1252,0.2251,2.2831,0.0604,0.0022,0.4635,0.0001,0.1147,0.4543,0.0003,1.0962,2.2134,0.2006,5.0657,80.3313,9.7372,96.6156,
89,0.1239,0.9197,2.2504,0.0517,0.0016,0.4401,0.0002,0.1056,0.4461,0.0001,1.1187,2.1733,0.2026,5.6802,73.0348,9.7058,89.9603,
90,0.1228,0.8941,2.4067,0.0515,0.0016,0.4542,0.0001,0.1085,0.4534,0.0001,1.1206,2.2058,0.211,5.8499,73.2923,9.7915,90.4595,
91,0.1208,0.8479,2.3179,0.0522,0.0016,0.4327,0.0001,0.1052,0.4549,0.0002,1.1087,2.1681,0.2121,5.6813,73.389,9.9212,90.5466,
92,0.1227,0.8381,2.6117,0.0616,0.0038,0.4558,0.0001,0.1189,0.4637,0.0003,1.1428,2.2692,0.2086,6.0644,73.6236,9.8051,91.0221,
93,0.122,0.8393,2.4188,0.0571,0.0035,0.4533,0.0001,0.1178,0.4578,0.0003,1.1199,2.234,0.2041,5.8323,73.4922,9.8129,90.681,
94,0.1218,0.838,2.3875,0.0549,0.0031,0.4496,0.0001,0.1125,0.4461,0.0002,1.1234,2.2094,0.2059,5.779,73.6014,9.8218,90.7642,
95,0.1223,0.8592,2.2936,0.0576,0.004,0.4561,0.0001,0.1075,0.4558,0.0002,1.1103,2.2122,0.2101,5.7105,73.7062,9.8371,90.8142,
96,0.1254,0.3089,2.2129,0.0554,0.002,0.4569,0.0001,0.101,0.4692,0.0003,1.1259,2.2318,0.1933,5.0882,88.6589,9.906,105.105,
97,0.1258,0.847,2.5668,0.0519,0.003,0.452,0.0001,0.1128,0.4524,0.0003,1.1513,2.2437,0.2112,6.0105,89.2138,9.9191,106.706,
98,0.125,0.9979,2.4241,0.055,0.0017,0.4382,0.0001,0.1098,0.4517,0.0002,1.1154,2.1822,0.2036,5.9459,82.5936,9.8906,100.015,
99,0.096,0.7948,2.2572,0.0529,0.0016,0.4375,0.0001,0.1077,0.4587,0.0002,1.1118,2.179,0.2021,5.5396,75.4794,9.8395,92.4125,
100,0.096,0.8464,2.5684,0.0613,0.0046,0.4554,0.0001,0.1112,0.4674,0.0002,1.1274,2.2507,0.2049,5.978,73.6723,9.9033,91.0943,
101,0.123,0.844,2.5586,0.0628,0.0029,0.4488,0.0001,0.1122,0.4567,0.0002,1.1347,2.2377,0.209,5.9863,73.9693,9.9099,91.4261,
102,0.1224,0.8557,2.499,0.0612,0.0027,0.4604,0.0001,0.1236,0.4538,0.0002,1.1191,2.2438,0.2111,5.9476,73.4774,9.8706,90.8591,
103,0.1215,0.9224,2.4254,0.0543,0.0024,0.4589,0.0002,0.1132,0.4669,0.0002,1.1343,2.2487,0.207,5.94,73.5328,9.8911,90.9077,
104,0.1261,0.3172,2.2758,0.0575,0.0023,0.4454,0.0001,0.1133,0.4734,0.0002,1.125,2.2403,0.2032,5.1824,82.0286,9.9091,98.7061,
105,0.1244,0.8862,2.3893,0.0639,0.0036,0.4616,0.0001,0.1079,0.473,0.0003,1.1197,2.2512,0.2072,5.8736,73.9744,9.8582,91.2458,
106,0.1231,0.8367,2.5156,0.0528,0.0017,0.441,0.0001,0.1119,0.4529,0.0001,1.1201,2.1946,0.2063,5.8927,73.7883,9.879,91.0795,
107,0.0959,0.8583,2.5811,0.0543,0.0016,0.447,0.0001,0.1081,0.4572,0.0002,1.1233,2.2021,0.2054,5.9568,73.7512,9.8981,91.1485,
108,0.1208,0.9623,2.4565,0.0547,0.0034,0.4593,0.0001,0.1203,0.4616,0.0003,1.1189,2.2367,0.2082,5.9993,74.6221,9.9337,92.1105,
109,0.1226,0.8533,2.3627,0.0559,0.0032,0.4579,0.0001,0.1116,0.4538,0.0003,1.1285,2.2331,0.2107,5.797,73.7439,9.925,91.0213,
110,0.1262,0.8519,2.5338,0.0554,0.0017,0.452,0.0001,0.1118,0.4602,0.0002,1.1264,2.2207,0.2074,5.9578,74.0664,9.9104,91.4781,
111,0.1222,0.849,2.2931,0.0535,0.0033,0.4479,0.0001,0.1141,0.4538,0.0002,1.1307,2.2248,0.2098,5.713,90.4962,10.0406,107.794,
112,0.1439,0.2261,2.3222,0.0596,0.0021,0.4467,0.0001,0.1155,0.4716,0.0002,1.1359,2.2499,0.2083,5.1687,84.0284,9.9153,100.839,
113,0.0974,0.9284,2.4451,0.0638,0.0041,0.4571,0.0001,0.1153,0.4634,0.0002,1.1295,2.252,0.2099,5.9457,73.8789,9.9104,91.2764,
114,0.1233,0.8447,2.4121,0.0537,0.0034,0.4471,0.0001,0.1115,0.451,0.0002,1.1262,2.2153,0.2039,5.8154,74.0818,9.9313,91.371,
115,0.1248,0.7986,2.4855,0.0608,0.0021,0.4394,0.0001,0.1156,0.4616,0.0003,1.1518,2.2591,0.2132,5.8934,74.2748,9.9745,91.6932,
116,0.1223,0.9665,2.4268,0.0556,0.0016,0.4352,0,0.1114,0.4653,0.0002,1.1416,2.2305,0.2064,5.9631,74.0969,9.9625,91.5876,
117,0.1221,0.8946,2.4379,0.0522,0.0031,0.447,0.0001,0.113,0.4618,0.0001,1.1364,2.2401,0.2113,5.9235,74.8645,10.2049,92.5486,
118,0.1223,0.8472,2.5273,0.0526,0.002,0.4337,0.0001,0.1126,0.4563,0.0003,1.1323,2.2072,0.2049,5.9243,74.5891,9.9984,92.0952,
119,0.1219,0.8219,2.4193,0.0547,0.0021,0.4523,0.0001,0.1124,0.4561,0.0003,1.1321,2.2295,0.2091,5.8144,74.435,10.0018,91.7939,
120,0.1239,0.3292,2.3037,0.0596,0.0022,0.4432,0.0001,0.111,0.4381,0.0003,1.1233,2.199,0.1941,5.1662,85.0102,10.0221,101.694,
121,0.1227,0.8688,2.2866,0.0561,0.0037,0.4382,0.0001,0.1161,0.4603,0.0002,1.1351,2.2264,0.206,5.7233,74.5005,9.985,91.7522,
122,0.1261,0.8441,2.6317,0.054,0.0037,0.4484,0.0001,0.1138,0.4585,0.0002,1.1343,2.2326,0.2084,6.0597,75.4253,9.9826,93.0134,
123,0.1227,0.8647,2.2818,0.0583,0.0037,0.4531,0.0001,0.1151,0.4707,0.0003,1.1275,2.2504,0.2084,5.7441,76.1388,10.0387,93.4743,
124,0.0974,0.9013,2.2614,0.0519,0.0016,0.4415,0.0001,0.1059,0.4591,0.0002,1.1253,2.1949,0.2017,5.6663,83.152,11.1373,101.506,
125,0.0988,0.8426,2.5576,0.0514,0.0016,0.4423,0.0001,0.1151,0.4598,0.0001,1.1225,2.2045,0.2115,5.925,91.15,10.1153,108.75,
126,0.1231,0.8452,2.3935,0.053,0.0034,0.4484,0.0002,0.1235,0.4663,0.0001,1.124,2.2357,0.2083,5.824,87.7714,10.0732,105.238,
127,0.1214,0.7876,2.5847,0.048,0.0015,0.4303,0.0001,0.1127,0.4582,0.0002,1.1413,2.2067,0.2315,5.9469,77.0022,11.7802,96.3487,
128,0.1434,0.2231,2.2839,0.0611,0.0026,0.4459,0.0001,0.1126,0.4453,0.0003,1.1205,2.2122,0.1896,5.0668,87.2986,10.0469,103.96,
129,0.1231,0.842,2.6242,0.0514,0.0035,0.4495,0.0001,0.1162,0.4585,0.0003,1.1347,2.2341,0.2066,6.0419,76.0646,10.0913,93.7657,
130,0.1265,0.8481,2.5365,0.0535,0.0018,0.423,0.0001,0.1034,0.4523,0.0002,1.1369,2.1811,0.2032,5.9093,74.823,10.0298,92.3096,
131,0.0965,0.8539,2.3556,0.0562,0.0035,0.4343,0.0001,0.1137,0.4544,0.0002,1.1395,2.2219,0.216,5.756,75.6031,10.0195,92.9306,
132,0.1224,0.8431,2.3684,0.0551,0.0018,0.4467,0.0001,0.1223,0.4605,0.0002,1.1487,2.2537,0.2129,5.869,74.8695,10.3759,92.7142,
133,0.1233,0.9793,2.4834,0.0519,0.0021,0.4471,0.0001,0.1135,0.4576,0.0002,1.1328,2.2239,0.2063,6.0311,74.9205,10.08,92.5995,
134,0.1213,0.4459,2.2179,0.0564,0.004,0.4389,0.0001,0.111,0.4513,0.0002,1.135,2.2131,0.2313,5.2428,74.9869,10.0783,91.8655,
135,0.1216,0.8384,2.2869,0.0538,0.004,0.4494,0.0002,0.1107,0.4612,0.0002,1.1393,2.2395,0.2097,5.7117,74.9501,10.0888,92.308,
136,0.0992,0.2124,2.2617,0.0583,0.0029,0.4491,0.0001,0.1041,0.448,0.0003,1.1405,2.2236,0.1962,5.0112,78.2144,10.0918,94.8093,
137,0.1252,0.8451,2.6446,0.0593,0.0042,0.4452,0.0001,0.1109,0.4632,0.0002,1.1353,2.2392,0.2071,6.0762,87.4086,10.204,105.267,
138,0.0957,0.8379,2.549,0.0468,0.0016,0.4221,0.0001,0.1076,0.4517,0.0001,1.1262,2.1665,0.2006,5.8597,90.9206,13.8067,112.141,
139,0.0967,0.8533,2.3508,0.0499,0.0019,0.4295,0.0001,0.11,0.4613,0.0002,1.151,2.2224,0.2082,5.7491,91.0079,10.0646,108.36,
140,0.1231,0.9661,2.435,0.0561,0.0017,0.4349,0.0001,0.1174,0.4627,0.0002,1.1372,2.2312,0.2099,5.9794,75.5067,10.1082,93.1493,
141,0.1232,0.855,2.4288,0.0567,0.0059,0.4449,0.0001,0.1116,0.4579,0.0002,1.1438,2.2405,0.2057,5.8682,75.5768,10.1368,93.1328,
142,0.1221,0.8432,2.5723,0.0552,0.0039,0.4322,0.0001,0.112,0.4585,0.0002,1.1348,2.2173,0.2084,5.9775,75.3347,10.1457,92.9828,
143,0.1224,0.8414,2.6737,0.0537,0.003,0.4398,0.0001,0.1111,0.4596,0.0002,1.1389,2.2269,0.211,6.0907,75.4046,10.1241,93.1874,
144,0.1388,0.2762,2.265,0.0574,0.002,0.439,0.0001,0.1041,0.4511,0.0002,1.1248,2.1982,0.1894,5.0882,85.007,10.0881,101.842,
145,0.1227,0.872,2.4316,0.0555,0.0027,0.4451,0.0001,0.1235,0.4629,0.0002,1.133,2.2466,0.211,5.8985,75.8328,10.1524,93.4414,
146,0.1221,0.8526,2.3464,0.0534,0.0022,0.4483,0.0001,0.1116,0.4608,0.0002,1.138,2.2281,0.2025,5.7631,75.0147,10.1346,92.4833,
147,0.1218,0.8453,2.549,0.059,0.0041,0.4411,0.0001,0.1128,0.4611,0.0002,1.1438,2.2399,0.2102,5.9809,75.8349,10.1411,93.5101,
148,0.1226,0.8877,2.4299,0.0538,0.0019,0.4407,0.0001,0.1151,0.4699,0.0003,1.141,2.2404,0.2075,5.9038,76.2796,10.1538,93.9029,
149,0.1265,0.8473,2.6333,0.0656,0.0039,0.4353,0.0001,0.1132,0.4559,0.0002,1.1313,2.2248,0.2097,6.0552,75.2715,10.117,93.0119,
150,0.1211,0.7902,2.2634,0.0552,0.0017,0.4357,0.0001,0.1103,0.4573,0.0002,1.1363,2.2092,0.214,5.6128,75.4917,10.1764,92.8124,
151,0.1215,0.4101,2.1852,0.0515,0.0015,0.4273,0.0001,0.1109,0.4556,0.0002,1.139,2.1987,0.2142,5.1448,78.0873,12.8122,97.6357,
152,0.1256,0.3158,2.2617,0.0547,0.0023,0.4591,0.0001,0.1071,0.454,0.0002,1.1432,2.2422,0.1918,5.1554,98.9669,10.3962,116.074,
153,0.1243,0.8641,2.6139,0.0585,0.0016,0.4385,0.0001,0.1069,0.4619,0.0003,1.1578,2.2422,0.2035,6.0616,75.2718,10.1126,93.0189,
154,0.1,0.836,2.6259,0.0568,0.0016,0.4352,0.0001,0.1064,0.4557,0.0001,1.1372,2.2064,0.2066,5.9865,75.7811,10.1741,93.5102,
155,0.1226,0.8469,2.5334,0.0576,0.0025,0.4388,0.0002,0.1145,0.4582,0.0002,1.1409,2.2332,0.2061,5.9568,75.4385,10.2122,93.1631,
156,0.1226,0.8468,2.455,0.0565,0.0038,0.439,0.0001,0.1148,0.4627,0.0002,1.1471,2.2409,0.2077,5.8873,75.9555,10.1776,93.5958,
157,0.1213,0.8737,2.2979,0.0531,0.0036,0.4555,0.0001,0.1103,0.4634,0.0002,1.147,2.2546,0.2125,5.7747,75.5061,10.1709,93.0206,
158,0.122,0.8457,2.2789,0.0636,0.0037,0.4483,0.0002,0.1191,0.4645,0.0002,1.1341,2.2535,0.2073,5.7202,75.4459,10.1727,92.8972,
159,0.1221,1.0126,2.4116,0.0545,0.0032,0.4499,0.0001,0.1102,0.4624,0.0002,1.1295,2.2292,0.2117,6.0013,75.6826,10.1995,93.4726,
160,0.1275,0.3153,2.2772,0.0602,0.0026,0.4542,0.0001,0.1131,0.4463,0.0002,1.1237,2.2192,0.1927,5.15,85.4205,10.1762,102.268,
161,0.1227,0.8414,2.5383,0.0568,0.0036,0.4424,0.0001,0.1143,0.4657,0.0003,1.1521,2.2585,0.208,5.9834,75.3989,10.1865,93.123,
162,0.1226,1.0546,2.4615,0.0537,0.0021,0.4454,0.0001,0.1133,0.4765,0.0002,1.1491,2.2607,0.2086,6.1233,75.5691,10.1697,93.3995,
163,0.1239,0.789,2.3722,0.0533,0.0017,0.3956,0.0001,0.1118,0.4541,0.0002,1.1357,2.1669,0.2125,5.6788,75.5898,10.3752,93.2,
164,0.1224,0.8494,2.3958,0.0574,0.0045,0.4339,0.0001,0.131,0.4606,0.0002,1.1467,2.2516,0.2051,5.8376,75.6977,10.2056,93.3105,
165,0.122,0.8465,2.6446,0.0569,0.004,0.4476,0.0001,0.1226,0.4641,0.0002,1.1491,2.2865,0.2175,6.1316,93.3044,10.2568,111.24,
166,0.1234,0.7961,2.3367,0.0505,0.0017,0.4212,0.0001,0.106,0.463,0.0002,1.134,2.1864,0.2219,5.6806,88.6434,10.1966,106.174,
167,0.1276,0.9882,2.4179,0.0645,0.0023,0.4447,0.0001,0.1109,0.4644,0.0003,1.1478,2.2587,0.2162,6.023,91.8175,10.2927,109.753,
168,0.1423,0.3275,2.2995,0.0577,0.0025,0.4644,0.0001,0.1057,0.446,0.0003,1.1248,2.2234,0.1947,5.2062,89.47,10.1626,106.58,
169,0.1042,0.8495,2.3263,0.0533,0.0048,0.4381,0.0001,0.1113,0.4645,0.0002,1.1403,2.2243,0.2135,5.7324,75.5756,10.2034,93.0578,
170,0.1229,0.9017,2.2811,0.0526,0.0054,0.4711,0.0001,0.1213,0.4672,0.0002,1.1444,2.2804,0.2137,5.8149,75.5753,10.2133,93.1683,
171,0.1233,0.8768,2.3241,0.0552,0.0039,0.4501,0.0001,0.125,0.469,0.0002,1.1345,2.2572,0.2108,5.8081,75.8763,10.2194,93.4632,
172,0.1218,0.8652,2.4545,0.0554,0.0057,0.4405,0.0001,0.1203,0.4608,0.0001,1.1304,2.2324,0.2058,5.8933,75.8196,10.2563,93.5257,
173,0.1229,0.8553,2.3804,0.0552,0.0035,0.4684,0.0002,0.1157,0.4656,0.0002,1.1466,2.2794,0.2173,5.8708,75.8772,10.1986,93.5218,
174,0.1214,0.8512,2.6466,0.0583,0.0018,0.4388,0.0001,0.1117,0.4614,0.0003,1.1453,2.2352,0.2144,6.084,75.7966,10.2587,93.6935,
175,0.1218,0.7853,2.3853,0.0565,0.0017,0.4261,0.0001,0.1105,0.4562,0.0002,1.1416,2.2071,0.2071,5.72,75.8437,10.1778,93.2943,
176,0.1485,0.3151,2.2774,0.0539,0.0018,0.3872,0.0001,0.1019,0.4494,0.0002,1.1335,2.1417,0.1957,5.095,85.8951,10.4701,103.176,
177,0.0979,0.9319,2.4088,0.0531,0.0015,0.4252,0.0001,0.1035,0.461,0.0002,1.141,2.1989,0.2101,5.8561,78.1751,14.6688,100.258,
178,0.1227,0.8502,2.4346,0.0555,0.0031,0.3996,0.0001,0.1116,0.4719,0.0003,1.159,2.2228,0.2151,5.8626,89.4756,10.275,107.131,
179,0.1218,0.849,2.3932,0.0553,0.002,0.4481,0.0001,0.1161,0.4559,0.0002,1.1444,2.241,0.2111,5.8317,86.7888,10.9542,105.13,
180,0.1244,0.7855,2.3499,0.0563,0.0021,0.4137,0.0001,0.1123,0.4637,0.0002,1.1648,2.2333,0.2103,5.7174,85.1991,10.1904,102.688,
181,0.1227,0.8468,2.3739,0.0545,0.003,0.4356,0.0001,0.1084,0.4583,0.0002,1.1409,2.2173,0.2129,5.7917,76.2599,10.2797,93.8828,
182,0.095,0.8418,2.6421,0.057,0.0034,0.4471,0.0001,0.1148,0.4619,0.0002,1.1441,2.2498,0.2144,6.056,75.7185,10.1823,93.5518,
183,0.1255,0.3993,2.2267,0.0555,0.0017,0.4268,0.0001,0.116,0.4532,0.0002,1.1229,2.1915,0.2048,5.1617,75.9358,10.2508,92.9194,
184,0.1375,0.3317,2.2644,0.0565,0.0075,0.3838,0.0001,0.1007,0.4371,0.0003,1.1433,2.1511,0.1965,5.0996,83.5226,10.1758,100.343,
185,0.1295,0.9049,2.2968,0.0558,0.0037,0.4434,0.0001,0.1127,0.4652,0.0003,1.1439,2.2476,0.2137,5.8054,75.8,10.2137,93.3806,
186,0.0985,0.8518,2.2792,0.0544,0.0057,0.406,0.0001,0.1123,0.4607,0.0002,1.155,2.2165,0.2082,5.6696,76.3143,10.1993,93.755,
187,0.1266,0.8531,2.5317,0.0523,0.0016,0.3809,0.0001,0.1048,0.4546,0.0002,1.1392,2.144,0.209,5.8771,75.9932,10.2013,93.6252,
188,0.1224,0.8024,2.5245,0.0619,0.0027,0.4477,0.0001,0.1143,0.4629,0.0003,1.149,2.2603,0.2083,5.934,75.944,10.186,93.6085,
189,0.1218,0.8509,2.3878,0.0565,0.0034,0.4467,0.0001,0.1139,0.4602,0.0001,1.1512,2.2499,0.2066,5.8291,75.9305,10.213,93.5323,
190,0.1217,0.8578,2.2702,0.0541,0.0017,0.3958,0.0001,0.1056,0.4622,0.0002,1.1343,2.1629,0.2112,5.6318,75.7944,10.2384,93.234,
191,0.1222,0.8432,2.3891,0.053,0.0017,0.3882,0.0001,0.1101,0.4604,0.0001,1.1378,2.1646,0.2133,5.7482,76.4596,10.2076,93.9892,
192,0.1255,0.2276,2.3023,0.0553,0.0023,0.4415,0.0002,0.1094,0.4833,0.0003,1.1491,2.2691,0.1943,5.1348,93.0701,10.3467,110.077,
193,0.1252,0.8977,2.4691,0.0565,0.0019,0.4496,0.0001,0.1134,0.4697,0.0003,1.1627,2.2762,0.2099,5.993,81.6952,10.2313,99.5374,
194,0.1285,0.8491,2.2772,0.0552,0.0024,0.4424,0.0002,0.1095,0.4612,0.0003,1.1461,2.2366,0.2168,5.7211,75.7761,10.1955,93.2582,
195,0.1232,0.854,2.3398,0.0618,0.0015,0.4315,0.0001,0.1133,0.4624,0.0002,1.1343,2.2195,0.2099,5.7612,76.0853,10.1896,93.6052,
196,0.1215,0.8416,2.5818,0.0543,0.0017,0.4338,0.0001,0.1137,0.4602,0.0002,1.1293,2.2042,0.2045,5.9665,75.8504,10.2661,93.6322,
197,0.1218,0.8459,2.3699,0.0532,0.0015,0.4295,0.0001,0.1196,0.4574,0.0001,1.1257,2.1982,0.2037,5.7531,75.7237,10.2014,93.2479,
198,0.0954,0.8447,2.3682,0.0528,0.0035,0.398,0.0002,0.1232,0.4621,0.0002,1.1488,2.2068,0.2123,5.7427,75.9225,10.2256,93.458,
199,0.122,0.9031,2.2886,0.0571,0.0035,0.4715,0.0001,0.1088,0.4595,0.0001,1.1269,2.2449,0.2038,5.7753,75.8681,10.1782,93.3945,
200,0.1256,0.2236,2.2961,0.056,0.0035,0.4381,0.0001,0.1053,0.4516,0.0003,1.1367,2.2122,0.1977,5.0704,87.8261,10.228,104.653,
201,0.1224,0.8395,2.2867,0.0562,0.0035,0.437,0.0001,0.1114,0.4628,0.0002,1.1392,2.2302,0.2045,5.6968,75.8944,10.2119,93.3832,
202,0.1238,0.7916,2.4076,0.0541,0.0016,0.4305,0.0001,0.111,0.4588,0.0002,1.1527,2.2242,0.2065,5.7706,75.7961,10.2279,93.3665,
203,0.1234,0.8561,2.5447,0.0536,0.0032,0.436,0.0001,0.1107,0.4624,0.0001,1.1552,2.2408,0.2083,5.9875,76.0836,10.3244,93.9646,
204,0.1224,0.8535,2.6355,0.0556,0.003,0.3942,0.0001,0.112,0.4654,0.0002,1.141,2.1915,0.209,6.0259,76.1195,10.2616,93.976,
205,0.1236,0.8403,2.3621,0.0552,0.0034,0.4532,0.0002,0.1141,0.4655,0.0002,1.1329,2.2442,0.2068,5.7916,86.7913,13.7249,107.888,
206,0.1233,1.0395,2.4628,0.0564,0.0031,0.4474,0.0001,0.1109,0.4637,0.0002,1.1319,2.2326,0.2061,6.0799,88.4705,10.263,106.382,
207,0.0955,0.8399,2.6426,0.0526,0.0018,0.4379,0.0001,0.1079,0.4627,0.0002,1.1401,2.2159,0.2151,6.0216,81.5834,10.2437,99.446,
208,0.1373,0.219,2.2617,0.0529,0.0019,0.4186,0.0001,0.1138,0.455,0.0003,1.1218,2.1815,0.1881,5.003,99.3628,10.3442,116.453,
209,0.1222,0.8459,2.569,0.0567,0.0037,0.4447,0.0001,0.1084,0.4631,0.0003,1.159,2.2585,0.2156,6.0229,77.0569,10.2437,94.908,
210,0.0959,0.8554,2.4558,0.0511,0.0019,0.448,0.0001,0.1188,0.4538,0.0002,1.145,2.2429,0.2222,5.8853,75.899,10.2288,93.5584,
211,0.1223,0.8414,2.3582,0.0571,0.0033,0.4346,0,0.1325,0.4758,0.0002,1.1333,2.2529,0.2064,5.7922,75.7806,10.248,93.3844,
212,0.123,0.8443,2.3512,0.0627,0.0018,0.4266,0.0001,0.1177,0.4587,0.0028,1.1263,2.2095,0.203,5.7428,75.7944,10.2394,93.3778,
213,0.1224,0.8452,2.6588,0.0546,0.0017,0.39,0.0001,0.1185,0.4606,0.0002,1.1309,2.1696,0.2033,6.0133,76.4021,10.2912,94.3291,
214,0.0972,0.8408,2.302,0.0563,0.0022,0.4446,0.0001,0.1193,0.4676,0.0002,1.1362,2.2447,0.2118,5.7136,75.6827,10.2285,93.1961,
215,0.1221,0.8521,2.4203,0.0563,0.0019,0.3928,0.0001,0.1132,0.4664,0.0002,1.1492,2.2016,0.2071,5.8175,79.0903,10.2249,96.7002,
216,0.1448,0.3127,2.3151,0.055,0.0029,0.3918,0.0002,0.1078,0.449,0.0002,1.1549,2.1816,0.1937,5.1677,86.3227,10.2169,103.283,
217,0.0966,0.8487,2.581,0.0522,0.0018,0.4255,0.0001,0.1155,0.4577,0.0002,1.1286,2.1909,0.2038,5.9313,75.8832,10.2683,93.6413,
218,0.0951,0.8398,2.5785,0.054,0.0017,0.3927,0.0001,0.1168,0.4642,0.0001,1.1301,2.1693,0.1995,5.891,92.7601,10.3247,110.553,
219,0.0973,0.8428,2.4346,0.0568,0.0022,0.4312,0.0001,0.1102,0.462,0.0002,1.1587,2.2382,0.2048,5.8335,86.1607,14.0653,107.707,
220,0.1219,0.7949,2.2829,0.0553,0.0033,0.4,0.0001,0.1162,0.4633,0.0002,1.143,2.2025,0.2069,5.6235,88.4087,10.2543,105.82,
221,0.1229,0.8573,2.5349,0.0553,0.0017,0.4357,0.0002,0.1112,0.4566,0.0002,1.1518,2.2334,0.2113,5.9755,75.8888,10.2661,93.711,
222,0.1226,0.8482,2.3741,0.0541,0.0037,0.3989,0.0001,0.1177,0.4527,0.0003,1.1489,2.1955,0.2075,5.7623,76.2178,10.262,93.7968,
223,0.0946,0.8523,2.3738,0.0518,0.0017,0.3829,0,0.1084,0.4604,0.0002,1.1425,2.1616,0.2115,5.7108,75.78,10.2591,93.3174,
224,0.0992,0.3173,2.2897,0.0568,0.0024,0.3889,0.0001,0.1098,0.4555,0.0003,1.135,2.1708,0.191,5.0876,85.8003,10.2393,102.619,
225,0.1232,0.8449,2.55,0.053,0.0033,0.4504,0.0001,0.1176,0.4672,0.0002,1.1318,2.2428,0.2091,5.9893,75.8818,10.2314,93.6679,
226,0.098,0.8434,2.3184,0.0534,0.0017,0.431,0.0001,0.1077,0.4619,0.0003,1.1493,2.2231,0.2136,5.7082,75.7476,10.2289,93.2508,
227,0.1228,0.8437,2.3978,0.0543,0.0021,0.4429,0.0002,0.1131,0.4716,0.0002,1.1641,2.2694,0.2067,5.8515,76.1821,10.2699,93.8843,
228,0.1222,0.8591,2.3041,0.058,0.0029,0.4048,0.0001,0.1125,0.482,0.0003,1.1522,2.2352,0.2107,5.7468,76.3033,10.574,94.1919,
229,0.1232,0.846,2.4212,0.058,0.0034,0.3951,0.0001,0.111,0.4609,0.0002,1.1407,2.1873,0.2102,5.8033,76.1395,10.2115,93.7279,
230,0.122,0.9979,2.459,0.0558,0.0022,0.3925,0.0001,0.1147,0.4619,0.0002,1.1505,2.1975,0.21,6.0028,76.1825,10.2849,94.0769,
231,0.1223,0.8868,2.2921,0.052,0.0022,0.3917,0.0001,0.1132,0.4556,0.0002,1.1447,2.1808,0.2173,5.7143,76.6424,10.3038,94.2336,
232,0.1274,0.3266,2.2643,0.0607,0.0024,0.3888,0.0001,0.1087,0.4523,0.0002,1.1208,2.1576,0.2032,5.0961,95.959,14.0073,116.621,
233,0.1235,0.8487,2.2944,0.0538,0.0034,0.3859,0.0001,0.1121,0.4577,0.0003,1.1504,2.1824,0.2055,5.6671,87.4347,10.3052,104.966,
234,0.1239,0.853,2.3819,0.0537,0.0043,0.4043,0.0001,0.1131,0.4614,0.0002,1.1334,2.191,0.2049,5.7691,75.987,10.251,93.5864,
235,0.1226,0.8509,2.5462,0.0546,0.0028,0.406,0.0002,0.1192,0.4593,0.0002,1.1439,2.204,0.2112,5.9504,75.9712,10.2199,93.6968,
236,0.1256,0.8432,2.3082,0.0591,0.0024,0.3852,0.0001,0.1184,0.471,0.0003,1.1526,2.2091,0.2114,5.7103,75.9334,10.2489,93.4567,
237,0.1241,0.9122,2.308,0.0517,0.0022,0.4006,0.0001,0.1104,0.4586,0.0002,1.1468,2.1915,0.219,5.7718,75.8357,10.2498,93.4127,
238,0.1222,0.8391,2.6051,0.0666,0.0022,0.443,0.0001,0.116,0.4623,0.0002,1.1463,2.2573,0.2179,6.0548,76.0634,10.2447,93.9192,
239,0.1212,0.8456,2.2791,0.0555,0.0045,0.4072,0.0001,0.1129,0.4661,0.0002,1.149,2.2166,0.2082,5.6848,75.9385,10.2843,93.4918,
240,0.1422,0.3151,2.2351,0.0518,0.002,0.3678,0.0001,0.1051,0.4444,0.0002,1.1157,2.0969,0.1858,4.9892,85.4556,10.248,102.428,
241,0.1237,0.8452,2.6294,0.0514,0.0017,0.4302,0.0001,0.1163,0.4726,0.0002,1.1347,2.2174,0.201,6.0246,75.8735,10.2531,93.7104,
242,0.1232,0.8406,2.383,0.0535,0.0014,0.4173,0.0001,0.1074,0.445,0.0001,1.1405,2.178,0.2075,5.7406,76.0255,10.3007,93.6488,
243,0.123,0.8437,2.2617,0.0588,0.0016,0.3867,0,0.1109,0.4511,0.0002,1.1534,2.1789,0.2088,5.6255,76.6343,10.2609,94.0847,
244,0.1211,0.8448,2.6038,0.0566,0.0031,0.4464,0.0001,0.1142,0.4649,0.0003,1.1495,2.2582,0.2073,6.0497,75.7482,10.266,93.6313,
245,0.1238,0.8476,2.3887,0.0577,0.0046,0.3983,0.0001,0.1209,0.4637,0.0003,1.1353,2.1993,0.2107,5.7816,88.4789,10.3001,106.137,
246,0.1228,0.8465,2.4688,0.0615,0.0021,0.386,0.0001,0.111,0.4595,0.0002,1.1434,2.175,0.2067,5.8319,89.4259,14.4497,111.263,
247,0.1215,0.8483,2.5673,0.052,0.0033,0.396,0.0001,0.1211,0.4623,0.0002,1.1296,2.1834,0.212,5.9443,88.6115,10.3479,106.467,
248,0.1425,0.3151,2.3138,0.055,0.0024,0.3859,0.0001,0.1057,0.4577,0.0003,1.1398,2.1679,0.2043,5.164,91.7659,10.2918,108.977,
249,0.1259,0.9266,2.3073,0.0543,0.0033,0.398,0.0001,0.1237,0.4601,0.0002,1.1342,2.1939,0.2091,5.7781,83.2952,10.3337,100.965,
250,0.128,0.8447,2.292,0.0522,0.0051,0.4462,0.0001,0.1153,0.4677,0.0003,1.1495,2.2587,0.2193,5.7592,82.3738,10.2245,99.8945,
251,0.1216,0.9164,2.4394,0.0568,0.004,0.3906,0.0001,0.113,0.4661,0.0002,1.153,2.205,0.2135,5.9112,75.9284,10.26,93.6547,
252,0.1248,0.8446,2.3232,0.0605,0.0017,0.3815,0.0001,0.1073,0.4623,0.0002,1.1296,2.1538,0.2084,5.6661,75.96,10.2482,93.433,
253,0.1216,0.8483,2.6471,0.0577,0.0017,0.4321,0.0001,0.1194,0.46,0.0002,1.1429,2.2253,0.206,6.0621,75.9107,10.3155,93.8602,
254,0.1216,0.8593,2.3943,0.0558,0.0053,0.4029,0.0001,0.1122,0.4521,0.0002,1.1447,2.1923,0.2078,5.7907,76.2795,10.2612,93.9014,
255,0.1222,0.8542,2.3601,0.0567,0.0039,0.3915,0.0001,0.1139,0.4617,0.0003,1.1538,2.2032,0.2122,5.7654,75.8346,10.2459,93.4221,
256,0.1419,0.3112,2.2761,0.0673,0.0025,0.4362,0.0001,0.1051,0.4426,0.0002,1.1212,2.1938,0.1994,5.1423,81.0774,10.256,98.2071,
257,0.1235,0.8471,2.3284,0.055,0.0048,0.3921,0.0002,0.1161,0.4751,0.0003,1.1455,2.2086,0.2075,5.7294,75.8048,10.2185,93.3133,
258,0.1239,0.8439,2.6825,0.0562,0.0023,0.3992,0.0001,0.1124,0.4601,0.0003,1.1471,2.2008,0.2113,6.0747,91.0996,10.4884,109.237,
259,0.1327,0.97,2.462,0.056,0.0018,0.4206,0.0001,0.1093,0.4669,0.0003,1.1361,2.2077,0.2029,5.9901,91.9701,10.3573,109.915,
260,0.1264,0.7954,2.3736,0.0544,0.0034,0.4019,0.0002,0.1196,0.4524,0.0002,1.1552,2.2103,0.2211,5.7383,84.0155,10.2392,101.568,
261,0.0991,0.7953,2.311,0.0579,0.0039,0.4003,0.0001,0.1089,0.4636,0.0002,1.1467,2.2036,0.2212,5.6423,75.866,10.2536,93.3145,
262,0.125,0.8438,2.6673,0.0542,0.0045,0.4399,0.0001,0.1118,0.4638,0.0003,1.1496,2.2439,0.2036,6.0991,75.8193,10.2602,93.7483,
263,0.1235,1.0334,2.4416,0.0525,0.0018,0.4215,0.0001,0.1119,0.4613,0.0002,1.1598,2.2803,0.2094,6.1029,76.4676,10.2302,94.3677,
264,0.1525,0.3194,2.2996,0.0584,0.0025,0.3768,0.0001,0.1072,0.4567,0.0002,1.1411,2.1687,0.1936,5.1525,86.1515,10.3551,103.38,
265,0.1238,0.8556,2.4175,0.0567,0.0036,0.3896,0.0001,0.1133,0.4608,0.0002,1.1409,2.1844,0.2068,5.8045,76.0634,10.3263,93.7771,
266,0.1231,0.8436,2.5797,0.0539,0.0042,0.3902,0.0001,0.1122,0.4574,0.0002,1.1486,2.1882,0.2068,5.9534,75.9538,10.247,93.7037,
267,0.1233,0.8459,2.2981,0.0533,0.0016,0.3756,0.0001,0.1103,0.4458,0.0002,1.123,2.1207,0.2035,5.6049,76.1977,10.3081,93.7059,
268,0.122,1.0494,2.5503,0.0594,0.0046,0.4358,0.0001,0.1098,0.4539,0.0002,1.1545,2.2361,0.2095,6.1785,75.8629,10.2555,93.9018,
269,0.1008,0.8436,2.4215,0.0587,0.0015,0.3769,0.0001,0.1085,0.4611,0.0002,1.1322,2.1491,0.2014,5.7284,76.344,10.265,93.9003,
270,0.095,0.844,2.3082,0.0535,0.0016,0.3824,0.0001,0.1089,0.4613,0.0002,1.139,2.1605,0.2056,5.6244,76.4113,10.255,93.8778,
271,0.1219,0.8549,2.3971,0.0529,0.0017,0.441,0.0001,0.1066,0.4573,0.0001,1.136,2.2078,0.2068,5.8019,75.7981,10.2441,93.4235,
272,0.0986,0.3219,2.3604,0.0529,0.0022,0.3805,0.0001,0.1122,0.4402,0.0004,1.1356,2.146,0.1971,5.1392,89.2281,10.8626,106.834,
273,0.0998,0.7805,2.6526,0.0586,0.0031,0.4036,0.0001,0.1193,0.4766,0.0003,1.1484,2.2341,0.2106,5.9935,83.7977,10.2096,101.571,
274,0.1233,0.8446,2.6432,0.0557,0.0017,0.3892,0,0.106,0.4598,0.0002,1.1662,2.1924,0.2127,6.026,76.2591,10.2712,94.1337,
275,0.1225,0.8503,2.6131,0.0525,0.0017,0.4212,0.0001,0.1056,0.4512,0.0002,1.1365,2.1816,0.2065,5.9829,75.967,10.2565,93.78,
276,0.1243,0.8731,2.4434,0.0535,0.0031,0.3982,0.0001,0.1125,0.4659,0.0003,1.1414,2.1955,0.2085,5.8617,76.4933,10.2339,94.1496,
277,0.1225,0.8479,2.6795,0.0579,0.0033,0.4014,0,0.1121,0.4704,0.0003,1.176,2.2407,0.2114,6.1156,76.3497,10.455,94.4929,
278,0.1214,0.8425,2.3186,0.0529,0.0026,0.4422,0.0002,0.1112,0.4669,0.0003,1.146,2.2436,0.2105,5.7517,76.3252,10.2483,93.8888,
279,0.1232,0.8503,2.6402,0.0568,0.0062,0.4001,0.0001,0.1225,0.4654,0.0003,1.1488,2.2212,0.2093,6.0584,76.5315,10.3009,94.4588,
280,0.1443,0.2522,2.2886,0.0569,0.0023,0.3888,0.0001,0.105,0.4536,0.0003,1.1415,2.1694,0.1904,5.0596,84.4661,10.2702,101.524,
281,0.1223,0.9452,2.4582,0.0526,0.004,0.404,0.0001,0.1129,0.4676,0.0003,1.1336,2.1973,0.2061,5.9429,76.0025,10.201,93.7248,
282,0.1232,0.8004,2.4238,0.0616,0.0035,0.3959,0.0001,0.1139,0.4642,0.0002,1.1432,2.2038,0.2065,5.7709,75.9834,10.2857,93.6063,
283,0.124,0.8409,2.4049,0.0506,0.0016,0.3948,0.0001,0.111,0.4623,0.0002,1.1357,2.1685,0.2081,5.757,76.8375,10.2404,94.3915,
284,0.1228,0.8918,2.4208,0.0576,0.0039,0.446,0.0001,0.1174,0.4588,0.0003,1.133,2.2363,0.207,5.8918,76.7442,10.2601,94.478,
285,0.1225,0.9573,2.4315,0.0565,0.0063,0.3915,0.0001,0.1214,0.451,0.0002,1.1415,2.1867,0.2078,5.9183,87.3464,10.4166,105.243,
286,0.1226,0.8483,2.5808,0.0568,0.0036,0.3928,0.0001,0.1104,0.4538,0.0003,1.1455,2.1837,0.2035,5.9529,90.0907,10.4075,108.015,
287,0.1224,0.8513,2.5502,0.053,0.0015,0.3834,0.0001,0.1048,0.458,0.0002,1.1399,2.1501,0.2054,5.8894,80.8835,10.3675,98.7015,
288,0.1434,0.3148,2.2896,0.0613,0.0028,0.374,0.0001,0.0993,0.4838,0.0003,1.1493,2.1917,0.2518,5.2089,101.661,11.6252,120.228,
289,0.1231,0.9051,2.2931,0.0655,0.0037,0.3999,0.0001,0.1212,0.4708,0.0003,1.1286,2.2106,0.206,5.754,80.1567,10.2359,97.7363,
290,0.1236,0.8446,2.4388,0.055,0.0025,0.3977,0.0001,0.1092,0.4641,0.0002,1.1374,2.1857,0.2164,5.825,76.0934,10.2785,93.7407,
291,0.1217,0.8423,2.3289,0.0593,0.0034,0.3935,0.0001,0.1083,0.4606,0.0002,1.1391,2.1845,0.2082,5.6992,75.932,10.2405,93.4516,
292,0.1222,0.8465,2.3586,0.0589,0.0039,0.4369,0.0001,0.1156,0.4467,0.0002,1.1477,2.232,0.2017,5.7748,76.566,10.2768,94.1957,
293,0.1239,0.9378,2.4652,0.0561,0.0041,0.392,0.0001,0.1165,0.4475,0.0002,1.1565,2.1932,0.2144,5.9503,82.0217,10.2095,99.7438,
294,0.1236,0.844,2.4112,0.0555,0.0037,0.3891,0.0001,0.1106,0.4534,0.0004,1.1567,2.1882,0.2077,5.7912,75.8847,10.2405,93.503,
295,0.1217,0.8875,2.302,0.0602,0.0038,0.3969,0.0001,0.1201,0.4655,0.0002,1.1482,2.2142,0.2092,5.7504,76.1843,10.2553,93.7787,
296,0.1054,0.2234,2.2742,0.0555,0.0031,0.4078,0.0001,0.0998,0.4454,0.0001,1.1219,2.1657,0.1834,4.9672,86.3095,10.2644,103.054,
297,0.1231,0.9382,2.4254,0.0538,0.0018,0.3891,0.0001,0.1109,0.4526,0.0002,1.1393,2.1673,0.2028,5.8711,76.4501,10.21,94.1107,
298,0.1241,0.8426,2.6039,0.0548,0.0017,0.4181,0.0001,0.1106,0.4477,0.0002,1.1281,2.1707,0.2018,5.9574,85.2954,10.3277,103.131,
299,0.0961,0.8549,2.3424,0.0588,0.0016,0.3783,0.0001,0.1104,0.4604,0.0001,1.143,2.1661,0.2044,5.6738,90.7823,10.9946,109.035,
300,0.1226,0.797,2.6322,0.0573,0.0017,0.3901,0.0001,0.1093,0.4512,0.0002,1.1329,2.1553,0.2091,5.934,91.7164,10.2721,109.481,
301,0.1239,0.8545,2.6095,0.0533,0.0017,0.3947,0.0001,0.1115,0.4606,0.0002,1.1563,2.1982,0.2128,6.0128,76.4508,10.2478,94.296,
302,0.1242,0.8418,2.2703,0.0533,0.0016,0.3863,0.0001,0.1066,0.46,0.0002,1.1382,2.1606,0.2169,5.6288,75.836,10.207,93.2449,
303,0.1233,0.8463,2.3734,0.0507,0.0018,0.3878,0.0002,0.1119,0.4658,0.0003,1.1473,2.1853,0.2052,5.7466,75.7077,10.2091,93.2477,
304,0.1271,0.3358,2.2973,0.0552,0.0016,0.3716,0.0001,0.1013,0.4449,0.0002,1.124,2.1085,0.1839,5.0685,85.7335,10.2631,102.591,
305,0.1301,0.8462,2.3798,0.0529,0.0016,0.3793,0.0001,0.1148,0.4536,0.0002,1.1248,2.1393,0.2064,5.71,76.4625,10.2422,94.0145,
306,0.1227,0.9965,2.4646,0.0574,0.0021,0.4435,0.0001,0.1143,0.4671,0.0002,1.1482,2.2519,0.2062,6.0566,75.9238,10.176,93.7263,
307,0.1221,0.8487,2.3143,0.0548,0.0017,0.4058,0.0001,0.1135,0.4794,0.0003,1.1399,2.2156,0.2052,5.7193,75.7434,10.2758,93.3202,
308,0.1212,0.8762,2.4147,0.0566,0.0043,0.4438,0.0001,0.1105,0.4634,0.0003,1.1397,2.238,0.2073,5.8708,76.3103,10.2945,94.0427,
309,0.1229,0.8605,2.4361,0.0532,0.0019,0.4003,0.0001,0.1094,0.4621,0.0002,1.1381,2.1817,0.2087,5.8222,76.0589,10.2357,93.7753,
310,0.1226,0.8621,2.4145,0.0552,0.0036,0.3848,0.0001,0.1155,0.4643,0.0002,1.1495,2.1941,0.2104,5.8202,76.5717,10.2746,94.2472,
311,0.1226,0.8462,2.4143,0.0527,0.0017,0.3859,0.0001,0.1111,0.4609,0.0002,1.1456,2.1729,0.2073,5.7785,76.1632,10.2895,93.8133,
312,0.1402,0.2268,2.3195,0.0564,0.0043,0.3858,0.0001,0.1051,0.4504,0.0003,1.1324,2.1577,0.1962,5.0561,97.4934,10.2773,114.377,
313,0.1235,0.7974,2.4568,0.0519,0.0023,0.38,0.0001,0.1102,0.4678,0.0002,1.1381,2.168,0.2089,5.7693,89.5899,10.2056,107.151,
314,0.1221,0.8947,2.3185,0.0658,0.0037,0.4485,0.0001,0.1282,0.4614,0.0002,1.1412,2.2697,0.2136,5.838,76.2705,10.2393,93.9024,
315,0.0975,0.863,2.4772,0.0637,0.0015,0.3759,0.0001,0.1176,0.4461,0.0002,1.1218,2.1366,0.2022,5.7889,76.0781,10.2666,93.702,
316,0.1219,0.7909,2.3642,0.0541,0.0015,0.3834,0.0001,0.1075,0.4622,0.0001,1.1346,2.1536,0.2077,5.6455,76.531,10.2846,94.0548,
317,0.122,0.84,2.2825,0.0639,0.0042,0.4594,0.0001,0.1132,0.4721,0.0002,1.1351,2.2709,0.2096,5.7393,82.6561,10.2665,100.215,
318,0.1274,0.8607,2.451,0.0559,0.0022,0.3968,0.0001,0.1146,0.462,0.0003,1.1514,2.2031,0.2075,5.8628,75.9391,10.2825,93.6749,
319,0.1246,0.8763,2.2836,0.0658,0.0054,0.3981,0.0001,0.1099,0.4755,0.0003,1.1288,2.2051,0.2082,5.7119,76.5829,10.2387,94.1183,
320,0.1463,0.2371,2.313,0.0543,0.0022,0.4508,0.0002,0.1026,0.4571,0.0003,1.1361,2.2252,0.1962,5.1356,78.4345,10.2409,95.5233,
321,0.1254,0.9559,2.4586,0.0515,0.002,0.3969,0.0001,0.1098,0.4654,0.0003,1.1406,2.1865,0.2015,5.9434,76.0114,10.2511,93.801,
322,0.124,0.8418,2.4059,0.0554,0.0017,0.3925,0.0001,0.1138,0.463,0.0002,1.1407,2.1815,0.2078,5.776,75.7506,10.2202,93.3302,
323,0.1241,0.9111,2.4563,0.0558,0.0037,0.4364,0.0001,0.1142,0.4734,0.0002,1.1505,2.2567,0.2156,5.9775,75.9497,10.4665,93.9322,
324,0.1234,0.8558,2.6689,0.0586,0.003,0.3982,0.0002,0.118,0.4509,0.0003,1.1494,2.1986,0.2009,6.0596,75.9846,10.3054,93.9498,
325,0.1235,0.8612,2.4164,0.0555,0.0028,0.3848,0,0.1126,0.4569,0.0002,1.1402,2.1667,0.2088,5.7947,84.1651,10.3626,101.921,
326,0.1231,0.8421,2.5648,0.0656,0.0021,0.4013,0.0001,0.1175,0.4637,0.0003,1.1389,2.2076,0.2069,5.9593,98.922,10.2942,116.73,
327,0.1272,0.8495,2.4073,0.0583,0.0036,0.405,0.0001,0.1128,0.4676,0.0003,1.1429,2.2118,0.2072,5.8181,90.6986,14.6858,112.776,
328,0.1438,0.3161,2.2779,0.0523,0.0026,0.392,0.0001,0.1121,0.4598,0.0003,1.1412,2.1832,0.1908,5.1263,90.5433,11.3827,108.821,
329,0.1236,0.8502,2.6514,0.0569,0.003,0.4005,0.0001,0.1207,0.4633,0.0002,1.1364,2.2017,0.209,6.051,79.4973,10.2505,97.3866,
330,0.1225,0.849,2.3556,0.0657,0.0036,0.4475,0.0001,0.1085,0.4563,0.0003,1.1386,2.241,0.2254,5.812,75.9349,10.2405,93.5825,
331,0.1236,0.8429,2.2841,0.0536,0.0017,0.4273,0.0001,0.1102,0.4577,0.0003,1.1324,2.1949,0.2036,5.6605,75.9517,10.2872,93.444,
332,0.1219,0.7861,2.3476,0.051,0.0016,0.379,0.0001,0.1103,0.4506,0.0002,1.1311,2.135,0.2054,5.6038,76.789,10.3216,94.33,
333,0.1225,1.0401,2.4186,0.0545,0.0014,0.3803,0.0001,0.119,0.4556,0.0002,1.135,2.1584,0.2092,5.9587,76.2276,10.2511,94.036,
334,0.0977,0.8513,2.2813,0.0527,0.0016,0.3835,0.0001,0.1076,0.4626,0.0002,1.1323,2.1504,0.2004,5.5913,76.1603,10.2703,93.5455,
335,0.0997,0.9212,2.4241,0.0573,0.0036,0.3852,0.0002,0.1135,0.4608,0.0003,1.1362,2.1758,0.2066,5.8421,75.8876,10.2015,93.5297,
336,0.1393,0.3915,2.2631,0.0542,0.0024,0.3861,0.0001,0.1019,0.4695,0.0003,1.1416,2.1801,0.191,5.1811,76.1985,17.4558,100.612,
337,0.1246,0.8462,2.5677,0.0647,0.0037,0.384,0.0001,0.113,0.452,0.0003,1.1336,2.1719,0.2033,5.9296,76.1198,10.2605,93.8353,
338,0.1229,0.9326,2.4442,0.0565,0.0045,0.4007,0.0001,0.1107,0.4669,0.0002,1.1442,2.2064,0.2045,5.9234,86.6665,10.3668,104.547,
339,0.1263,0.8605,2.5362,0.0575,0.0023,0.3917,0.0001,0.1097,0.4519,0.0002,1.1498,2.1831,0.2081,5.9315,89.2154,10.3793,107.079,
340,0.1231,0.8986,2.3163,0.0571,0.0027,0.3888,0.0001,0.1182,0.4573,0.0002,1.132,2.178,0.2027,5.7305,91.4406,10.3235,109.094,
341,0.122,0.7959,2.4768,0.0576,0.002,0.4416,0.0001,0.1204,0.4549,0.0002,1.1449,2.2431,0.208,5.861,76.4787,10.268,94.1697,
342,0.1231,1.0023,2.4628,0.0546,0.0048,0.432,0.0001,0.1255,0.4636,0.0003,1.1688,2.2705,0.2159,6.089,76.762,10.2833,94.7232,
343,0.1216,0.8916,2.4435,0.0559,0.0037,0.3942,0.0001,0.1134,0.4644,0.0002,1.1408,2.1924,0.2047,5.8697,76.4564,10.2885,94.1887,
344,0.0974,0.3135,2.158,0.0506,0.0015,0.4221,0.0001,0.0983,0.4646,0.0004,1.1337,2.1858,0.1933,4.9603,85.7881,10.2593,102.475,
345,0.1227,0.8393,2.2969,0.0525,0.0036,0.3916,0.0001,0.118,0.448,0.0003,1.1391,2.1756,0.2076,5.6545,82.4948,10.242,99.9461,
346,0.123,0.8564,2.4476,0.0551,0.0039,0.3948,0.0001,0.1151,0.4515,0.0002,1.1508,2.1938,0.2086,5.8456,76.1388,10.2412,93.8036,
347,0.1229,0.8479,2.2945,0.0542,0.002,0.3826,0.0001,0.1158,0.4544,0.0002,1.1413,2.1705,0.206,5.6564,75.9441,10.2204,93.3676,
348,0.1219,0.8411,2.4202,0.0554,0.0032,0.3948,0.0001,0.1134,0.464,0.0002,1.137,2.1877,0.2079,5.7965,76.0308,10.2472,93.6399,
349,0.1266,0.8384,2.285,0.0584,0.0015,0.3717,0.0001,0.1059,0.4607,0.0002,1.136,2.1445,0.2024,5.6107,76.0676,10.2515,93.501,
350,0.1221,0.8537,2.3367,0.0509,0.0018,0.3733,0.0001,0.1044,0.4571,0.0002,1.1257,2.1221,0.2016,5.6439,75.8774,10.1949,93.3028,
351,0.1216,0.845,2.3378,0.0524,0.0016,0.3936,0.0001,0.115,0.4585,0.0001,1.1198,2.1499,0.2036,5.6695,76.0466,10.2808,93.5554,
352,0.1412,0.3096,2.2791,0.0548,0.0023,0.4625,0.0001,0.1023,0.4504,0.0002,1.127,2.2181,0.1936,5.1567,96.8444,13.8627,117.593,
353,0.123,0.9087,2.3276,0.0604,0.0031,0.4009,0.0001,0.1148,0.4567,0.0002,1.138,2.1945,0.2101,5.7798,85.1394,13.7202,106.204,
354,0.1232,0.8522,2.6398,0.0571,0.0036,0.3913,0.0001,0.1113,0.4659,0.0002,1.1374,2.1879,0.2085,6.0267,76.1081,10.7085,94.3525,
355,0.123,0.8675,2.3156,0.0524,0.0021,0.3809,0.0001,0.1133,0.4496,0.0002,1.1498,2.1685,0.2091,5.6968,76.3346,10.175,93.8021,
356,0.1214,0.8546,2.5648,0.0554,0.0017,0.3809,0.0001,0.1145,0.4541,0.0003,1.1415,2.1676,0.2065,5.9307,75.9739,10.2574,93.7674,
357,0.1231,0.401,2.2342,0.0534,0.0034,0.4473,0.0002,0.1194,0.4624,0.0003,1.1641,2.2722,0.2114,5.2541,75.8245,10.2917,92.9594,
358,0.1213,0.9898,2.4334,0.0545,0.0043,0.3947,0.0001,0.1162,0.4517,0.0003,1.1455,2.1863,0.2105,5.9551,75.9479,10.2084,93.6647,
359,0.126,0.9282,2.4302,0.0539,0.0033,0.4415,0.0001,0.1176,0.4655,0.0003,1.1437,2.2448,0.2087,5.9524,75.967,10.2716,93.7802,
360,0.1436,0.319,2.2841,0.0558,0.0028,0.4298,0.0001,0.1114,0.4731,0.0002,1.1449,2.2396,0.207,5.2102,76.4232,10.262,93.5736,
361,0.1238,0.8503,2.5555,0.0543,0.0032,0.3968,0.0001,0.1146,0.4619,0.0003,1.145,2.2196,0.2056,5.9715,76.0784,10.2414,93.8835,
362,0.1215,0.846,2.3359,0.0544,0.0041,0.3948,0.0001,0.1148,0.4628,0.0003,1.1319,2.1832,0.2048,5.7069,75.8999,10.2358,93.4322,
363,0.1227,0.84,2.2689,0.0522,0.0016,0.3843,0.0001,0.1063,0.4692,0.0002,1.131,2.163,0.2094,5.6207,75.97,10.2398,93.4306,
364,0.1226,0.865,2.4298,0.0543,0.0036,0.3934,0.0001,0.1172,0.4637,0.0003,1.16,2.213,0.2108,5.8547,76.0924,10.1903,93.7081,
365,0.1225,0.8405,2.6598,0.0621,0.002,0.3947,0,0.1128,0.4594,0.0002,1.147,2.194,0.211,6.0428,85.7479,10.2897,103.669,
366,0.1219,0.8646,2.6484,0.0538,0.0042,0.3907,0.0001,0.1134,0.4459,0.0002,1.1372,2.1654,0.2029,6.0192,87.6849,11.0275,106.323,
367,0.122,0.8445,2.5843,0.0583,0.0021,0.3994,0.0001,0.1122,0.4518,0.0003,1.1433,2.1875,0.2042,5.9566,82.0913,10.9151,100.552,
368,0.1264,0.3185,2.2884,0.0594,0.0021,0.3958,0.0001,0.1093,0.442,0.0003,1.1389,2.1721,0.2052,5.1284,90.7587,10.2624,107.705,
369,0.1224,0.7776,2.4392,0.0573,0.0015,0.3894,0.0001,0.1091,0.4626,0.0002,1.1359,2.1678,0.2092,5.729,77.8107,10.1988,95.3145,
370,0.0975,0.9244,2.4422,0.0559,0.0017,0.3813,0.0001,0.1119,0.4469,0.0002,1.1473,2.1592,0.2046,5.8398,75.914,10.214,93.5704,
371,0.1225,0.8424,2.6657,0.0579,0.004,0.3918,0.0001,0.1209,0.4593,0.0003,1.1354,2.1916,0.2093,6.0475,76.0452,10.2494,93.9705,
372,0.1254,0.8415,2.4039,0.0551,0.0042,0.3868,0.0001,0.1227,0.4588,0.0002,1.1359,2.1844,0.2124,5.7818,75.9462,10.2891,93.6136,
373,0.1217,0.8473,2.3987,0.0585,0.0039,0.4181,0.0001,0.1207,0.4679,0.0003,1.1289,2.2188,0.2062,5.806,76.1789,10.219,93.7754,
374,0.1225,0.8486,2.5315,0.0534,0.0016,0.4308,0.0001,0.1091,0.4659,0.0003,1.136,2.2107,0.2089,5.9354,76.5091,10.1976,94.2266,
375,0.1214,0.8544,2.2754,0.0603,0.0016,0.3798,0.0001,0.1062,0.4518,0.0003,1.1396,2.153,0.2019,5.6146,76.1236,10.2764,93.6085,
376,0.1257,0.3157,2.2975,0.0566,0.0072,0.3765,0.0001,0.1016,0.4599,0.0003,1.1385,2.1623,0.1966,5.1154,83.3427,10.2111,100.235,
377,0.1242,0.8767,2.4211,0.0548,0.0018,0.3886,0,0.1097,0.4614,0.0003,1.1401,2.1767,0.2067,5.8192,75.9318,10.2699,93.6117,
378,0.1226,0.9086,2.3769,0.0743,0.0042,0.3987,0.0001,0.1185,0.4628,0.0002,1.1195,2.1906,0.1997,5.8119,88.1372,10.3806,105.911,
379,0.1232,0.8498,2.6088,0.0618,0.0017,0.3811,0.0001,0.1086,0.4682,0.0003,1.1605,2.1994,0.2117,6.0064,92.5907,11.6683,111.853,
380,0.0959,0.8506,2.2931,0.0571,0.0016,0.3738,0,0.1117,0.45,0.0002,1.1306,2.134,0.2016,5.5843,92.8318,10.2414,110.214,
381,0.0946,0.7978,2.5187,0.0636,0.0015,0.3817,0.0001,0.1076,0.4469,0.0002,1.1367,2.1477,0.2082,5.7775,75.8042,10.2338,93.3963,
382,0.0952,0.8388,2.3717,0.053,0.0016,0.3728,0.0001,0.1085,0.4482,0.0001,1.1382,2.1309,0.2024,5.6466,77.1351,10.2794,94.632,
383,0.0955,0.786,2.4196,0.0535,0.0016,0.3704,0,0.1072,0.4407,0.0001,1.1369,2.123,0.2031,5.6357,75.9641,10.2258,93.4152,
384,0.0963,0.2175,2.3134,0.0575,0.0023,0.3983,0.0001,0.1021,0.4528,0.0003,1.1333,2.169,0.1863,4.996,85.1128,10.2731,101.844,
385,0.1236,0.8412,2.2924,0.0571,0.0017,0.3966,0.0002,0.1118,0.4714,0.0002,1.1407,2.1968,0.2057,5.6744,75.8842,10.2672,93.4124,
386,0.1229,0.9092,2.309,0.0591,0.0053,0.3908,0.0001,0.113,0.45,0.0002,1.1435,2.1833,0.2073,5.7461,75.9642,10.2307,93.5353,
387,0.1232,0.8446,2.4948,0.0547,0.0032,0.397,0.0001,0.1158,0.4623,0.0003,1.1584,2.2128,0.2027,5.8946,76.655,10.4309,94.5525,
388,0.1222,0.8478,2.5428,0.0643,0.0015,0.4135,0,0.107,0.4431,0.0002,1.1198,2.1588,0.2071,5.8908,76.2154,10.2775,93.9993,
389,0.1214,0.854,2.3764,0.0586,0.0016,0.377,0.0001,0.1036,0.4553,0.0004,1.1437,2.1584,0.2198,5.7411,76.1135,10.2648,93.7059,
390,0.1218,0.9215,2.3983,0.0555,0.0029,0.4448,0.0001,0.1181,0.4575,0.0003,1.1667,2.2703,0.2088,5.9347,76.0253,10.2263,93.7619,
391,0.1241,0.8464,2.4016,0.0576,0.0041,0.4417,0.0001,0.1138,0.4679,0.0003,1.1421,2.2484,0.2127,5.8467,76.02,10.2048,93.629,
392,0.1244,0.2974,2.3033,0.0534,0.002,0.3751,0.0001,0.1092,0.4483,0.0002,1.1274,2.1315,0.2016,5.0734,92.1894,13.4836,112.201,
393,0.1273,0.853,2.2964,0.0582,0.0023,0.3867,0.0001,0.1136,0.4656,0.0002,1.1571,2.2055,0.2158,5.7115,86.5652,10.2625,104.112,
394,0.1227,0.7839,2.6649,0.0515,0.0017,0.3885,0.0001,0.1155,0.4635,0.0002,1.1295,2.1862,0.2183,5.9918,77.5065,10.2153,95.3058,
395,0.1232,0.8479,2.3378,0.0547,0.0018,0.4252,0.0001,0.1121,0.4475,0.0002,1.1457,2.2014,0.2023,5.7266,75.7685,10.1928,93.2679,
396,0.1226,0.9202,2.4393,0.0563,0.0042,0.4414,0.0001,0.1121,0.4637,0.0003,1.1383,2.239,0.213,5.9483,76.3496,10.2095,94.0935,
397,0.1222,0.8434,2.4099,0.054,0.0015,0.3805,0.0001,0.1114,0.4448,0.0002,1.1461,2.1487,0.2023,5.7359,76.2636,10.2572,93.8425,
398,0.1224,0.8455,2.362,0.0569,0.0038,0.3951,0.0001,0.113,0.4445,0.0002,1.1426,2.1771,0.2122,5.7354,76.511,10.3111,94.153,
399,0.1216,0.9022,2.2906,0.0532,0.0042,0.3858,0.0002,0.1114,0.4469,0.0002,1.1392,2.1616,0.2102,5.6979,75.896,10.2468,93.4303,
400,0.1421,0.3166,2.3193,0.057,0.0021,0.4357,0.0001,0.1078,0.4545,0.0002,1.1346,2.2113,0.1942,5.203,86.441,10.2631,103.463,
401,0.1223,0.8527,2.4,0.0567,0.0034,0.4016,0.0002,0.1218,0.4542,0.0002,1.1377,2.1946,0.2053,5.7907,76.1181,10.2321,93.7456,
402,0.1234,0.9552,2.4524,0.0515,0.0016,0.3851,0.0001,0.1074,0.4482,0.0002,1.1276,2.1316,0.2096,5.8865,76.0582,10.2879,93.8194,
403,0.1212,0.8467,2.6443,0.0531,0.0035,0.3982,0.0001,0.1099,0.464,0.0002,1.1386,2.1879,0.2143,6.0304,76.0916,10.2674,93.9568,
404,0.1223,0.8433,2.6667,0.0529,0.0047,0.3905,0.0001,0.11,0.4504,0.0002,1.1397,2.17,0.2115,6.0279,76.0663,10.2279,93.914,
405,0.1217,0.8659,2.3487,0.0545,0.0028,0.381,0.0001,0.1092,0.4514,0.0001,1.1288,2.1385,0.2086,5.6939,83.7253,10.364,101.37,
406,0.1219,0.8475,2.5788,0.0561,0.002,0.389,0.0002,0.1112,0.4506,0.0002,1.1461,2.1766,0.2139,5.952,87.9324,10.8968,106.371,
407,0.1407,0.8513,2.3938,0.0607,0.0029,0.3991,0.0001,0.1237,0.4567,0.0002,1.143,2.2081,0.2198,5.8287,85.498,10.3812,103.259,
408,0.0972,0.3142,2.2889,0.0562,0.0019,0.3666,0.0001,0.1109,0.4293,0.0002,1.127,2.1068,0.1919,5.0175,100.131,10.3088,116.935,
409,0.1217,0.8426,2.6506,0.0684,0.004,0.4026,0.0001,0.1154,0.4492,0.0003,1.1356,2.1956,0.2075,6.0318,80.9488,10.3049,98.8825,
410,0.1229,0.864,2.6243,0.057,0.0034,0.3911,0.0001,0.1157,0.4603,0.0003,1.1518,2.1994,0.2147,6.0373,76.9949,10.2162,94.8372,
411,0.1228,1.0174,2.4422,0.0527,0.0017,0.3969,0.0001,0.1154,0.4624,0.0003,1.156,2.2042,0.2124,6.0131,75.9516,10.2584,93.8064,
412,0.122,0.8431,2.6575,0.0586,0.0022,0.3805,0.0001,0.1237,0.4486,0.0002,1.1281,2.1612,0.2002,5.9967,75.9977,10.2554,93.8395,
413,0.1217,0.8795,2.463,0.053,0.0021,0.4039,0.0001,0.1222,0.4679,0.0003,1.1334,2.2043,0.2159,5.8984,75.9478,10.2766,93.709,
414,0.1228,0.8459,2.4482,0.0586,0.0034,0.4324,0.0001,0.1107,0.4479,0.0003,1.1349,2.2092,0.2144,5.8555,76.5567,10.1638,94.1703,
415,0.1272,0.8443,2.5373,0.0542,0.0046,0.3805,0.0001,0.1109,0.4553,0.0003,1.1424,2.169,0.2076,5.901,76.1581,10.2309,93.8605,
416,0.1358,0.3179,2.3116,0.0648,0.0023,0.3855,0.0001,0.1042,0.4523,0.0002,1.1317,2.1588,0.203,5.1454,85.4115,10.2395,102.536,
417,0.1239,0.8484,2.5375,0.0642,0.0017,0.3829,0.0001,0.111,0.4503,0.0002,1.1352,2.1601,0.21,5.8943,76.127,10.242,93.8644,
418,0.1226,0.9243,2.4262,0.06,0.0016,0.3779,0,0.1112,0.4456,0.0002,1.1375,2.1444,0.2119,5.8407,85.2754,10.364,103.08,
419,0.1237,0.8564,2.476,0.0521,0.0027,0.4446,0.0002,0.1091,0.4585,0.0001,1.1382,2.2154,0.2081,5.8931,91.3916,10.2823,109.259,
420,0.096,0.8528,2.6264,0.054,0.002,0.437,0.0001,0.1175,0.4507,0.0002,1.1376,2.2191,0.2095,6.0152,88.6416,15.4696,111.71,
421,0.1216,0.9158,2.4661,0.0653,0.0018,0.4006,0.0001,0.1126,0.4599,0.0002,1.1198,2.1701,0.2061,5.8942,76.1002,10.2017,93.7037,
422,0.1212,0.8371,2.369,0.0529,0.0015,0.3843,0.0001,0.111,0.4446,0.0001,1.1344,2.1431,0.2068,5.6884,75.9663,10.2909,93.5383,
423,0.0944,0.7779,2.4302,0.0529,0.0015,0.4194,0.0001,0.106,0.4589,0.0001,1.1434,2.191,0.2047,5.7085,76.2886,10.2222,93.8003,
424,0.1405,0.3143,2.2964,0.0586,0.0027,0.3768,0.0001,0.1175,0.4405,0.0003,1.1112,2.132,0.1954,5.0971,79.0612,10.2564,96.1516,
425,0.095,0.8422,2.3073,0.0526,0.0058,0.4458,0.0001,0.1195,0.4567,0.0003,1.1462,2.2493,0.2091,5.7186,76.0501,10.2135,93.5667,
426,0.1222,0.8894,2.2934,0.054,0.0019,0.3765,0,0.1207,0.4654,0.0001,1.1262,2.1556,0.2084,5.6828,76.081,10.2295,93.589,
427,0.1225,0.8551,2.6341,0.0546,0.0018,0.3714,0.0001,0.123,0.451,0.0002,1.1279,2.1405,0.2044,5.9863,76.0477,10.2785,93.9159,
428,0.1208,0.9201,2.3473,0.0568,0.0033,0.3863,0,0.1124,0.4513,0.0003,1.1547,2.1859,0.2105,5.8017,76.0604,10.3057,93.7587,
429,0.123,0.8427,2.656,0.0558,0.0039,0.443,0.0001,0.1197,0.4653,0.0002,1.1272,2.2324,0.206,6.0723,76.5619,10.2829,94.4989,
430,0.1227,0.9168,2.4104,0.07,0.0037,0.3937,0.0001,0.1106,0.4523,0.0002,1.1504,2.2014,0.2149,5.879,76.1724,10.229,93.8805,
431,0.1218,0.8464,2.5783,0.0645,0.0028,0.3917,0.0002,0.1158,0.4564,0.0003,1.1466,2.1968,0.213,5.9693,76.0278,10.2764,93.8693,
432,0.1261,0.3234,2.286,0.0598,0.0024,0.4253,0.0001,0.1026,0.4352,0.0002,1.1318,2.1765,0.1948,5.1219,89.9146,10.271,106.867,
433,0.1289,0.8542,2.4153,0.0662,0.008,0.4053,0.0001,0.1114,0.4568,0.0002,1.1426,2.2145,0.2179,5.8533,87.1396,10.2496,104.862,
434,0.1237,0.8778,2.4704,0.0599,0.0042,0.388,0.0001,0.1096,0.4537,0.0002,1.1293,2.164,0.2114,5.8596,79.04,10.2603,96.7446,
435,0.1257,0.7942,2.3009,0.0567,0.0057,0.4413,0.0001,0.1092,0.4513,0.0003,1.1374,2.2244,0.2162,5.6754,77.235,10.2734,94.774,
436,0.1233,0.8461,2.3791,0.056,0.0064,0.4013,0.0002,0.1097,0.4497,0.0002,1.134,2.1771,0.207,5.7444,76.204,10.2694,93.805,
437,0.1234,0.8517,2.5437,0.0523,0.0035,0.3865,0.0001,0.1111,0.4515,0.0002,1.1292,2.1541,0.2044,5.8918,76.0833,10.2338,93.7449,
438,0.122,0.8405,2.3793,0.054,0.0031,0.3879,0.0001,0.1124,0.4699,0.0002,1.1456,2.1938,0.211,5.7629,76.176,10.4297,93.9584,
439,0.1225,0.8521,2.3379,0.0534,0.0046,0.4272,0.0002,0.115,0.4552,0.0002,1.1429,2.218,0.2118,5.7577,76.1477,10.2257,93.7239,
440,0.1245,0.3743,2.2727,0.057,0.0017,0.364,0,0.1128,0.4766,0.0004,1.1356,2.1636,0.1934,5.1399,85.2686,10.1914,102.052,
441,0.1233,0.8423,2.4456,0.0637,0.0035,0.3942,0.0001,0.1165,0.4521,0.0002,1.1357,2.1862,0.2149,5.8281,75.9552,10.1796,93.5469,
442,0.1232,0.8433,2.5514,0.0546,0.0037,0.3859,0.0001,0.1238,0.4487,0.0002,1.1292,2.1648,0.2288,5.9259,82.9928,10.2541,100.802,
443,0.1234,0.8471,2.5534,0.0526,0.0035,0.3877,0.0001,0.1116,0.4552,0.0002,1.1327,2.1637,0.2073,5.9075,76.8377,10.2649,94.6124,
444,0.0977,0.8489,2.5196,0.0559,0.0038,0.3976,0.0001,0.1155,0.4637,0.0002,1.1357,2.1939,0.2024,5.8742,76.2555,10.2429,93.9251,
445,0.1229,0.8505,2.6024,0.0578,0.0017,0.4092,0.0001,0.112,0.4509,0.0002,1.1256,2.1682,0.2053,5.9569,80.6464,10.3289,98.5244,
446,0.1218,0.8545,2.3365,0.0567,0.0016,0.3755,0.0001,0.1088,0.456,0.0002,1.1585,2.1726,0.2144,5.7129,91.8697,15.0082,114.18,
447,0.1234,0.8918,2.2866,0.0535,0.0018,0.3911,0.0002,0.1102,0.4462,0.0002,1.1379,2.1555,0.2122,5.6829,91.4519,15.1482,113.892,
448,0.1449,0.3121,2.2838,0.0546,0.0024,0.3548,0.0001,0.1008,0.4647,0.0002,1.1394,2.138,0.1951,5.0932,87.7599,10.7786,105.292,
449,0.1245,0.8549,2.408,0.0533,0.0035,0.3947,0.0001,0.1138,0.4463,0.0003,1.1326,2.1646,0.2084,5.7763,78.0957,10.2743,95.7447,
450,0.1248,0.8614,2.739,0.0642,0.0057,0.4655,0.0002,0.1251,0.463,0.0002,1.1718,2.3226,0.2236,6.2907,78.1186,10.3057,96.4257,
451,0.1348,0.8622,2.6444,0.0555,0.0018,0.3825,0.0002,0.1073,0.4506,0.0004,1.1263,2.1453,0.2092,6.012,76.3353,10.2594,94.2968,
452,0.1253,0.8405,2.2944,0.0566,0.0034,0.3847,0.0001,0.113,0.4509,0.0002,1.139,2.1683,0.2108,5.652,81.0833,10.1922,98.5109,
453,0.1246,0.7931,2.4392,0.061,0.0023,0.3843,0.0001,0.1102,0.4484,0.0002,1.1293,2.1485,0.2122,5.7334,76.2837,10.2565,93.871,
454,0.123,0.9095,2.2604,0.0554,0.0028,0.4184,0.0001,0.1075,0.4394,0.0001,1.1244,2.1577,0.2063,5.6706,76.2671,10.1985,93.725,
455,0.123,0.8392,2.5656,0.0541,0.0016,0.3737,0.0001,0.1062,0.4475,0.0002,1.1462,2.1414,0.2088,5.8863,76.1374,10.2429,93.8551,
456,0.1436,0.3118,2.2898,0.0564,0.0021,0.4353,0.0001,0.1046,0.4441,0.0002,1.1294,2.1945,0.19,5.1479,79.1166,10.2245,96.1423,
457,0.1236,0.842,2.2677,0.0636,0.0018,0.3729,0,0.1142,0.4514,0.0002,1.1358,2.1535,0.2103,5.6107,75.9692,10.2885,93.417,
458,0.1227,0.8848,2.4386,0.0531,0.0049,0.3952,0.0001,0.11,0.4517,0.0002,1.1367,2.1717,0.2105,5.8442,82.8918,10.3911,100.717,
459,0.1222,0.9633,2.4609,0.0525,0.0038,0.3882,0.0001,0.1122,0.4446,0.0003,1.145,2.1698,0.2129,5.9407,98.913,11.9479,118.38,
460,0.1259,0.8455,2.5915,0.0669,0.0039,0.4491,0.0001,0.1149,0.4496,0.0002,1.1357,2.2412,0.2073,6.0245,91.6559,10.2366,109.491,
461,0.1228,0.8683,2.5895,0.0566,0.0036,0.3954,0.0001,0.1096,0.4462,0.0003,1.1317,2.1645,0.2167,5.9745,77.2754,10.2224,95.0606,
462,0.123,0.8464,2.4366,0.0567,0.0045,0.3791,0.0001,0.1171,0.4513,0.0003,1.1295,2.1573,0.2168,5.7935,77.4022,10.3015,95.0732,
463,0.122,0.9899,2.4516,0.0577,0.0039,0.3958,0.0001,0.1179,0.4552,0.0003,1.131,2.1831,0.204,5.9645,76.222,10.2132,93.982,
464,0.0989,0.2269,2.3158,0.0728,0.0024,0.3864,0.0001,0.1131,0.4427,0.0002,1.1257,2.1604,0.1951,5.0111,86.1683,10.2314,102.915,
465,0.1233,0.8457,2.5866,0.0581,0.0038,0.4341,0.0001,0.1123,0.4658,0.0003,1.1572,2.2535,0.2093,6.0323,76.6449,10.3178,94.5823,
466,0.1234,0.8452,2.5779,0.0533,0.004,0.3939,0.0001,0.1085,0.4642,0.0003,1.1269,2.173,0.2089,5.9424,76.3442,10.192,94.058,
467,0.1218,0.8654,2.4024,0.0554,0.0019,0.3886,0.0001,0.1196,0.4511,0.0003,1.1418,2.1784,0.2128,5.7972,76.2578,10.23,93.8839,
468,0.1223,0.8488,2.5999,0.0585,0.0038,0.3926,0.0001,0.1105,0.4615,0.0002,1.1363,2.1822,0.2125,5.9808,76.4377,10.2006,94.2363,
469,0.1213,0.8453,2.2686,0.0506,0.0016,0.4203,0.0001,0.1153,0.4447,0.0001,1.1312,2.1749,0.2027,5.6254,76.1947,10.2194,93.6655,
470,0.122,0.8487,2.5998,0.0524,0.0017,0.3742,0.0001,0.1074,0.455,0.0002,1.1301,2.1314,0.2052,5.92,76.4323,10.248,94.2219,
471,0.1219,0.8358,2.4561,0.0537,0.0017,0.4301,0.0001,0.1181,0.4471,0.0003,1.1331,2.2045,0.2105,5.8395,75.9886,10.2597,93.6551,
472,0.1265,0.3238,2.3128,0.0522,0.0023,0.4297,0.0001,0.0978,0.4367,0.0002,1.1282,2.1701,0.1957,5.149,93.1546,10.2454,110.084,
473,0.1227,0.8526,2.6399,0.0572,0.0041,0.3888,0.0001,0.114,0.451,0.0002,1.1516,2.1887,0.209,6.028,82.2949,16.3487,106.275,
474,0.1225,0.87,2.3353,0.0521,0.0031,0.4208,0.0001,0.1133,0.4492,0.0002,1.1412,2.1997,0.2069,5.7498,76.2239,10.2203,93.7079,
475,0.1228,0.8454,2.5689,0.0575,0.0033,0.3926,0.0002,0.1163,0.4532,0.0002,1.1302,2.1746,0.21,5.9346,77.469,10.3222,95.3153,
476,0.1234,0.8578,2.365,0.0586,0.0036,0.439,0.0001,0.1113,0.4644,0.0003,1.1254,2.2245,0.2112,5.7966,76.4386,10.216,94.0627,
477,0.1233,0.8512,2.5937,0.0525,0.0035,0.385,0.0001,0.1138,0.4543,0.0002,1.1363,2.1641,0.2058,5.9542,76.4002,10.2685,94.2267,
478,0.1225,0.8506,2.3657,0.0581,0.0038,0.3835,0.0001,0.1091,0.4426,0.0001,1.1417,2.157,0.2142,5.724,76.3406,10.2251,93.8779,
479,0.1229,1.0075,2.4805,0.0622,0.0037,0.4002,0.0001,0.1121,0.4668,0.0003,1.1291,2.1974,0.2009,6.0234,76.8927,10.2473,94.7526,
480,0.1277,0.3335,2.3179,0.0582,0.0025,0.4287,0.0002,0.1027,0.4482,0.0002,1.1435,2.207,0.1998,5.207,76.4801,10.2798,93.524,
481,0.1229,0.8437,2.3794,0.0598,0.0045,0.3973,0,0.1146,0.4462,0.0002,1.1407,2.1836,0.2074,5.7547,76.29,10.3034,93.9242,
482,0.1241,0.9712,2.4533,0.055,0.0019,0.4291,0.0001,0.1172,0.448,0.0002,1.1452,2.2178,0.2126,5.9919,76.2325,10.2348,94.0424,
483,0.126,0.8497,2.6495,0.0537,0.0034,0.4557,0.0001,0.1116,0.4507,0.0002,1.143,2.2387,0.2086,6.0881,76.2212,10.2407,94.147,
484,0.1224,0.8399,2.4328,0.0533,0.0035,0.4297,0.0002,0.1128,0.4619,0.0002,1.1464,2.2287,0.2125,5.8501,76.5735,10.2241,94.24,
485,0.1218,0.7901,2.4465,0.0551,0.0017,0.3827,0,0.1055,0.4517,0.0001,1.1474,2.1581,0.2091,5.7405,76.4466,10.1764,93.9514,
486,0.122,0.8557,2.2948,0.0538,0.0043,0.3869,0.0002,0.1121,0.4544,0.0002,1.1399,2.1703,0.2156,5.673,89.6849,14.2827,111.226,
487,0.1214,0.7966,2.4098,0.0531,0.0023,0.3859,0.0001,0.1054,0.4479,0.0002,1.137,2.1518,0.2072,5.7014,90.9078,11.4752,109.641,
488,0.1025,0.2909,2.3291,0.0586,0.0029,0.378,0.0002,0.1021,0.4431,0.0002,1.1419,2.1482,0.204,5.0934,95.2188,10.4319,112.255,
489,0.1227,0.8485,2.4089,0.0554,0.0024,0.3862,0.0001,0.1111,0.451,0.0004,1.1387,2.1655,0.2136,5.7763,78.4874,10.7311,96.5848,
490,0.1226,0.8605,2.6095,0.0558,0.0033,0.4347,0.0001,0.1101,0.4513,0.0003,1.1394,2.2183,0.2082,6.0311,76.2507,10.2119,94.0775,
491,0.1252,0.8455,2.2726,0.0509,0.0016,0.3938,0,0.1044,0.4413,0.0002,1.1327,2.1384,0.2045,5.6002,76.694,10.2681,94.1539,
492,0.1252,0.8992,2.4745,0.0522,0.0018,0.4414,0.0001,0.1219,0.4547,0.0003,1.13,2.2237,0.2259,5.9641,76.5473,10.3299,94.4498,
493,0.1217,0.9762,2.4299,0.0685,0.0019,0.385,0.0001,0.1201,0.4613,0.0002,1.1235,2.1798,0.2146,5.9343,76.7984,10.3155,94.6367,
494,0.1226,0.847,2.5138,0.0599,0.0042,0.3888,0.0001,0.1204,0.4484,0.0002,1.1272,2.171,0.2114,5.8789,76.2366,10.2426,93.9666,
495,0.1221,0.8459,2.3737,0.0634,0.0021,0.3917,0.0001,0.1152,0.4648,0.0002,1.1354,2.1891,0.2102,5.7538,76.6489,10.2361,94.2224,
496,0.1266,0.223,2.3242,0.0648,0.0026,0.4413,0.0001,0.1069,0.4384,0.0002,1.1261,2.1986,0.1987,5.0882,86.1385,10.212,102.937,
497,0.1235,0.8477,2.3026,0.0553,0.0022,0.3881,0.0001,0.1133,0.4507,0.0002,1.1462,2.173,0.2098,5.669,77.4498,10.2998,95.0102,
498,0.1363,0.8554,2.3574,0.0646,0.0027,0.4029,0.0001,0.123,0.4689,0.0002,1.1231,2.206,0.2043,5.7765,78.8949,13.9873,100.258,
499,0.1224,0.8492,2.5479,0.0555,0.0039,0.3886,0.0001,0.1199,0.4589,0.0002,1.12,2.1593,0.205,5.8958,87.8104,17.3827,112.747,
500,0.1213,0.8423,2.5999,0.0619,0.0024,0.3842,0.0001,0.1142,0.4528,0.0002,1.1448,2.1801,0.208,5.9696,85.7943,10.3694,103.688,
501,0.1217,0.7958,2.2943,0.0607,0.0019,0.3856,0.0002,0.1159,0.4494,0.0003,1.1333,2.168,0.2069,5.6022,85.7816,10.255,103.225,
502,0.123,0.8523,2.4268,0.0566,0.0034,0.4414,0.0001,0.1125,0.445,0.0002,1.1332,2.2136,0.2123,5.8401,76.6478,10.199,94.2698,
503,0.1227,1.0416,2.4152,0.051,0.0016,0.3908,0.0001,0.108,0.4578,0.0002,1.1294,2.1526,0.21,5.9569,76.3208,10.1812,94.0574,
504,0.1412,0.3173,2.3247,0.0577,0.0035,0.4018,0.0001,0.1077,0.4346,0.0002,1.1179,2.1448,0.1896,5.1379,86.2879,10.3093,103.466,
505,0.1241,0.8458,2.2817,0.0611,0.0023,0.3918,0.0001,0.1061,0.4655,0.0003,1.136,2.1828,0.2084,5.6565,76.4768,10.2943,93.9836,
506,0.1229,0.841,2.3334,0.0527,0.0018,0.4231,0,0.106,0.4587,0.0002,1.1279,2.1792,0.2138,5.6984,77.1212,10.2268,94.6376,
507,0.1234,0.9049,2.2733,0.0517,0.0019,0.3795,0.0001,0.1064,0.446,0.0002,1.131,2.1288,0.2081,5.6468,76.3718,10.2583,93.8638,
508,0.1237,0.8692,2.6134,0.0534,0.0017,0.3768,0.0001,0.1097,0.4492,0.0002,1.1347,2.1381,0.2045,5.957,76.4852,10.1954,94.2095,
509,0.0957,0.8382,2.4159,0.0526,0.0061,0.3685,0.0001,0.1182,0.4427,0.0002,1.1191,2.1155,0.2017,5.6755,76.2837,10.2455,93.797,
510,0.097,0.8612,2.4175,0.0593,0.0034,0.3894,0.0001,0.1156,0.4625,0.0002,1.1401,2.1916,0.2102,5.7914,76.3552,10.162,93.8837,
511,0.1225,1.026,2.44,0.064,0.0037,0.4286,0.0001,0.1268,0.4509,0.0003,1.1322,2.2273,0.2052,6.0356,76.5476,10.3157,94.4972,
512,0.144,0.3121,2.3538,0.0594,0.0021,0.4211,0.0001,0.1113,0.4405,0.0002,1.1332,2.1903,0.2069,5.2259,99.3426,10.2966,116.607,
513,0.1275,0.853,2.5669,0.0548,0.0022,0.391,0.0001,0.1164,0.4581,0.0002,1.1518,2.1931,0.2147,5.969,95.9954,10.2631,113.803,
514,0.1254,0.8685,2.4068,0.056,0.0023,0.3822,0.0001,0.1161,0.4486,0.0002,1.1324,2.1565,0.212,5.7842,76.479,10.3363,94.1843,
515,0.1215,1.0091,2.4362,0.056,0.0036,0.3829,0.0001,0.1132,0.456,0.0003,1.1772,2.2133,0.2068,5.998,76.7509,10.2902,94.6394,
516,0.0987,0.7881,2.5044,0.056,0.0017,0.4191,0.0001,0.1066,0.4458,0.0003,1.135,2.1755,0.2045,5.7806,76.2794,10.243,93.8864,
517,0.0961,0.8363,2.4409,0.0551,0.0035,0.3955,0.0001,0.1106,0.4503,0.0003,1.1538,2.1898,0.2127,5.7918,76.3187,10.2222,93.9412,
518,0.1222,0.841,2.2635,0.0559,0.0015,0.4223,0.0001,0.1154,0.4566,0.0002,1.1201,2.1897,0.2075,5.6411,76.4108,10.2823,93.9278,
519,0.1227,0.849,2.5725,0.0546,0.0023,0.385,0.0001,0.1138,0.4506,0.0003,1.1447,2.1727,0.2093,5.9414,76.7734,10.2878,94.5882,
