0,0.0872,0.3282,0.4074,0.2553,0.193,0.3163,0.7738,0.0003,0.0001,0.0864,0.4019,2.0149,2.1068,15.6851,2.1719,20.3567,
1,0.086,0.3586,0.4027,0.2613,0.2354,0.317,0.8225,0.0002,0.0002,0.0855,0.4163,2.1026,2.1921,13.6698,2.0312,18.3804,
2,0.0865,0.4161,0.3977,0.2612,0.19,0.3152,0.7718,0.0003,0.0002,0.0839,0.4021,2.0882,2.1787,17.2322,2.7466,22.644,
3,0.0834,0.3496,0.3663,0.2599,0.1707,0.312,0.7494,0.0002,0.0002,0.1006,0.4095,1.9859,2.0726,15.6322,3.7097,21.886,
4,0.082,0.5379,0.3837,0.2573,0.21,0.3145,0.7849,0.0001,0.0001,0.0783,0.4139,2.2061,2.2911,15.1888,2.0608,20.0078,
5,0.0827,0.5228,0.3734,0.2584,0.1621,0.3089,0.7325,0.0002,0.0001,0.0772,0.3998,2.1132,2.1987,15.2026,2.0399,19.9207,
6,0.0831,0.4044,0.3681,0.2606,0.1713,0.312,0.7471,0.0001,0.0002,0.0824,0.3962,2.0052,2.0909,15.3147,2.3569,20.2278,
7,0.082,0.4314,0.3543,0.2668,0.1925,0.3258,0.7881,0.0002,0.0001,0.0736,0.4087,2.0645,2.1494,18.2268,2.2289,23.106,
8,0.0862,0.2311,0.3739,0.2558,0.249,0.3148,0.8288,0.0002,0.0002,0.0894,0.4151,1.9471,2.038,18.8274,2.2336,23.553,
9,0.0828,0.5145,0.4098,0.2682,0.2429,0.3289,0.8499,0.0002,0.0001,0.0894,0.42,2.2988,2.3848,15.4669,2.2377,20.5875,
10,0.0831,0.4066,0.4077,0.2839,0.2501,0.3386,0.8844,0.0003,0.0002,0.0879,0.4291,2.2312,2.3176,18.0649,2.2777,23.1634,
11,0.0853,0.3462,0.3945,0.2893,0.2346,0.3354,0.8689,0.0003,0.0002,0.0893,0.4337,2.1453,2.2338,15.5764,2.2473,20.5646,
12,0.0826,0.353,0.3815,0.2875,0.3189,0.3564,0.9763,0.0003,0.0002,0.0993,0.4427,2.2721,2.3579,13.9106,2.2621,19.0285,
13,0.0868,0.4203,0.404,0.2921,0.1836,0.3492,0.8376,0.0002,0.0002,0.0853,0.4119,2.1744,2.2644,13.3211,2.2893,18.3711,
14,0.0873,0.3946,0.3821,0.2885,0.2106,0.3357,0.8386,0.0002,0.0002,0.0768,0.4057,2.1121,2.2025,13.564,2.2653,18.5384,
15,0.0833,0.3396,0.382,0.2795,0.2106,0.3272,0.822,0.0002,0.0002,0.0999,0.4047,2.0667,2.1534,13.5312,2.2714,18.456,
16,0.1031,0.318,0.4007,0.2872,0.2629,0.3493,0.9066,0.0002,0.0002,0.0988,0.4046,2.1489,2.2571,19.2762,2.2724,24.3126,
17,0.0832,0.5854,0.3938,0.2889,0.1873,0.3441,0.8284,0.0003,0.0002,0.0867,0.4057,2.3155,2.4022,13.6355,2.2688,18.8053,
18,0.0829,0.5248,0.3955,0.2824,0.2252,0.3397,0.8542,0.0002,0.0001,0.0816,0.4293,2.3014,2.3876,13.8927,2.2949,19.0797,
19,0.0893,0.4451,0.4442,0.2835,0.2658,0.3426,0.9028,0.0002,0.0002,0.0846,0.4061,2.2983,2.3909,14.1611,2.2616,19.3073,
20,0.0827,0.4001,0.3958,0.3035,0.2375,0.3573,0.9082,0.0002,0.0001,0.0857,0.4352,2.2437,2.3298,13.8678,2.2862,18.9877,
21,0.0837,0.4055,0.3938,0.3127,0.242,0.3672,0.9318,0.0003,0.0002,0.0868,0.4117,2.2444,2.3313,14.0087,2.2795,19.1183,
22,0.0813,0.4616,0.3843,0.3127,0.2318,0.3706,0.9241,0.0002,0.0002,0.083,0.4298,2.3012,2.3857,14.1947,2.3015,19.3767,
23,0.0826,0.4217,0.4006,0.2975,0.234,0.3556,0.8951,0.0002,0.0002,0.083,0.4139,2.2282,2.314,14.33,2.2759,19.4195,
24,0.0826,0.3299,0.3459,0.2844,0.2072,0.3395,0.8412,0.0002,0.0002,0.0826,0.4238,2.0413,2.1286,17.7873,2.3166,22.6855,
25,0.0842,0.4035,0.4055,0.3121,0.2339,0.3613,0.9177,0.0002,0.0002,0.0817,0.426,2.2474,2.3351,18.7625,2.3059,23.916,
26,0.0829,0.4574,0.3981,0.3132,0.196,0.3556,0.8735,0.0003,0.0002,0.0837,0.4095,2.2402,2.3264,14.5939,2.315,19.7284,
27,0.0826,0.4,0.3852,0.2969,0.2291,0.3566,0.8902,0.0003,0.0002,0.0931,0.4207,2.2056,2.2915,14.6128,2.319,19.7184,
28,0.0825,0.3924,0.394,0.3148,0.2443,0.3713,0.9386,0.0002,0.0001,0.0853,0.4244,2.2504,2.3362,14.9303,2.3679,20.1342,
29,0.0835,0.4044,0.3801,0.3075,0.2234,0.3627,0.8968,0.0002,0.0001,0.08,0.4211,2.1903,2.2769,14.9864,2.3365,20.097,
30,0.0822,0.4915,0.3569,0.3059,0.2202,0.3672,0.8961,0.0002,0.0001,0.0795,0.4201,2.2512,2.3361,15.0497,2.345,20.2282,
31,0.0821,0.3901,0.3719,0.3115,0.1716,0.3619,0.8484,0.0002,0.0002,0.0777,0.4223,2.1223,2.2081,15.0724,2.3701,20.1535,
32,0.0837,0.2228,0.4035,0.3086,0.2562,0.3563,0.9364,0.0003,0.0002,0.0845,0.4239,2.0874,2.1758,20.1539,2.3943,25.1752,
33,0.0855,0.4025,0.3879,0.305,0.2217,0.3618,0.8916,0.0002,0.0002,0.0767,0.4174,2.1853,2.2741,15.561,2.3824,20.7188,
34,0.0821,0.485,0.371,0.3159,0.22,0.3751,0.9158,0.0002,0.0001,0.0747,0.4247,2.2837,2.3686,15.5919,2.3877,20.8477,
35,0.0827,0.334,0.3943,0.3126,0.2584,0.3742,1.0051,0.0002,0.0001,0.088,0.4259,2.263,2.3488,15.7791,2.3963,21.0238,
36,0.0824,0.3986,0.3747,0.3149,0.2205,0.3695,0.908,0.0002,0.0001,0.0699,0.4183,2.1791,2.2645,16.0597,2.4207,21.2378,
37,0.083,0.3929,0.389,0.3165,0.1954,0.3785,0.8963,0.0003,0.0001,0.086,0.4415,2.2251,2.3117,16.0227,2.4727,21.3081,
38,0.0853,0.4636,0.3788,0.3148,0.2526,0.3754,0.9493,0.0002,0.0002,0.0868,0.4236,2.3177,2.4063,17.3136,2.485,22.7018,
39,0.0825,0.4061,0.3915,0.315,0.2357,0.3669,0.9277,0.0003,0.0002,0.0929,0.4357,2.2712,2.357,16.3716,2.4932,21.72,
40,0.087,0.2311,0.3969,0.3138,0.2617,0.3787,0.9656,0.0003,0.0001,0.0839,0.4287,2.1223,2.2142,19.9225,2.5191,25.1282,
41,0.0854,0.4057,0.4046,0.3186,0.2376,0.382,0.9447,0.0003,0.0001,0.0889,0.4425,2.3027,2.3917,17.9349,2.529,23.3673,
42,0.0826,0.3987,0.3997,0.3277,0.2366,0.3741,0.9434,0.0002,0.0001,0.0868,0.439,2.2835,2.3694,16.9207,2.5412,22.3282,
43,0.0825,0.426,0.3988,0.3321,0.2311,0.3768,0.9497,0.0003,0.0001,0.0884,0.4324,2.3106,2.3964,17.2153,2.5663,22.6721,
44,0.0816,0.4053,0.3795,0.3147,0.2333,0.3698,0.9273,0.0003,0.0001,0.085,0.4603,2.2715,2.3562,17.3272,2.5718,22.7501,
45,0.0813,0.3862,0.3866,0.3247,0.2357,0.3828,0.9518,0.0003,0.0002,0.0836,0.4216,2.2446,2.329,17.5421,2.5797,22.9465,
46,0.0828,0.4227,0.392,0.3287,0.2742,0.3904,1.005,0.0003,0.0002,0.0919,0.4317,2.363,2.4492,17.7515,2.5703,23.2661,
47,0.0827,0.3913,0.3892,0.325,0.2351,0.3735,0.9419,0.0003,0.0001,0.0833,0.4491,2.2736,2.3596,17.9455,2.5674,23.3661,
48,0.0847,0.3711,0.4118,0.2995,0.2104,0.3677,0.884,0.0002,0.0002,0.0864,0.4361,2.2035,2.293,20.7403,2.592,26.0945,
49,0.0828,0.4042,0.3815,0.3224,0.2219,0.383,0.9306,0.0001,0.0002,0.0773,0.4315,2.2343,2.3202,19.8517,2.6019,25.27,
50,0.0828,0.401,0.4028,0.3301,0.2344,0.3831,0.9549,0.0002,0.0002,0.086,0.4525,2.3133,2.3997,18.4857,2.5886,23.9626,
51,0.0826,0.5514,0.3995,0.3282,0.2393,0.3876,0.9653,0.0003,0.0002,0.0874,0.4466,2.4645,2.5509,18.6437,2.5761,24.2585,
52,0.0827,0.3904,0.3842,0.3262,0.2385,0.3766,0.9496,0.0002,0.0002,0.0811,0.4569,2.278,2.364,18.7019,2.594,24.1477,
53,0.0824,0.3918,0.4041,0.3308,0.2402,0.3857,0.9653,0.0003,0.0001,0.0868,0.446,2.3146,2.4005,19.1453,2.6009,24.6351,
54,0.0828,0.3902,0.3722,0.3187,0.2152,0.381,0.9179,0.0001,0.0001,0.0774,0.4443,2.2123,2.2981,19.6234,2.6053,25.0084,
55,0.083,0.4046,0.4043,0.3204,0.2234,0.3866,0.9395,0.0003,0.0002,0.0841,0.4529,2.304,2.3902,19.4,2.6187,24.9004,
56,0.0931,0.3241,0.4136,0.3167,0.2509,0.3732,0.9475,0.0003,0.0002,0.0739,0.4521,2.2271,2.325,23.6501,2.6437,29.0521,
57,0.0822,0.413,0.3842,0.3269,0.2445,0.3953,0.9727,0.0003,0.0002,0.0869,0.4529,2.3304,2.4159,19.8432,2.6603,25.3982,
58,0.0827,0.4192,0.4261,0.3325,0.2431,0.4062,0.9936,0.0039,0.0002,0.0961,0.4584,2.417,2.5032,20.4197,2.6758,26.095,
59,0.0809,0.3972,0.3906,0.3255,0.2397,0.3815,0.9542,0.0002,0.0001,0.0853,0.4436,2.2868,2.3709,19.9106,2.6991,25.46,
60,0.0817,0.5066,0.3983,0.3298,0.2425,0.3907,0.9716,0.0002,0.0001,0.0852,0.4401,2.4193,2.5044,20.2194,2.7087,25.9099,
61,0.0815,0.3999,0.3833,0.343,0.2281,0.3974,0.9775,0.0003,0.0002,0.0863,0.4589,2.3216,2.4062,20.3729,2.7367,25.989,
62,0.0827,0.3827,0.413,0.3292,0.2456,0.3849,0.9686,0.0002,0.0002,0.0836,0.4598,2.3228,2.4087,25.0551,5.0132,32.9516,
63,0.0828,0.3997,0.3971,0.3254,0.2387,0.388,0.9634,0.0002,0.0002,0.0897,0.4535,2.3179,2.404,23.6401,5.0186,31.5328,
64,0.0858,0.321,0.3871,0.3249,0.2546,0.3873,0.978,0.0003,0.0002,0.0851,0.4508,2.2398,2.3303,29.5124,5.073,37.3496,
65,0.0808,0.4138,0.4058,0.3282,0.2366,0.3908,0.9645,0.0002,0.0001,0.088,0.4534,2.3426,2.4268,24.1634,5.0069,32.0686,
66,0.0828,0.4006,0.4018,0.3313,0.2373,0.3873,0.9634,0.0003,0.0001,0.0795,0.4526,2.3148,2.4006,23.6357,5.053,31.5679,
67,0.0818,0.434,0.3829,0.3207,0.2169,0.3834,0.9247,0.0002,0.0002,0.0792,0.455,2.2889,2.3739,23.3977,2.8023,29.0484,
68,0.0822,0.4242,0.412,0.3253,0.2255,0.3991,0.9592,0.0002,0.0002,0.0861,0.4775,2.3729,2.4584,23.139,2.8194,28.8887,
69,0.0817,0.405,0.3921,0.3302,0.2368,0.3906,0.9658,0.0003,0.0002,0.0877,0.4659,2.3359,2.4212,22.8258,2.8104,28.5182,
70,0.0808,0.3976,0.3867,0.3237,0.2187,0.3843,0.93,0.0002,0.0003,0.0945,0.4518,2.3087,2.3926,21.9394,2.8251,27.6347,
71,0.0824,0.4591,0.3811,0.3275,0.2125,0.3958,0.9387,0.0001,0.0001,0.0852,0.4655,2.3388,2.4241,23.8848,2.8255,29.6026,
72,0.085,0.2145,0.3743,0.3304,0.2412,0.3886,0.9699,0.0003,0.0002,0.0866,0.4621,2.1273,2.217,30.3328,5.1454,38.1303,
73,0.0809,0.4415,0.4001,0.3292,0.2429,0.3903,0.9706,0.0002,0.0001,0.0881,0.4636,2.3802,2.4655,23.9137,2.8162,29.6731,
74,0.083,0.399,0.3916,0.3324,0.2172,0.3902,0.9435,0.0002,0.0001,0.0776,0.4602,2.2842,2.3705,24.9987,2.8187,30.6645,
75,0.0828,0.4045,0.4059,0.3296,0.2414,0.3951,0.9746,0.0002,0.0002,0.0942,0.4633,2.3635,2.4499,22.9487,2.8287,28.6996,
76,0.0826,0.4239,0.4053,0.3294,0.2372,0.3922,0.9665,0.0002,0.0002,0.0853,0.461,2.3539,2.4396,22.4538,2.8186,28.19,
77,0.0829,0.5386,0.3972,0.3347,0.2417,0.3991,0.985,0.0003,0.0001,0.0855,0.4676,2.4947,2.581,20.7617,2.9448,26.7646,
78,0.0827,0.3948,0.3796,0.3273,0.2162,0.3911,0.9377,0.0002,0.0001,0.0797,0.4462,2.2458,2.3315,20.7524,2.8078,26.3641,
79,0.0825,0.396,0.344,0.323,0.2237,0.3883,0.938,0.0002,0.0001,0.0756,0.4387,2.1993,2.2845,20.8449,2.8201,26.4251,
80,0.1034,0.2192,0.4087,0.3183,0.2573,0.3873,0.9715,0.0003,0.0001,0.0766,0.4658,2.1585,2.2682,25.1361,2.809,30.6546,
81,0.0818,0.4002,0.3798,0.3298,0.2454,0.3939,0.9721,0.0001,0.0002,0.0777,0.4607,2.2997,2.3848,20.7828,2.8116,26.4552,
82,0.082,0.3956,0.3694,0.3303,0.2231,0.3965,0.9529,0.0001,0.0001,0.0793,0.4682,2.2725,2.3572,20.7289,2.8173,26.3788,
83,0.0828,0.3895,0.3565,0.3318,0.2084,0.4012,0.9444,0.0001,0.0001,0.0773,0.4581,2.2322,2.3177,20.8105,2.8138,26.4114,
84,0.0829,0.3977,0.3782,0.3328,0.2302,0.3971,0.9675,0.0002,0.0002,0.0735,0.4612,2.2867,2.3725,20.9697,2.8266,26.6457,
85,0.0829,0.4026,0.3905,0.3325,0.2175,0.3951,0.949,0.0002,0.0001,0.0763,0.4525,2.2865,2.3728,22.0603,2.834,27.7482,
86,0.0828,0.5307,0.3862,0.332,0.2211,0.4004,0.957,0.0002,0.0002,0.0782,0.4667,2.4284,2.5145,20.8608,2.8346,26.6906,
87,0.083,0.4671,0.3829,0.3363,0.2292,0.4012,0.9706,0.0002,0.0002,0.0867,0.4621,2.382,2.468,20.8791,2.8414,26.6651,
88,0.0889,0.3181,0.391,0.3208,0.2502,0.3929,0.9706,0.0003,0.0001,0.0817,0.4658,2.2443,2.3385,24.2012,2.8293,29.8102,
89,0.0827,0.3932,0.3932,0.3415,0.2541,0.4106,1.0144,0.0002,0.0001,0.0861,0.4632,2.3652,2.452,22.1902,2.8266,27.9537,
90,0.0811,0.4139,0.395,0.3326,0.2132,0.4013,0.9505,0.0002,0.0001,0.0769,0.45,2.2989,2.3831,20.9853,2.8466,26.698,
91,0.0834,0.3956,0.3753,0.3273,0.2181,0.4059,0.955,0.0002,0.0001,0.0853,0.4685,2.2934,2.3805,21.0119,2.8647,26.7361,
92,0.0825,0.3948,0.3867,0.3341,0.2206,0.4088,0.9677,0.0003,0.0002,0.0684,0.4816,2.3122,2.3979,21.0131,2.848,26.7302,
93,0.0828,0.3895,0.3552,0.3314,0.2193,0.402,0.9558,0.0002,0.0002,0.0682,0.4604,2.2408,2.3271,21.0715,2.8372,26.7161,
94,0.0826,0.4272,0.3951,0.3406,0.2398,0.4027,0.9921,0.0003,0.0002,0.0868,0.4768,2.3946,2.4805,21.1001,2.8452,26.8955,
95,0.0828,0.4565,0.3931,0.3418,0.2408,0.4115,1.0056,0.0003,0.0001,0.0838,0.46,2.4153,2.5014,21.0781,2.862,26.9173,
96,0.0922,0.3279,0.3997,0.3314,0.2477,0.4058,0.9945,0.0003,0.0001,0.0779,0.4631,2.2807,2.379,24.2313,2.9037,29.9752,
97,0.0818,0.4092,0.4017,0.348,0.232,0.4183,1.0054,0.0002,0.0002,0.0838,0.461,2.3797,2.4651,22.7329,2.8518,28.5178,
98,0.0828,0.383,0.4008,0.3463,0.2312,0.4211,1.0039,0.0002,0.0002,0.0874,0.4779,2.3698,2.4558,21.1435,2.8559,26.9305,
99,0.0826,0.3929,0.4011,0.3454,0.2394,0.406,0.9993,0.0002,0.0001,0.0952,0.4838,2.3887,2.4743,21.1584,2.8636,26.9755,
100,0.083,0.4608,0.3948,0.3421,0.2156,0.4144,0.9757,0.0002,0.0002,0.0804,0.4705,2.3966,2.4832,21.3085,2.887,27.1539,
101,0.0831,0.3963,0.4534,0.3465,0.2297,0.4127,0.9985,0.0003,0.0002,0.0932,0.4682,2.4263,2.5127,21.1489,2.866,27.0062,
102,0.0826,0.3996,0.3979,0.3389,0.2315,0.4125,0.9922,0.0002,0.0002,0.0864,0.4617,2.3522,2.4381,21.1621,2.8717,26.9495,
103,0.0832,0.4013,0.3929,0.3378,0.2249,0.4107,0.9778,0.0002,0.0002,0.0889,0.464,2.3409,2.4275,21.2557,2.8717,27.0261,
104,0.0872,0.2229,0.4029,0.3329,0.2493,0.4049,0.9946,0.0002,0.0001,0.0829,0.4717,2.1954,2.2892,26.5387,2.8656,32.1577,
105,0.0824,0.4115,0.4049,0.3524,0.2348,0.4181,1.0149,0.0003,0.0002,0.0868,0.4761,2.4281,2.5139,21.1676,2.8656,27.0225,
106,0.0821,0.3965,0.3925,0.3558,0.2417,0.4163,1.0248,0.0003,0.0002,0.0863,0.469,2.3856,2.4711,21.1628,2.8718,26.9825,
107,0.0824,0.4233,0.3923,0.3428,0.2408,0.4201,1.0127,0.0004,0.0001,0.0846,0.4667,2.3936,2.4792,21.2447,2.8968,27.0988,
108,0.0828,0.401,0.405,0.3439,0.2411,0.4153,1.0109,0.0003,0.0002,0.085,0.4716,2.3894,2.4755,22.6135,2.8662,28.4328,
109,0.0825,0.4013,0.3906,0.3479,0.2201,0.4131,0.9848,0.0002,0.0001,0.0797,0.465,2.3373,2.4234,30.79,5.2016,38.8933,
110,0.0827,0.4477,0.3777,0.3449,0.2124,0.427,0.9876,0.0002,0.0001,0.0851,0.4562,2.3644,2.4502,25.085,5.1854,33.1944,
111,0.0826,0.3979,0.3729,0.3499,0.2246,0.4186,0.9964,0.0002,0.0002,0.0863,0.4805,2.3466,2.4322,25.1014,5.2641,33.2721,
112,0.0988,0.3356,0.4075,0.3469,0.2035,0.411,0.97,0.0003,0.0002,0.0863,0.4672,2.2855,2.3893,30.0663,2.8997,35.8335,
113,0.0837,0.4047,0.3953,0.3527,0.2249,0.4167,0.9984,0.0002,0.0002,0.0866,0.4611,2.364,2.4515,26.7307,2.895,32.5704,
114,0.0825,0.4008,0.4106,0.3529,0.2461,0.4222,1.0363,0.0003,0.0002,0.0988,0.4553,2.4136,2.4993,31.1939,2.8653,37.0405,
115,0.0828,0.4224,0.4026,0.3495,0.2388,0.4202,1.0191,0.0002,0.0001,0.0857,0.4695,2.4157,2.5019,21.8108,2.8815,27.6696,
116,0.0835,0.3493,0.3987,0.3486,0.1798,0.4254,0.9615,0.0003,0.0002,0.0832,0.4704,2.28,2.3667,21.2424,2.8599,26.9463,
117,0.083,0.3939,0.4045,0.3496,0.2369,0.4167,1.0106,0.0002,0.0002,0.0832,0.4545,2.366,2.4524,21.2583,2.876,27.0641,
118,0.0806,0.3918,0.3929,0.3481,0.1788,0.4184,0.9542,0.0002,0.0001,0.087,0.4724,2.3121,2.3958,21.3896,2.875,27.1356,
119,0.0826,0.4267,0.4025,0.3496,0.2319,0.4221,1.0104,0.0002,0.0002,0.084,0.4884,2.4282,2.5143,21.2863,2.8718,27.1479,
120,0.0866,0.3288,0.4025,0.3264,0.2273,0.4208,0.9805,0.0002,0.0002,0.075,0.4583,2.2641,2.3555,26.813,2.8731,32.4947,
121,0.0825,0.4247,0.389,0.3525,0.2225,0.4334,1.0114,0.0002,0.0002,0.0884,0.4857,2.4083,2.4939,22.0685,2.8862,27.9254,
122,0.0833,0.4694,0.4136,0.3649,0.2317,0.4245,1.03,0.0002,0.0001,0.0866,0.4697,2.4915,2.5782,21.3656,2.92,27.3446,
123,0.0819,0.4011,0.3934,0.3636,0.2255,0.4287,1.0229,0.0002,0.0001,0.0865,0.4579,2.3754,2.4606,21.325,2.8889,27.1521,
124,0.0829,0.3873,0.4019,0.3545,0.2311,0.4298,1.0208,0.0003,0.0002,0.0878,0.496,2.4148,2.5013,21.398,2.8752,27.2537,
125,0.0831,0.3921,0.3757,0.3537,0.2154,0.4238,0.997,0.0002,0.0002,0.0885,0.4545,2.3208,2.4071,21.315,2.897,27.0979,
126,0.0826,0.5006,0.3828,0.3533,0.2167,0.4213,0.9954,0.0002,0.0002,0.0789,0.4724,2.4436,2.5293,21.3316,2.886,27.2187,
127,0.0826,0.4435,0.3812,0.3642,0.2336,0.4364,1.0446,0.0002,0.0002,0.0847,0.461,2.4314,2.517,21.4445,2.8894,27.3281,
128,0.0866,0.3349,0.3822,0.352,0.2498,0.4217,1.034,0.0003,0.0002,0.0763,0.4807,2.3242,2.4156,25.5491,2.8768,31.2663,
129,0.0848,0.3929,0.4186,0.3635,0.2477,0.4347,1.0578,0.0003,0.0002,0.0879,0.4624,2.4342,2.5226,21.4639,2.8962,27.3902,
130,0.086,0.4081,0.4033,0.3582,0.2337,0.4345,1.0341,0.0002,0.0002,0.087,0.4616,2.4097,2.4991,21.5603,2.9386,27.4906,
131,0.0831,0.3996,0.4137,0.3599,0.2242,0.4305,1.0243,0.0003,0.0002,0.0845,0.4698,2.4067,2.493,21.4137,2.8979,27.2854,
132,0.083,0.3997,0.3933,0.3614,0.2301,0.4335,1.035,0.0002,0.0002,0.086,0.4712,2.411,2.4974,21.3901,2.8795,27.2434,
133,0.0832,0.4013,0.3939,0.3563,0.2338,0.4323,1.0268,0.0002,0.0002,0.0896,0.4673,2.3956,2.4819,21.4848,2.8948,27.3386,
134,0.0813,0.3888,0.3998,0.3647,0.2339,0.4318,1.0411,0.0003,0.0002,0.0837,0.4597,2.3891,2.4737,21.4117,2.8849,27.2482,
135,0.0871,0.3959,0.3837,0.3679,0.2301,0.4313,1.0362,0.0002,0.0001,0.1022,0.4647,2.4008,2.4913,21.4121,2.8895,27.2733,
136,0.0823,0.3147,0.3926,0.3531,0.2198,0.4202,0.9962,0.0003,0.0002,0.0785,0.4639,2.259,2.3462,24.422,2.8795,30.0762,
137,0.083,0.3985,0.3819,0.3728,0.2058,0.4451,1.0386,0.0003,0.0001,0.0884,0.4668,2.3872,2.4736,23.1142,2.898,28.9638,
138,0.083,0.4079,0.4121,0.3672,0.2308,0.4318,1.0387,0.0003,0.0002,0.0847,0.4558,2.4133,2.4997,21.2649,2.9024,27.1476,
139,0.083,0.5021,0.4171,0.3634,0.236,0.4334,1.0414,0.0003,0.0001,0.0846,0.4632,2.525,2.6113,21.4502,2.9079,27.4517,
140,0.083,0.4026,0.4051,0.3697,0.2305,0.441,1.05,0.0003,0.0002,0.0962,0.4919,2.5089,2.5956,21.3445,2.8747,27.2902,
141,0.0829,0.3937,0.3926,0.3641,0.1667,0.4317,0.9656,0.0002,0.0001,0.0788,0.4471,2.2868,2.3728,21.6384,2.8924,27.3807,
142,0.0828,0.4005,0.4019,0.3657,0.2359,0.4344,1.0481,0.0003,0.0002,0.0845,0.4728,2.4251,2.5112,21.4539,2.8967,27.3409,
143,0.0825,0.3833,0.3895,0.3696,0.2128,0.4354,1.0212,0.0002,0.0002,0.0867,0.4524,2.3441,2.4296,21.4786,2.8875,27.2707,
144,0.0829,0.2351,0.4189,0.357,0.2379,0.4421,1.0469,0.0003,0.0002,0.0852,0.4635,2.2657,2.3534,28.2296,2.9246,33.942,
145,0.083,0.4047,0.4049,0.3656,0.2308,0.4385,1.0404,0.0002,0.0002,0.0897,0.4526,2.4126,2.4988,23.3381,2.8955,29.2122,
146,0.0836,0.3975,0.3896,0.3646,0.19,0.436,0.9951,0.0002,0.0002,0.0804,0.4522,2.3311,2.4182,21.4258,2.8906,27.2147,
147,0.0831,0.3892,0.3906,0.3596,0.1752,0.4332,0.9719,0.0002,0.0002,0.0916,0.4664,2.3208,2.407,22.0047,2.9036,27.7936,
148,0.0829,0.3973,0.393,0.3734,0.178,0.4322,0.9874,0.0001,0.0001,0.0814,0.473,2.3468,2.4332,22.0341,2.8988,27.8452,
149,0.0831,0.479,0.3967,0.3655,0.2358,0.4371,1.0464,0.0002,0.0001,0.0856,0.463,2.4876,2.574,21.4305,2.8752,27.3581,
150,0.0819,0.3894,0.391,0.359,0.2465,0.4373,1.0512,0.0002,0.0002,0.0876,0.4815,2.4179,2.5031,21.427,2.9131,27.3225,
151,0.0824,0.3975,0.3857,0.3662,0.1732,0.439,0.9821,0.0002,0.0001,0.0821,0.4714,2.3369,2.4228,21.478,2.8841,27.2633,
152,0.0879,0.317,0.3949,0.3838,0.2454,0.4236,1.0609,0.0002,0.0002,0.0861,0.4918,2.3701,2.4629,26.0573,2.8911,31.8541,
153,0.0828,0.3885,0.3868,0.3702,0.2294,0.4374,1.0402,0.0002,0.0001,0.0878,0.4608,2.3751,2.4613,21.5859,2.9247,27.4534,
154,0.0833,0.4278,0.4348,0.389,0.1998,0.4406,1.04,0.0002,0.0002,0.0835,0.4731,2.4827,2.5698,21.4568,2.9289,27.4312,
155,0.0825,0.399,0.4011,0.3761,0.1915,0.4393,1.0172,0.0003,0.0002,0.0942,0.4645,2.3905,2.4764,28.321,4.9809,36.2643,
156,0.0827,0.4283,0.4051,0.3675,0.24,0.4382,1.0545,0.0003,0.0002,0.0866,0.4706,2.4631,2.5494,27.4021,2.9127,33.3378,
157,0.0832,0.4001,0.3983,0.3657,0.2354,0.4415,1.0514,0.0002,0.0002,0.0833,0.4795,2.4286,2.5151,25.3864,5.0733,33.4738,
158,0.0824,0.4009,0.3939,0.3658,0.2399,0.442,1.0518,0.0002,0.0002,0.0719,0.4704,2.4038,2.4899,30.3801,2.9247,36.2766,
159,0.0836,0.4064,0.4005,0.3756,0.1904,0.4417,1.0129,0.0002,0.0002,0.0923,0.4668,2.3983,2.4853,25.221,2.9356,31.1259,
160,0.0827,0.317,0.3893,0.3705,0.2468,0.4315,1.0573,0.0002,0.0001,0.098,0.4713,2.3484,2.4364,24.5441,2.8914,30.3465,
161,0.0859,0.4164,0.4321,0.382,0.2502,0.4523,1.0926,0.0002,0.0002,0.0901,0.4741,2.5223,2.6116,28.4774,2.9234,34.4998,
162,0.0832,0.4105,0.3914,0.3808,0.182,0.4374,1.0085,0.0002,0.0002,0.0875,0.4658,2.3792,2.4658,21.4568,2.8856,27.2915,
163,0.0822,0.403,0.3779,0.3771,0.17,0.4508,1.0059,0.0003,0.0001,0.0849,0.4662,2.3601,2.4455,21.3471,2.8928,27.162,
164,0.082,0.5662,0.4036,0.3757,0.1992,0.4563,1.0392,0.0002,0.0002,0.0865,0.4669,2.5796,2.6648,21.5475,2.9106,27.599,
165,0.0828,0.3957,0.3778,0.3778,0.2265,0.4571,1.0723,0.0003,0.0002,0.088,0.4677,2.4139,2.5,21.4066,2.8897,27.2777,
166,0.0831,0.4429,0.3939,0.3762,0.1753,0.4486,1.0044,0.0002,0.0001,0.0795,0.4667,2.4024,2.4887,21.4715,2.9067,27.3521,
167,0.0832,0.398,0.4146,0.3812,0.1816,0.4561,1.0272,0.0002,0.0002,0.0871,0.4539,2.3994,2.486,21.459,2.8899,27.3124,
168,0.0856,0.3235,0.3628,0.3796,0.2339,0.4346,1.0558,0.0003,0.0001,0.087,0.4666,2.3158,2.4063,27.7835,2.9031,33.5464,
169,0.0829,0.4056,0.4088,0.37,0.2244,0.4431,1.0438,0.0002,0.0001,0.0858,0.4858,2.4483,2.5345,22.0209,2.9266,27.9597,
170,0.0833,0.5064,0.3966,0.386,0.2302,0.4546,1.0798,0.0003,0.0002,0.0861,0.4768,2.5612,2.6477,21.4687,2.8972,27.4933,
171,0.0832,0.4017,0.3912,0.3778,0.1839,0.4489,1.0207,0.0003,0.0002,0.0929,0.4776,2.3995,2.4859,21.5242,2.8889,27.3805,
172,0.0828,0.446,0.401,0.3786,0.232,0.4519,1.0709,0.0002,0.0002,0.079,0.4644,2.4796,2.5657,21.6647,2.8992,27.6133,
173,0.083,0.3978,0.3883,0.3783,0.1947,0.4519,1.0336,0.0003,0.0002,0.0849,0.4698,2.3902,2.4762,21.4013,2.8905,27.2498,
174,0.083,0.3988,0.4026,0.3882,0.1759,0.4484,1.017,0.0002,0.0002,0.0792,0.4734,2.3903,2.4766,21.455,2.9049,27.3166,
175,0.0828,0.4083,0.3958,0.3818,0.2206,0.4484,1.0759,0.0003,0.0002,0.0815,0.4648,2.4404,2.5265,21.4207,2.9006,27.3282,
176,0.0866,0.2341,0.3889,0.3714,0.2489,0.4454,1.0742,0.0002,0.0002,0.0873,0.4696,2.2732,2.3647,27.7092,2.9048,33.4194,
177,0.0822,0.399,0.3914,0.3828,0.1788,0.4455,1.0116,0.0002,0.0001,0.0781,0.4615,2.3579,2.4434,21.9392,2.8988,27.7601,
178,0.083,0.417,0.4088,0.3922,0.1804,0.4487,1.0325,0.0003,0.0002,0.0859,0.4678,2.4292,2.5158,21.8068,2.9163,27.7171,
179,0.0829,0.4143,0.3753,0.3808,0.2286,0.4452,1.0583,0.0002,0.0001,0.0775,0.4774,2.4164,2.5028,21.5175,2.903,27.3967,
180,0.0826,0.3959,0.3953,0.3741,0.2365,0.4488,1.0634,0.0002,0.0001,0.0819,0.4611,2.4134,2.4995,21.5396,2.9106,27.4297,
181,0.0828,0.3986,0.3792,0.3728,0.2231,0.4504,1.0494,0.0002,0.0002,0.0789,0.4589,2.3729,2.4589,21.5257,2.91,27.3727,
182,0.0807,0.3884,0.3631,0.3669,0.166,0.4414,0.9774,0.0002,0.0001,0.0793,0.4631,2.2784,2.3619,21.5661,2.9084,27.3105,
183,0.0829,0.4602,0.3625,0.3721,0.2213,0.4454,1.0418,0.0002,0.0001,0.0886,0.459,2.4191,2.5047,21.5743,3.4471,28.0017,
184,0.0872,0.3124,0.389,0.3736,0.2113,0.4722,1.0697,0.0003,0.0002,0.0869,0.4685,2.3452,2.4373,31.2924,2.9281,37.0949,
185,0.0825,0.4057,0.3995,0.3778,0.2463,0.4517,1.0862,0.0003,0.0002,0.0915,0.4584,2.4524,2.5384,21.5204,2.9041,27.4497,
186,0.0826,0.4066,0.3909,0.3861,0.241,0.4488,1.0854,0.0004,0.0001,0.0846,0.4636,2.4465,2.5324,21.4938,2.9301,27.437,
187,0.0827,0.4047,0.4005,0.3813,0.1953,0.4589,1.0448,0.0003,0.0001,0.0875,0.4713,2.4247,2.5106,21.5496,2.901,27.4412,
188,0.0825,0.462,0.3886,0.3791,0.1964,0.4585,1.0437,0.0002,0.0002,0.0877,0.4766,2.4731,2.5586,21.5859,2.9688,27.5966,
189,0.0825,0.3503,0.4126,0.3795,0.1821,0.4527,1.022,0.0002,0.0002,0.0858,0.4634,2.3506,2.4363,21.4844,2.9045,27.3035,
190,0.0827,0.4135,0.3912,0.378,0.1816,0.454,1.0219,0.0002,0.0002,0.0861,0.4677,2.3967,2.4828,21.5755,2.9191,27.4528,
191,0.0827,0.3961,0.3982,0.3936,0.2036,0.457,1.0647,0.0003,0.0002,0.0942,0.4591,2.4264,2.5121,21.5042,2.8993,27.3929,
192,0.0872,0.3257,0.4112,0.3843,0.2529,0.4493,1.0975,0.0004,0.0001,0.0916,0.4659,2.4109,2.5026,26.0592,2.9029,31.911,
193,0.0825,0.4047,0.4119,0.3869,0.1872,0.457,1.0399,0.0002,0.0002,0.0824,0.4749,2.4302,2.5159,21.8061,2.9568,27.7553,
194,0.0822,0.3507,0.4015,0.3896,0.1838,0.4623,1.0451,0.0002,0.0002,0.088,0.4752,2.3732,2.4586,21.636,2.9309,27.5129,
195,0.082,0.4689,0.3876,0.3881,0.186,0.4531,1.0358,0.0003,0.0001,0.0894,0.4672,2.4668,2.5521,21.4824,2.9192,27.4375,
196,0.0828,0.3993,0.39,0.3807,0.1897,0.4501,1.0244,0.0002,0.0002,0.0798,0.4657,2.3728,2.459,21.4981,2.9112,27.3444,
197,0.0831,0.4392,0.3628,0.389,0.167,0.4578,1.017,0.0002,0.0001,0.0783,0.4688,2.3788,2.4655,21.42,2.8988,27.2653,
198,0.0831,0.4024,0.3962,0.3889,0.2001,0.4596,1.0548,0.0002,0.0001,0.0825,0.4488,2.4009,2.4873,21.5191,2.9089,27.3965,
199,0.0838,0.3985,0.3876,0.3911,0.1871,0.4739,1.0614,0.0003,0.0002,0.0859,0.4722,2.4196,2.5067,21.4359,2.8923,27.3164,
200,0.0992,0.3212,0.4094,0.3901,0.2515,0.4494,1.1012,0.0003,0.0002,0.0959,0.4751,2.4209,2.5248,26.1804,2.9005,32.0785,
201,0.0861,0.4581,0.4151,0.3888,0.1942,0.4661,1.0592,0.0003,0.0002,0.0964,0.4651,2.5126,2.6021,25.2371,4.7756,33.1138,
202,0.0827,0.5741,0.4062,0.3841,0.1826,0.4682,1.0424,0.0003,0.0002,0.0858,0.4603,2.5872,2.6733,27.5582,4.9885,35.6952,
203,0.0812,0.4154,0.4282,0.3845,0.1885,0.463,1.0445,0.0002,0.0002,0.0846,0.4657,2.4564,2.541,24.9187,5.2585,33.1972,
204,0.0831,0.4036,0.4014,0.3877,0.2296,0.4579,1.0848,0.0003,0.0002,0.0838,0.4704,2.4615,2.5479,26.7141,3.1405,32.8811,
205,0.0828,0.3549,0.39,0.3952,0.1937,0.4591,1.0571,0.0003,0.0002,0.0907,0.472,2.3817,2.4678,27.2639,2.92,33.1383,
206,0.0837,0.4608,0.4254,0.3928,0.2236,0.4598,1.0809,0.0002,0.0001,0.0884,0.4553,2.5256,2.6127,27.1942,2.9326,33.2252,
207,0.0835,0.415,0.3931,0.3864,0.1816,0.4568,1.0317,0.0002,0.0001,0.0891,0.4661,2.4127,2.4995,25.3466,2.9494,31.2787,
208,0.0874,0.2252,0.4057,0.3717,0.2011,0.4461,1.0288,0.0003,0.0002,0.0742,0.4655,2.2141,2.3063,26.99,3.557,33.2851,
209,0.0828,0.3968,0.3918,0.3833,0.1733,0.4462,1.0059,0.0002,0.0002,0.078,0.4548,2.3352,2.4211,24.2132,2.928,30.0414,
210,0.0829,0.4216,0.369,0.3898,0.1692,0.453,1.0151,0.0002,0.0002,0.0797,0.453,2.3659,2.452,23.2532,2.9338,29.1152,
211,0.083,0.4876,0.3684,0.3848,0.1686,0.4589,1.0165,0.0002,0.0002,0.0809,0.4577,2.418,2.5038,28.9342,5.3574,37.2735,
212,0.09,0.4036,0.3928,0.3923,0.1953,0.4607,1.0615,0.0003,0.0002,0.0855,0.4627,2.4204,2.5155,24.9929,2.9137,30.8992,
213,0.0823,0.3917,0.3695,0.3891,0.1755,0.455,1.0234,0.0002,0.0002,0.0849,0.4605,2.3481,2.4338,25.5043,2.9115,31.3297,
214,0.083,0.4036,0.3858,0.3879,0.1962,0.461,1.0529,0.0001,0.0002,0.0784,0.4884,2.426,2.5123,23.3774,2.9143,29.2902,
215,0.0871,0.3899,0.3982,0.3964,0.2436,0.4605,1.1091,0.0002,0.0002,0.087,0.4671,2.4682,2.5587,22.9162,2.9191,28.8718,
216,0.0866,0.3889,0.3888,0.382,0.2043,0.4821,1.0774,0.0002,0.0002,0.0874,0.4727,2.4333,2.5249,24.4185,2.918,30.3159,
217,0.0871,0.4081,0.4004,0.3869,0.247,0.4606,1.1038,0.0003,0.0001,0.0815,0.4615,2.472,2.5626,21.5079,2.8894,27.4489,
218,0.0828,0.3917,0.3996,0.3889,0.1786,0.4718,1.0489,0.0002,0.0002,0.084,0.4648,2.408,2.4942,21.5023,2.9076,27.38,
219,0.0831,0.3843,0.3896,0.3882,0.1898,0.4584,1.0448,0.0003,0.0001,0.1015,0.4674,2.404,2.4903,21.437,2.9093,27.3206,
220,0.082,0.4741,0.3973,0.3881,0.1864,0.4572,1.0388,0.0002,0.0002,0.0844,0.4662,2.4773,2.5625,21.4827,2.9049,27.4333,
221,0.0826,0.3945,0.3989,0.3923,0.2307,0.4574,1.0919,0.0003,0.0002,0.0863,0.4586,2.4429,2.5289,21.4077,2.88,27.2939,
222,0.0826,0.3989,0.4057,0.3907,0.183,0.4615,1.0442,0.0002,0.0001,0.0863,0.4693,2.4201,2.5058,21.5959,2.9028,27.4959,
223,0.0874,0.4015,0.4074,0.3953,0.188,0.4622,1.054,0.0003,0.0001,0.0856,0.4587,2.424,2.5147,21.633,2.9372,27.5701,
224,0.0874,0.3107,0.3739,0.3829,0.1876,0.4522,1.0281,0.0002,0.0002,0.0943,0.4779,2.2986,2.3908,26.0942,2.9056,31.8258,
225,0.0858,0.4134,0.4039,0.4014,0.1885,0.4679,1.0664,0.0003,0.0002,0.0901,0.4627,2.4536,2.543,21.4591,2.8922,27.3894,
226,0.0892,0.4071,0.3751,0.3903,0.1857,0.4562,1.04,0.0003,0.0002,0.0862,0.4605,2.3856,2.478,21.4428,2.8913,27.2976,
227,0.0829,0.3942,0.3858,0.3971,0.2413,0.4687,1.1176,0.0003,0.0001,0.0899,0.4819,2.4844,2.5706,23.3911,2.9097,29.3525,
228,0.083,0.394,0.3851,0.3976,0.1886,0.4712,1.0665,0.0002,0.0002,0.0863,0.4638,2.4134,2.4996,21.3871,2.9075,27.272,
229,0.0824,0.4043,0.3955,0.388,0.2385,0.4799,1.1161,0.0002,0.0002,0.0826,0.4663,2.4794,2.5652,21.5176,2.8996,27.4669,
230,0.0827,0.4035,0.3937,0.3877,0.2035,0.4549,1.0527,0.0002,0.0002,0.087,0.4743,2.4292,2.5154,21.4723,2.8934,27.3616,
231,0.0832,0.3901,0.4059,0.3869,0.2352,0.4689,1.1007,0.0003,0.0002,0.0933,0.4833,2.4874,2.5739,21.5488,2.9047,27.5089,
232,0.0829,0.2245,0.383,0.3747,0.1796,0.4743,1.0318,0.0001,0.0002,0.0793,0.4663,2.1976,2.2855,26.6181,2.914,32.2356,
233,0.0833,0.4076,0.3973,0.3938,0.228,0.4605,1.0862,0.0002,0.0002,0.0837,0.4484,2.4371,2.5236,21.7737,2.9071,27.7325,
234,0.0831,0.4028,0.3769,0.3889,0.1712,0.456,1.0192,0.0002,0.0002,0.077,0.4614,2.3455,2.4321,21.5842,2.9095,27.4043,
235,0.0831,0.3987,0.3929,0.3939,0.2478,0.4566,1.107,0.0002,0.0002,0.0858,0.4637,2.4622,2.5485,21.4325,2.8997,27.3617,
236,0.0828,0.4118,0.385,0.3969,0.1879,0.473,1.0679,0.0002,0.0002,0.0839,0.4885,2.4506,2.5369,21.5825,2.906,27.5029,
237,0.0865,0.3989,0.4045,0.3866,0.2248,0.4613,1.0821,0.0004,0.0001,0.0843,0.4633,2.4478,2.5377,21.4807,2.8913,27.3898,
238,0.0832,0.3973,0.3812,0.402,0.1886,0.4703,1.0703,0.0002,0.0001,0.0867,0.4753,2.4283,2.5147,21.4756,2.9078,27.3803,
239,0.0831,0.429,0.4117,0.393,0.1843,0.4645,1.0505,0.0002,0.0001,0.0889,0.4789,2.4779,2.5642,21.9632,2.8999,27.9045,
240,0.0986,0.336,0.3978,0.3812,0.2404,0.452,1.0826,0.0003,0.0002,0.078,0.469,2.3816,2.4851,25.2108,2.9081,31.0819,
241,0.0862,0.493,0.4213,0.3902,0.1893,0.4691,1.0575,0.0003,0.0002,0.0831,0.4639,2.538,2.6277,21.4687,2.9023,27.4743,
242,0.0833,0.4185,0.3746,0.3903,0.1694,0.4575,1.0203,0.0002,0.0001,0.0863,0.4591,2.373,2.4596,21.4997,2.9026,27.3374,
243,0.0831,0.4024,0.4007,0.3975,0.1815,0.465,1.0524,0.0003,0.0001,0.0935,0.4633,2.4288,2.5151,23.4271,2.898,29.3175,
244,0.0832,0.3995,0.4024,0.4026,0.1834,0.477,1.0676,0.0002,0.0002,0.0881,0.4856,2.4625,2.5489,21.4669,2.8974,27.3968,
245,0.0831,0.3938,0.3965,0.3832,0.1805,0.4676,1.0416,0.0002,0.0002,0.0854,0.4653,2.399,2.5028,21.4792,2.9005,27.3656,
246,0.0826,0.4235,0.397,0.3975,0.2227,0.4601,1.0844,0.0002,0.0002,0.0926,0.4611,2.4731,2.5587,21.4329,2.9113,27.3808,
247,0.0827,0.4027,0.3788,0.3933,0.1713,0.4598,1.0276,0.0002,0.0001,0.0846,0.4553,2.3621,2.4477,21.8686,2.9139,27.7085,
248,0.083,0.2337,0.3694,0.3783,0.226,0.4642,1.0721,0.0002,0.0002,0.0723,0.4712,2.2315,2.32,30.734,2.9215,36.4198,
249,0.0835,0.4044,0.4102,0.3933,0.1968,0.4612,1.0569,0.0002,0.0002,0.0785,0.4489,2.4143,2.501,25.7876,2.9181,31.6923,
250,0.0897,0.4047,0.4036,0.391,0.1869,0.4609,1.0427,0.0002,0.0001,0.0809,0.4568,2.4023,2.4952,28.751,4.7531,36.5289,
251,0.083,0.4457,0.3961,0.3977,0.238,0.4666,1.1118,0.0002,0.0001,0.0812,0.4616,2.5128,2.5993,24.044,4.9391,32.0741,
252,0.0867,0.4252,0.3737,0.3888,0.2118,0.463,1.0668,0.0002,0.0001,0.079,0.4641,2.4182,2.5083,24.8746,3.091,30.9471,
253,0.0827,0.3208,0.3654,0.3877,0.1633,0.4615,1.0157,0.0002,0.0002,0.0789,0.4828,2.2763,2.3621,25.8796,2.94,31.6611,
254,0.0826,0.4206,0.381,0.3894,0.1847,0.4809,1.0667,0.0003,0.0001,0.0961,0.4985,2.4754,2.5614,21.9641,2.9679,27.9763,
255,0.0835,0.4127,0.395,0.3935,0.2319,0.4639,1.0955,0.0002,0.0002,0.0941,0.4842,2.4979,2.5849,21.6703,2.92,27.6626,
256,0.0831,0.3541,0.4183,0.3799,0.1853,0.4601,1.0349,0.0003,0.0002,0.0877,0.4616,2.3748,2.4627,24.9985,2.9036,30.8039,
257,0.0854,0.4044,0.3998,0.4007,0.1796,0.4658,1.0544,0.0003,0.0002,0.0875,0.4618,2.4229,2.5116,24.1737,2.9029,30.0725,
258,0.0824,0.4879,0.3919,0.3969,0.1906,0.4681,1.0643,0.0003,0.0002,0.087,0.4704,2.5211,2.6072,21.4034,2.8846,27.3733,
259,0.0823,0.3965,0.385,0.3955,0.1853,0.4674,1.0559,0.0002,0.0002,0.0861,0.4636,2.4028,2.4884,21.422,2.884,27.2776,
260,0.0856,0.4,0.3898,0.3961,0.2312,0.4624,1.0963,0.0002,0.0002,0.0875,0.4891,2.4822,2.5711,21.4729,2.8997,27.4218,
261,0.0826,0.3897,0.3924,0.3973,0.2313,0.469,1.1038,0.0002,0.0002,0.0872,0.461,2.4504,2.5362,21.4237,2.8881,27.3297,
262,0.0822,0.3995,0.4176,0.3977,0.1829,0.4624,1.0495,0.0002,0.0002,0.094,0.4616,2.4401,2.5254,21.3766,2.8881,27.2718,
263,0.082,0.4016,0.4147,0.398,0.1926,0.4646,1.0663,0.0003,0.0002,0.097,0.4648,2.4595,2.5448,21.4449,2.8939,27.3613,
264,0.0865,0.3245,0.4026,0.3846,0.1874,0.4616,1.0444,0.0003,0.0001,0.0847,0.4626,2.3377,2.4291,27.3129,2.9019,33.0925,
265,0.0822,0.3507,0.4149,0.404,0.1864,0.4635,1.0622,0.0003,0.0001,0.0856,0.4672,2.3976,2.4833,21.3917,2.8836,27.2473,
266,0.0824,0.395,0.4033,0.3932,0.2009,0.4673,1.0714,0.0002,0.0002,0.0856,0.469,2.4393,2.5251,21.411,2.9004,27.3171,
267,0.0827,0.4393,0.3865,0.3955,0.2392,0.465,1.1073,0.0002,0.0001,0.0921,0.4879,2.5306,2.6171,21.3837,2.8865,27.3641,
268,0.0828,0.3946,0.3846,0.3944,0.1931,0.4646,1.0624,0.0003,0.0002,0.0848,0.4618,2.4018,2.4877,21.3077,2.8948,27.1723,
269,0.0824,0.4066,0.39,0.3897,0.1943,0.4699,1.0618,0.0003,0.0002,0.0863,0.4725,2.4317,2.5175,21.4218,2.8937,27.3096,
270,0.0861,0.3212,0.3868,0.3886,0.1831,0.4695,1.0485,0.0002,0.0002,0.0745,0.4752,2.3236,2.4133,21.4381,2.9057,27.2409,
271,0.0826,0.3961,0.3802,0.3921,0.2265,0.4623,1.0889,0.0003,0.0002,0.0834,0.4658,2.4306,2.5164,21.9814,2.908,27.8869,
272,0.087,0.3149,0.3957,0.3884,0.1841,0.4738,1.0536,0.0003,0.0002,0.0846,0.4632,2.3275,2.4205,26.5119,2.8967,32.2864,
273,0.0815,0.4134,0.4106,0.3974,0.1773,0.4693,1.0512,0.0002,0.0001,0.0831,0.4613,2.4374,2.5222,21.2747,2.8877,27.1631,
274,0.0823,0.4414,0.3936,0.3989,0.2311,0.4697,1.1074,0.0003,0.0002,0.0831,0.4618,2.5046,2.5901,21.4036,2.9004,27.375,
275,0.082,0.4589,0.3891,0.3961,0.1855,0.4698,1.0604,0.0002,0.0001,0.0856,0.4707,2.4764,2.5615,21.4182,2.8794,27.3344,
276,0.0827,0.4079,0.391,0.4001,0.1943,0.4708,1.0736,0.0002,0.0002,0.0845,0.4617,2.4368,2.5227,21.4479,2.89,27.3437,
277,0.083,0.4759,0.4025,0.397,0.2258,0.4694,1.1,0.0003,0.0002,0.0921,0.4554,2.5447,2.6307,21.5109,2.9005,27.5235,
278,0.082,0.3891,0.4088,0.3976,0.2315,0.4715,1.1083,0.0002,0.0002,0.0841,0.4612,2.4694,2.5546,22.1815,2.9153,28.1324,
279,0.083,0.4144,0.4204,0.4033,0.2257,0.4761,1.1189,0.0002,0.0001,0.1018,0.4739,2.5464,2.6329,21.4241,2.8883,27.4498,
280,0.0992,0.2264,0.3998,0.4001,0.1864,0.4623,1.0564,0.0003,0.0002,0.0797,0.4585,2.2394,2.3436,25.2816,2.9199,31.0165,
281,0.0841,0.408,0.4068,0.4035,0.1897,0.4716,1.0741,0.0002,0.0002,0.0874,0.4776,2.4706,2.5583,21.4555,2.912,27.4112,
282,0.0826,0.3952,0.3794,0.417,0.1885,0.4638,1.0775,0.0002,0.0002,0.0859,0.4674,2.4209,2.5067,21.5509,2.8937,27.4302,
283,0.0833,0.3996,0.405,0.4032,0.1888,0.4772,1.0779,0.0002,0.0002,0.0874,0.4571,2.443,2.5295,21.4548,2.9039,27.368,
284,0.0814,0.4145,0.3985,0.4039,0.1998,0.474,1.0882,0.0002,0.0001,0.0902,0.4601,2.464,2.5486,21.4332,2.8993,27.3589,
285,0.0814,0.467,0.3929,0.4018,0.1926,0.479,1.0807,0.0002,0.0002,0.087,0.4685,2.5132,2.5976,21.4157,2.8949,27.387,
286,0.0832,0.3225,0.385,0.396,0.1666,0.4639,1.0297,0.0002,0.0002,0.0847,0.4637,2.2985,2.3848,21.4327,2.9337,27.2344,
287,0.0843,0.3421,0.4,0.4038,0.1706,0.4684,1.0471,0.0002,0.0001,0.0801,0.4588,2.3399,2.4274,21.4333,2.8904,27.2367,
288,0.0881,0.2394,0.4039,0.3937,0.235,0.4927,1.1276,0.0002,0.0002,0.0832,0.4746,2.3434,2.4366,24.8015,2.9111,30.5834,
289,0.085,0.411,0.4084,0.3991,0.1896,0.47,1.0674,0.0002,0.0002,0.0843,0.486,2.4724,2.561,21.3867,2.8891,27.3259,
290,0.0831,0.3922,0.4025,0.41,0.1891,0.4802,1.09,0.0002,0.0002,0.0948,0.476,2.4741,2.5606,21.5468,2.905,27.497,
291,0.0828,0.5545,0.4168,0.4062,0.1851,0.4711,1.0712,0.0002,0.0001,0.0903,0.4689,2.6184,2.7044,21.4132,2.8885,27.485,
292,0.0828,0.3897,0.3966,0.4052,0.1729,0.4642,1.047,0.0002,0.0002,0.0802,0.4649,2.393,2.479,21.3905,2.8916,27.2449,
293,0.0831,0.3971,0.403,0.4142,0.1893,0.4746,1.088,0.0003,0.0002,0.0893,0.4563,2.45,2.5367,21.4217,2.8934,27.3367,
294,0.0823,0.3973,0.3917,0.4088,0.1821,0.4711,1.0701,0.0004,0.0002,0.0849,0.4658,2.4212,2.5065,24.4093,4.4832,31.9041,
295,0.0828,0.4066,0.4026,0.4055,0.2377,0.4766,1.1307,0.0002,0.0001,0.0895,0.4562,2.4988,2.5849,27.6278,5.0345,35.727,
296,0.0871,0.2311,0.4081,0.4087,0.1902,0.4623,1.0676,0.0003,0.0002,0.0852,0.4963,2.3023,2.3946,30.4487,2.9176,36.2143,
297,0.0832,0.4094,0.4014,0.398,0.1902,0.4667,1.0629,0.0002,0.0002,0.0863,0.4621,2.4399,2.5267,26.097,4.5564,33.6592,
298,0.0827,0.4515,0.4023,0.3998,0.1925,0.4705,1.0736,0.0003,0.0002,0.0849,0.478,2.504,2.5899,26.5439,2.9238,32.5382,
299,0.0815,0.408,0.3957,0.4058,0.1966,0.4711,1.0795,0.0002,0.0002,0.0861,0.467,2.452,2.5369,30.2527,2.9192,36.1921,
300,0.0813,0.4077,0.3994,0.4064,0.1841,0.4868,1.0875,0.0003,0.0002,0.084,0.4704,2.4635,2.5483,23.6428,2.9019,29.5738,
301,0.0823,0.4048,0.3972,0.403,0.2337,0.4735,1.1184,0.0002,0.0002,0.088,0.465,2.4914,2.5772,21.4491,2.8914,27.3987,
302,0.0852,0.3862,0.3964,0.4021,0.2195,0.4729,1.0987,0.0001,0.0002,0.0772,0.4499,2.421,2.5094,21.3532,2.8942,27.2372,
303,0.083,0.4684,0.4481,0.4151,0.2275,0.4712,1.1178,0.0003,0.0002,0.0998,0.4553,2.6058,2.692,21.3304,2.8705,27.3717,
304,0.0874,0.3245,0.373,0.3952,0.172,0.4671,1.0382,0.0001,0.0002,0.0711,0.4639,2.289,2.3813,24.4956,2.8892,30.2335,
305,0.085,0.4297,0.409,0.405,0.2383,0.4743,1.1271,0.0002,0.0002,0.0837,0.47,2.5342,2.6228,21.5333,2.904,27.56,
306,0.0816,0.3985,0.3996,0.4025,0.2262,0.4764,1.1149,0.0003,0.0002,0.0849,0.466,2.4807,2.5659,21.3422,2.8727,27.2685,
307,0.0828,0.3193,0.4167,0.4098,0.1811,0.4672,1.0628,0.0001,0.0001,0.0994,0.4626,2.3782,2.4643,21.3982,2.8978,27.243,
308,0.0816,0.3879,0.3964,0.406,0.2558,0.4817,1.151,0.0002,0.0002,0.0891,0.4816,2.5248,2.6096,21.6697,2.8998,27.6677,
309,0.084,0.4136,0.3677,0.3979,0.1673,0.4721,1.045,0.0003,0.0002,0.0933,0.4636,2.3942,2.4817,21.3476,2.8838,27.1936,
310,0.0829,0.4131,0.4429,0.4237,0.1948,0.4826,1.1128,0.0003,0.0002,0.0884,0.4731,2.5505,2.637,21.3751,2.8902,27.4036,
311,0.0815,0.4109,0.399,0.4025,0.2106,0.4905,1.1136,0.0002,0.0002,0.0965,0.4638,2.4987,2.5834,21.3191,2.8863,27.2682,
312,0.0872,0.235,0.4114,0.391,0.2392,0.4663,1.1039,0.0002,0.0002,0.0731,0.4724,2.3159,2.408,27.2165,2.8923,32.9513,
313,0.0857,0.522,0.3952,0.4068,0.2277,0.4737,1.1179,0.0003,0.0001,0.0821,0.4762,2.6074,2.6968,21.4249,2.8948,27.4962,
314,0.0825,0.5174,0.3933,0.4135,0.1801,0.472,1.0745,0.0002,0.0002,0.0856,0.459,2.5448,2.6305,21.4782,2.8741,27.4622,
315,0.081,0.3932,0.3994,0.4056,0.1882,0.4798,1.0813,0.0003,0.0002,0.0945,0.4783,2.4653,2.5665,21.4354,2.8907,27.3755,
316,0.0833,0.4053,0.3831,0.4048,0.1813,0.4648,1.0554,0.0002,0.0002,0.0767,0.4503,2.3849,2.4713,21.3917,2.8924,27.2377,
317,0.0831,0.4482,0.3618,0.3988,0.1701,0.471,1.043,0.0001,0.0001,0.0713,0.4551,2.3896,2.4758,21.5589,2.9855,27.5011,
318,0.0833,0.463,0.3905,0.4041,0.2181,0.4729,1.0983,0.0002,0.0002,0.0817,0.4793,2.5223,2.6086,21.5876,2.8889,27.5719,
319,0.0829,0.4079,0.3803,0.4019,0.1768,0.4707,1.0533,0.0002,0.0002,0.0783,0.4551,2.3865,2.4723,21.3457,2.8841,27.1805,
320,0.0878,0.3236,0.4018,0.3962,0.2563,0.4966,1.1567,0.0003,0.0002,0.0837,0.4439,2.4253,2.518,24.9569,2.8846,30.804,
321,0.086,0.4543,0.4172,0.4101,0.2413,0.4776,1.1374,0.0002,0.0002,0.0894,0.4594,2.5755,2.6652,21.5967,2.8902,27.6539,
322,0.0831,0.385,0.405,0.4097,0.2501,0.4762,1.1456,0.0003,0.0001,0.0865,0.467,2.5062,2.5925,21.3607,2.8952,27.3302,
323,0.0825,0.394,0.3821,0.4022,0.1947,0.4784,1.0835,0.0003,0.0002,0.0862,0.4752,2.4368,2.5226,21.3604,2.8936,27.2561,
324,0.0813,0.4001,0.3859,0.4013,0.1824,0.4812,1.073,0.0002,0.0001,0.0875,0.4579,2.4235,2.508,21.4354,2.8899,27.3104,
325,0.0829,0.396,0.3805,0.4095,0.2424,0.4834,1.1444,0.0003,0.0002,0.0896,0.46,2.4871,2.5731,21.4125,2.886,27.3536,
326,0.082,0.4131,0.4138,0.4132,0.2247,0.4864,1.1343,0.0002,0.0002,0.0933,0.4529,2.5218,2.6069,21.3862,2.8935,27.3682,
327,0.083,0.4008,0.384,0.4146,0.1884,0.4795,1.089,0.0002,0.0001,0.0852,0.4591,2.4371,2.5235,21.5344,2.9026,27.439,
328,0.0848,0.3147,0.4117,0.4036,0.1929,0.477,1.0876,0.0002,0.0002,0.0782,0.4785,2.3861,2.4758,25.1954,2.8961,31.0094,
329,0.0902,0.4019,0.4131,0.4126,0.1863,0.4798,1.0861,0.0002,0.0002,0.0888,0.4607,2.4705,2.5642,24.4728,2.883,30.4107,
330,0.0831,0.4212,0.4131,0.406,0.2376,0.4802,1.1341,0.0003,0.0001,0.0878,0.4931,2.5659,2.6522,21.3593,2.8842,27.3792,
331,0.0825,0.3988,0.3811,0.4068,0.1865,0.4758,1.077,0.0003,0.0002,0.0841,0.4592,2.4169,2.5025,21.3683,2.8955,27.2475,
332,0.0834,0.5203,0.3992,0.4074,0.1984,0.4779,1.0934,0.0003,0.0002,0.0886,0.4877,2.6062,2.6931,21.3668,2.8814,27.4281,
333,0.0866,0.3875,0.4032,0.4176,0.1888,0.481,1.0962,0.0003,0.0002,0.0856,0.4686,2.4544,2.5441,21.319,2.8838,27.2253,
334,0.0827,0.4109,0.3853,0.4074,0.2386,0.4812,1.1367,0.0002,0.0001,0.0824,0.4564,2.4851,2.571,21.6094,2.8925,27.5529,
335,0.0814,0.4086,0.3981,0.4122,0.1909,0.4804,1.0923,0.0002,0.0002,0.0843,0.4648,2.4657,2.5504,21.3322,2.8881,27.2578,
336,0.0868,0.3235,0.3997,0.4017,0.1876,0.473,1.0723,0.0003,0.0002,0.0904,0.4609,2.3651,2.4564,25.8133,3.8921,32.609,
337,0.0826,0.4145,0.364,0.4023,0.1674,0.4743,1.0472,0.0001,0.0002,0.0882,0.4531,2.3749,2.4605,21.3616,2.8747,27.1783,
338,0.0822,0.4062,0.4137,0.4097,0.1931,0.4823,1.0949,0.0003,0.0001,0.0787,0.4459,2.4571,2.5425,21.2692,2.8561,27.147,
339,0.0831,0.3943,0.3962,0.4163,0.1795,0.4793,1.0832,0.0003,0.0002,0.0878,0.4616,2.4381,2.5245,21.3233,2.8829,27.2073,
340,0.082,0.3969,0.3708,0.4148,0.184,0.493,1.1012,0.0003,0.0001,0.0842,0.4769,2.4463,2.5317,21.3948,2.8747,27.2789,
341,0.0829,0.3446,0.3913,0.4092,0.2273,0.4814,1.1274,0.0003,0.0001,0.0915,0.4454,2.416,2.5021,25.2822,4.871,33.1423,
342,0.0865,0.5076,0.414,0.4089,0.1831,0.4827,1.0835,0.0003,0.0002,0.0881,0.4654,2.5743,2.6643,24.176,4.6922,32.0185,
343,0.0826,0.413,0.4051,0.4195,0.2235,0.4843,1.1365,0.0003,0.0002,0.0851,0.4708,2.527,2.613,26.4933,2.8911,32.4679,
344,0.0852,0.2363,0.4045,0.4011,0.1841,0.472,1.066,0.0003,0.0001,0.0871,0.4693,2.2814,2.3714,30.0206,2.8924,35.7122,
345,0.0822,0.4689,0.395,0.4154,0.1688,0.48,1.0675,0.0001,0.0002,0.0774,0.4546,2.4711,2.5564,26.6487,2.916,32.6028,
346,0.0829,0.3998,0.3974,0.4117,0.1642,0.4826,1.0631,0.0002,0.0002,0.0954,0.4613,2.4249,2.5107,26.9328,2.8924,32.8213,
347,0.0826,0.4485,0.3837,0.4082,0.2456,0.4863,1.1549,0.0003,0.0002,0.0978,0.4625,2.5647,2.6505,23.6101,2.8702,29.6119,
348,0.0832,0.3981,0.3857,0.4137,0.1807,0.4994,1.1022,0.0002,0.0001,0.0869,0.4699,2.4603,2.5468,25.5225,2.8825,31.4308,
349,0.0815,0.4044,0.3948,0.4154,0.2307,0.4837,1.1411,0.0003,0.0002,0.0838,0.4548,2.4953,2.5801,23.9209,2.8798,29.878,
350,0.083,0.541,0.3879,0.421,0.1745,0.4845,1.0841,0.0002,0.0002,0.0769,0.4558,2.5636,2.6506,24.5202,2.8853,30.535,
351,0.083,0.3999,0.3735,0.4128,0.1868,0.4899,1.0956,0.0002,0.0002,0.0992,0.4644,2.4489,2.5355,22.4329,2.9,28.3509,
352,0.1035,0.3387,0.4162,0.4235,0.2417,0.51,1.1846,0.0003,0.0002,0.0811,0.4803,2.5197,2.6281,24.8259,5.3057,33.2525,
353,0.086,0.4194,0.4102,0.441,0.2413,0.4896,1.1778,0.0002,0.0002,0.0887,0.4689,2.5845,2.6742,27.0311,2.8869,33.084,
354,0.0829,0.4107,0.3952,0.4206,0.1943,0.4854,1.1044,0.0002,0.0002,0.0865,0.4803,2.495,2.5815,24.9094,2.8923,30.8661,
355,0.0824,0.3942,0.4,0.4168,0.2231,0.4899,1.1375,0.0003,0.0002,0.0808,0.4453,2.4737,2.5592,21.9036,2.8811,27.8224,
356,0.083,0.4023,0.3639,0.4161,0.1713,0.487,1.0777,0.0002,0.0002,0.0765,0.47,2.404,2.4907,22.7265,2.8818,28.5796,
357,0.0864,0.4858,0.3863,0.4199,0.1848,0.4898,1.0987,0.0002,0.0002,0.0834,0.4664,2.5372,2.6272,21.6161,2.8792,27.608,
358,0.0811,0.4004,0.4133,0.4142,0.2304,0.4898,1.1444,0.0003,0.0002,0.0822,0.4555,2.5129,2.5974,21.2898,2.8883,27.2613,
359,0.083,0.3986,0.4017,0.419,0.1912,0.4917,1.1081,0.0002,0.0001,0.0846,0.4765,2.4872,2.5736,21.3052,2.8838,27.2424,
360,0.0869,0.2271,0.4012,0.4091,0.196,0.4918,1.1072,0.0003,0.0002,0.0724,0.4805,2.3047,2.3963,29.4866,2.8615,35.187,
361,0.0829,0.4081,0.3748,0.4125,0.2155,0.4886,1.1196,0.0002,0.0002,0.0771,0.4646,2.4522,2.5382,21.8999,2.8787,27.7955,
362,0.0813,0.3928,0.3714,0.4193,0.1707,0.484,1.0779,0.0002,0.0002,0.078,0.4542,2.386,2.4702,21.3193,2.8789,27.1468,
363,0.0819,0.4044,0.3668,0.4189,0.2085,0.4915,1.122,0.0002,0.0002,0.0861,0.4548,2.4411,2.5259,21.4348,2.8832,27.3197,
364,0.0826,0.3925,0.3822,0.4103,0.1612,0.4851,1.0598,0.0002,0.0002,0.0891,0.4534,2.3863,2.4717,21.3813,2.8787,27.2132,
365,0.0826,0.421,0.38,0.4176,0.1684,0.487,1.0761,0.0002,0.0001,0.0764,0.4513,2.4129,2.4982,21.2789,2.8783,27.1383,
366,0.0832,0.5183,0.3894,0.4163,0.1694,0.4899,1.0784,0.0001,0.0001,0.0861,0.4666,2.5465,2.6323,21.3517,2.8827,27.3479,
367,0.0813,0.3974,0.3477,0.4172,0.1644,0.4834,1.0678,0.0001,0.0002,0.0675,0.4583,2.3465,2.4306,21.3426,2.8834,27.1335,
368,0.1,0.3185,0.3978,0.4104,0.1884,0.4952,1.1035,0.0002,0.0002,0.077,0.4768,2.3866,2.4916,24.1166,2.8902,29.9797,
369,0.0856,0.5042,0.4107,0.4263,0.2275,0.4986,1.1562,0.0002,0.0002,0.0714,0.4516,2.6094,2.6986,21.3465,2.8862,27.4219,
370,0.0816,0.3948,0.3864,0.422,0.1778,0.4953,1.0991,0.0002,0.0002,0.083,0.4694,2.4494,2.5339,21.2852,2.8692,27.1722,
371,0.0826,0.4012,0.3775,0.4303,0.1871,0.4911,1.1138,0.0002,0.0002,0.088,0.4433,2.437,2.5225,21.2999,2.8775,27.1812,
372,0.0813,0.4332,0.3969,0.4313,0.2369,0.4959,1.1737,0.0002,0.0002,0.085,0.4585,2.5659,2.6504,21.6174,2.8756,27.6201,
373,0.0826,0.3434,0.3865,0.4134,0.177,0.4874,1.0816,0.0002,0.0001,0.078,0.4816,2.3883,2.4745,21.2824,2.8789,27.1178,
374,0.0828,0.5258,0.3755,0.4197,0.1827,0.4914,1.0975,0.0002,0.0002,0.0708,0.4547,2.535,2.6211,21.2376,2.8629,27.1986,
375,0.0828,0.5849,0.3913,0.4294,0.1837,0.4946,1.1213,0.0002,0.0002,0.0945,0.4663,2.6746,2.7605,21.2355,2.859,27.3337,
376,0.0867,0.3293,0.4,0.4121,0.1931,0.495,1.1121,0.0003,0.0001,0.0857,0.462,2.4057,2.4969,24.9265,2.8367,30.6917,
377,0.0828,0.3943,0.3939,0.4185,0.2288,0.4927,1.1484,0.0003,0.0002,0.0876,0.4595,2.5016,2.5878,21.2919,2.8908,27.2463,
378,0.082,0.3904,0.405,0.4185,0.245,0.5026,1.1771,0.0003,0.0002,0.0846,0.4876,2.561,2.6463,21.2554,2.8728,27.2544,
379,0.0828,0.423,0.3798,0.4187,0.179,0.496,1.1018,0.0002,0.0002,0.0873,0.4516,2.4581,2.5443,21.2838,2.879,27.1908,
380,0.0829,0.4011,0.392,0.4285,0.1798,0.4948,1.1127,0.0003,0.0002,0.0851,0.4763,2.4832,2.5693,21.3233,2.8829,27.2543,
381,0.0827,0.4037,0.4111,0.417,0.1857,0.4939,1.1067,0.0002,0.0002,0.0887,0.4657,2.4905,2.5763,21.3043,2.8869,27.2482,
382,0.083,0.4029,0.404,0.4226,0.239,0.4929,1.1652,0.0002,0.0002,0.0856,0.4683,2.5399,2.6259,21.4059,2.8833,27.3949,
383,0.0816,0.4654,0.3842,0.4299,0.2518,0.495,1.1855,0.0002,0.0001,0.0913,0.4767,2.6208,2.7056,21.4528,2.9394,27.5762,
384,0.0855,0.2283,0.4133,0.414,0.1916,0.4983,1.1102,0.0002,0.0002,0.0685,0.4505,2.2874,2.378,25.7386,2.8862,31.4643,
385,0.0828,0.4138,0.3934,0.4162,0.1696,0.491,1.0799,0.0001,0.0002,0.0753,0.471,2.4413,2.5271,21.3277,2.9007,27.2371,
386,0.0822,0.3425,0.3787,0.4255,0.1695,0.4877,1.0859,0.0002,0.0001,0.0697,0.4634,2.348,2.4333,21.3383,2.8721,27.1182,
387,0.0824,0.3918,0.3575,0.4194,0.1719,0.4916,1.086,0.0001,0.0001,0.0871,0.4612,2.3936,2.4788,27.305,4.8043,35.0686,
388,0.087,0.5212,0.4556,0.431,0.2729,0.5067,1.2254,0.0003,0.0001,0.1018,0.4997,2.8253,2.9175,28.1853,2.9112,34.5039,
389,0.087,0.4213,0.3978,0.4456,0.2266,0.5146,1.2016,0.0003,0.0002,0.1171,0.4722,2.6278,2.7206,26.6771,2.9142,32.8092,
390,0.0835,0.4064,0.411,0.4172,0.1908,0.489,1.1077,0.0002,0.0001,0.0818,0.4818,2.5019,2.5886,26.8113,4.7744,34.6887,
391,0.0874,0.4144,0.37,0.4213,0.193,0.4949,1.1169,0.0002,0.0001,0.0815,0.4638,2.4584,2.5493,26.9973,2.8933,32.9386,
392,0.0873,0.3196,0.4059,0.4112,0.2439,0.5002,1.1658,0.0002,0.0002,0.0981,0.4671,2.4804,2.5728,32.1512,2.8991,38.0769,
393,0.083,0.4071,0.4027,0.4235,0.1954,0.4911,1.1207,0.0003,0.0001,0.0877,0.4717,2.5091,2.5957,21.4004,2.8573,27.3381,
394,0.0817,0.3997,0.3898,0.4231,0.1911,0.5043,1.1246,0.0002,0.0001,0.086,0.4746,2.4908,2.5756,21.7637,2.8701,27.6888,
395,0.0826,0.4342,0.4121,0.4196,0.1833,0.4978,1.11,0.0002,0.0002,0.0846,0.4615,2.5235,2.6091,21.3038,2.8877,27.2812,
396,0.083,0.3967,0.3969,0.4223,0.1715,0.4919,1.091,0.0002,0.0001,0.0832,0.4565,2.443,2.5293,21.3301,2.8641,27.203,
397,0.0821,0.4064,0.4009,0.4233,0.1781,0.4949,1.1047,0.0003,0.0002,0.0856,0.4745,2.4888,2.5742,21.277,2.8856,27.2203,
398,0.0834,0.3918,0.392,0.4203,0.1686,0.4965,1.0886,0.0002,0.0001,0.0774,0.4616,2.4191,2.5057,21.2787,2.8698,27.1338,
399,0.0834,0.4425,0.3648,0.4219,0.1658,0.4954,1.086,0.0001,0.0001,0.086,0.4621,2.4481,2.5343,21.3113,2.8882,27.2118,
400,0.104,0.3363,0.3992,0.4244,0.2014,0.5111,1.1446,0.0002,0.0002,0.0838,0.4714,2.4522,2.5611,25.0376,2.8805,30.9603,
401,0.0833,0.3987,0.4085,0.423,0.1784,0.4934,1.0992,0.0002,0.0002,0.0865,0.4621,2.4714,2.5584,21.688,2.8831,27.6125,
402,0.0827,0.4159,0.4018,0.438,0.1969,0.4988,1.1402,0.0002,0.0001,0.0854,0.4775,2.5381,2.6243,21.2297,2.8766,27.2095,
403,0.0826,0.4305,0.3701,0.4348,0.2418,0.5021,1.188,0.0003,0.0002,0.0833,0.4666,2.5539,2.6396,21.4229,2.8308,27.3736,
404,0.083,0.3991,0.3976,0.4239,0.1771,0.4914,1.0963,0.0002,0.0002,0.0785,0.473,2.4572,2.5432,21.3452,2.8852,27.2566,
405,0.0825,0.4133,0.388,0.426,0.1809,0.4957,1.1067,0.0002,0.0002,0.0818,0.4611,2.4647,2.5506,21.2244,2.8888,27.141,
406,0.0831,0.4154,0.3784,0.4303,0.1939,0.4928,1.1254,0.0003,0.0001,0.0927,0.4657,2.4956,2.582,21.2264,2.8556,27.1434,
407,0.0832,0.3939,0.3908,0.429,0.2255,0.499,1.1578,0.0002,0.0001,0.0819,0.4632,2.504,2.5901,21.3612,2.8833,27.3138,
408,0.0876,0.3308,0.3873,0.4262,0.1824,0.5,1.1181,0.0002,0.0002,0.0833,0.4531,2.3893,2.4818,26.2093,2.8528,31.9832,
409,0.09,0.4079,0.3995,0.4248,0.1894,0.501,1.1242,0.0002,0.0002,0.0837,0.4555,2.4851,2.5786,21.2847,2.8593,27.2136,
410,0.0826,0.4528,0.4089,0.423,0.1812,0.4954,1.1049,0.0002,0.0002,0.0843,0.4685,2.5342,2.6202,21.1966,2.8717,27.1705,
411,0.0832,0.4681,0.3828,0.4187,0.1647,0.4892,1.0757,0.0002,0.0001,0.0877,0.4598,2.483,2.5694,21.145,2.8485,27.05,
412,0.0831,0.3982,0.3994,0.4245,0.1697,0.4949,1.0941,0.0002,0.0002,0.0777,0.4682,2.4495,2.5354,21.2815,2.8544,27.1538,
413,0.0828,0.4398,0.3798,0.4186,0.1689,0.4894,1.0799,0.0002,0.0001,0.0791,0.4658,2.4565,2.5429,21.3246,2.8829,27.2286,
414,0.0832,0.4042,0.4016,0.4343,0.1842,0.4965,1.1247,0.0003,0.0002,0.085,0.4526,2.4852,2.5716,21.2921,2.9028,27.2476,
415,0.083,0.5581,0.3811,0.4214,0.2259,0.5013,1.1564,0.0002,0.0002,0.086,0.4614,2.6602,2.747,21.3536,2.8962,27.477,
416,0.0829,0.2293,0.3901,0.4169,0.1862,0.4799,1.0893,0.0002,0.0001,0.0755,0.4773,2.2827,2.3704,25.8672,2.8791,31.57,
417,0.0848,0.4126,0.4158,0.4386,0.2013,0.4985,1.1489,0.0003,0.0001,0.093,0.4424,2.5289,2.6172,21.3664,2.8834,27.3599,
418,0.0819,0.4184,0.3833,0.4186,0.176,0.5049,1.1027,0.0002,0.0001,0.0865,0.482,2.4893,2.5747,21.3184,2.8745,27.2424,
419,0.0829,0.3974,0.3793,0.421,0.1836,0.4884,1.0971,0.0003,0.0002,0.0777,0.4524,2.4166,2.5028,21.3365,2.877,27.2125,
420,0.0826,0.4164,0.372,0.4226,0.1762,0.492,1.0939,0.0001,0.0001,0.078,0.4538,2.4257,2.5115,21.2623,2.8744,27.129,
421,0.0834,0.4365,0.3737,0.4204,0.178,0.4974,1.0999,0.0002,0.0001,0.0793,0.4704,2.4716,2.5581,21.2838,2.8745,27.2122,
422,0.0828,0.5604,0.3937,0.4227,0.1716,0.4883,1.0865,0.0003,0.0002,0.0833,0.4611,2.6002,2.6866,21.341,2.8742,27.3812,
423,0.0819,0.4292,0.3857,0.4198,0.1693,0.4947,1.0874,0.0002,0.0001,0.0861,0.4682,2.4701,2.555,21.3097,2.8712,27.2153,
424,0.0832,0.3134,0.3935,0.4152,0.2299,0.4953,1.1437,0.0002,0.0001,0.079,0.4653,2.4091,2.4968,26.1689,2.9021,31.9883,
425,0.0875,0.4732,0.3996,0.4249,0.1718,0.49,1.0901,0.0002,0.0002,0.0801,0.457,2.509,2.5996,21.2573,2.8743,27.2109,
426,0.0828,0.3962,0.381,0.4229,0.211,0.4909,1.1278,0.0002,0.0002,0.0767,0.4491,2.4399,2.5255,21.2919,2.8721,27.1678,
427,0.0828,0.4091,0.3548,0.4286,0.1693,0.4922,1.0931,0.0002,0.0001,0.0722,0.4654,2.4014,2.487,21.3835,2.879,27.2285,
428,0.0824,0.3433,0.358,0.4181,0.1731,0.4896,1.0838,0.0002,0.0002,0.0766,0.4467,2.3151,2.4001,21.3391,2.88,27.1029,
429,0.0831,0.3992,0.3743,0.4361,0.1668,0.4964,1.1022,0.0002,0.0002,0.0871,0.4504,2.4203,2.506,21.3472,2.8701,27.2024,
430,0.082,0.3895,0.3667,0.4216,0.1696,0.4971,1.0912,0.0002,0.0001,0.0789,0.4662,2.3992,2.4839,21.3412,2.8676,27.1717,
431,0.0827,0.38,0.376,0.4345,0.1824,0.498,1.118,0.0002,0.0001,0.0893,0.4574,2.4286,2.5141,21.3008,2.8698,27.1636,
432,0.0877,0.3142,0.3855,0.4307,0.1846,0.4812,1.1023,0.0002,0.0002,0.0781,0.4508,2.3403,2.4324,24.0932,2.8716,29.809,
433,0.0828,0.4118,0.3913,0.4194,0.2307,0.4982,1.1531,0.0002,0.0002,0.0838,0.4633,2.5117,2.5975,21.3796,3.2439,27.7005,
434,0.0834,0.4331,0.3822,0.4261,0.1842,0.4999,1.1144,0.0002,0.0001,0.083,0.4502,2.4731,2.5595,27.4188,4.8468,35.31,
435,0.0834,0.3985,0.3804,0.4281,0.2211,0.4958,1.1479,0.0002,0.0001,0.0886,0.4656,2.4883,2.5745,25.1687,5.1983,33.4275,
436,0.0883,0.4104,0.3944,0.426,0.1855,0.4961,1.1148,0.0003,0.0002,0.0827,0.4682,2.4885,2.5808,26.1417,2.9002,32.1133,
437,0.0827,0.3949,0.4106,0.4256,0.2404,0.4982,1.1733,0.0002,0.0001,0.0924,0.46,2.5506,2.6364,28.749,2.8928,34.7604,
438,0.0822,0.3952,0.4227,0.4258,0.1884,0.5045,1.1275,0.0002,0.0002,0.085,0.4727,2.5202,2.6057,24.9527,2.9206,30.9585,
439,0.0903,0.4164,0.3927,0.4238,0.1939,0.4917,1.1185,0.0002,0.0002,0.0861,0.4541,2.4864,2.5804,26.0945,2.8956,32.0774,
440,0.0878,0.3212,0.3991,0.4164,0.1736,0.484,1.0779,0.0002,0.0002,0.0843,0.4756,2.3758,2.4685,24.3007,2.8964,30.0738,
441,0.083,0.4419,0.4061,0.4174,0.1738,0.4905,1.0848,0.0002,0.0001,0.071,0.4528,2.464,2.5499,21.9945,2.8677,27.887,
442,0.0826,0.4554,0.3736,0.427,0.1765,0.4949,1.1016,0.0002,0.0001,0.0872,0.4607,2.4882,2.5735,21.28,2.868,27.1979,
443,0.0827,0.3941,0.3892,0.4257,0.2142,0.4952,1.1382,0.0001,0.0002,0.0781,0.4555,2.4658,2.5514,21.2928,2.8547,27.1766,
444,0.0824,0.3934,0.3729,0.4167,0.1696,0.4933,1.0827,0.0001,0.0002,0.0796,0.4508,2.3864,2.4716,21.2708,2.8666,27.0861,
445,0.0862,0.5373,0.4108,0.4262,0.1852,0.4997,1.1207,0.0003,0.0002,0.0843,0.4601,2.6336,2.7231,21.2875,2.8779,27.3712,
446,0.082,0.4015,0.4143,0.4307,0.1912,0.4995,1.132,0.0003,0.0001,0.0864,0.4629,2.514,2.5994,21.3441,2.8971,27.3233,
447,0.0836,0.3972,0.391,0.4301,0.171,0.4925,1.0985,0.0003,0.0001,0.0889,0.4643,2.456,2.5427,21.2743,2.8784,27.1783,
448,0.0862,0.3292,0.3765,0.4227,0.2105,0.4831,1.1251,0.0002,0.0002,0.0817,0.4589,2.3902,2.4813,25.0383,2.8829,30.8686,
449,0.0862,0.404,0.4071,0.4328,0.2432,0.5,1.1853,0.0002,0.0002,0.0846,0.4656,2.561,2.6508,21.255,2.8773,27.2741,
450,0.0831,0.3966,0.3938,0.43,0.1836,0.5013,1.1213,0.0003,0.0001,0.0846,0.4757,2.4897,2.5761,21.4349,2.8753,27.3654,
451,0.0831,0.4046,0.395,0.4346,0.2103,0.4977,1.1527,0.0002,0.0002,0.0984,0.4638,2.5344,2.6212,21.289,2.8713,27.2641,
452,0.0833,0.406,0.3769,0.4201,0.1634,0.5031,1.0897,0.0002,0.0001,0.0777,0.4559,2.414,2.5004,21.2077,2.8809,27.0714,
453,0.0853,0.3994,0.3798,0.4274,0.1711,0.4914,1.0929,0.0001,0.0001,0.0765,0.4555,2.411,2.4991,21.2459,2.8771,27.0998,
454,0.0814,0.4014,0.3566,0.4287,0.2113,0.4967,1.1395,0.0002,0.0002,0.0739,0.4503,2.4284,2.5126,21.2362,2.8567,27.1014,
455,0.0821,0.3838,0.3713,0.4256,0.1723,0.4935,1.0942,0.0001,0.0001,0.0775,0.4634,2.3969,2.4817,21.1775,2.8718,27.0155,
456,0.0853,0.3517,0.4118,0.4164,0.1827,0.5006,1.1071,0.0003,0.0002,0.0837,0.4534,2.4185,2.5084,25.2074,2.883,31.0521,
457,0.0863,0.3932,0.42,0.4295,0.1838,0.5045,1.1269,0.0002,0.0001,0.0834,0.4858,2.5267,2.6167,22.753,2.8829,28.7491,
458,0.0824,0.4621,0.3806,0.4201,0.1799,0.4989,1.1021,0.0002,0.0001,0.0762,0.4492,2.478,2.5634,21.2536,2.8609,27.1584,
459,0.0827,0.4021,0.3646,0.4284,0.1684,0.499,1.1004,0.0002,0.0001,0.0941,0.4571,2.4262,2.5119,21.3249,2.885,27.2016,
460,0.0824,0.3815,0.3765,0.4259,0.178,0.4964,1.104,0.0003,0.0002,0.0792,0.4793,2.4313,2.5171,21.2903,2.8631,27.1507,
461,0.0828,0.4639,0.401,0.4444,0.1924,0.4975,1.1436,0.0002,0.0001,0.0866,0.4623,2.575,2.6613,21.2558,2.8663,27.2685,
462,0.0833,0.3912,0.3991,0.4285,0.1876,0.4952,1.1209,0.0002,0.0002,0.0846,0.4629,2.4744,2.5611,21.2815,2.8798,27.2052,
463,0.083,0.4039,0.3836,0.4247,0.1997,0.5078,1.1417,0.0003,0.0002,0.0973,0.4547,2.4966,2.583,21.1444,2.8569,27.062,
464,0.0875,0.3209,0.4,0.4397,0.2309,0.4899,1.1695,0.0003,0.0002,0.0846,0.4677,2.4619,2.5547,26.1184,2.8969,32.0331,
465,0.0863,0.3705,0.4082,0.4326,0.1963,0.5014,1.1404,0.0003,0.0001,0.0854,0.4561,2.476,2.5659,21.2702,2.8665,27.2062,
466,0.083,0.3947,0.3873,0.4297,0.1819,0.5179,1.1382,0.0002,0.0002,0.0826,0.4702,2.4859,2.572,21.414,2.8774,27.3455,
467,0.0814,0.391,0.4238,0.4332,0.1847,0.5032,1.132,0.0003,0.0002,0.0871,0.4743,2.5222,2.6069,21.5131,2.9095,27.5094,
468,0.088,0.4416,0.4357,0.4346,0.1719,0.4951,1.1068,0.0002,0.0002,0.086,0.4517,2.5386,2.6297,21.3003,2.8687,27.299,
469,0.083,0.4331,0.4142,0.4311,0.1856,0.4977,1.124,0.0003,0.0002,0.0834,0.4725,2.5465,2.6346,21.2277,2.8805,27.2276,
470,0.0826,0.4463,0.4214,0.432,0.1835,0.4982,1.1235,0.0003,0.0001,0.0842,0.4519,2.5434,2.6294,21.2189,2.8569,27.1853,
471,0.0833,0.4033,0.3738,0.4278,0.1738,0.5003,1.1056,0.0002,0.0003,0.0934,0.4544,2.4441,2.5305,21.251,2.8469,27.1082,
472,0.0819,0.3189,0.3968,0.4295,0.1761,0.4872,1.097,0.0002,0.0002,0.0842,0.455,2.3638,2.45,27.4644,2.8688,33.1872,
473,0.0814,0.4289,0.3893,0.4308,0.1684,0.5008,1.1034,0.0001,0.0002,0.0797,0.4686,2.479,2.5635,21.2287,2.8711,27.1423,
474,0.0828,0.4358,0.3732,0.4366,0.178,0.4961,1.1146,0.0002,0.0001,0.0872,0.4663,2.4891,2.5748,21.2464,2.872,27.1707,
475,0.0822,0.3913,0.385,0.4302,0.1797,0.5032,1.1176,0.0002,0.0001,0.0812,0.4528,2.4439,2.5293,21.1997,2.852,27.0559,
476,0.0831,0.3923,0.3788,0.4287,0.1798,0.4961,1.1081,0.0002,0.0002,0.0776,0.4904,2.4641,2.5505,21.3552,2.8786,27.2622,
477,0.0831,0.4156,0.361,0.428,0.1717,0.5014,1.1043,0.0002,0.0001,0.0666,0.4451,2.4018,2.4879,21.4927,2.9001,27.3592,
478,0.0838,0.3988,0.3726,0.4342,0.1796,0.5091,1.1273,0.0002,0.0002,0.0704,0.4627,2.4482,2.5357,21.3352,2.8762,27.2337,
479,0.0825,0.3998,0.4098,0.4297,0.185,0.497,1.1199,0.0003,0.0002,0.084,0.4595,2.4874,2.5732,21.3218,2.8672,27.2407,
480,0.0876,0.3301,0.399,0.4483,0.1936,0.4966,1.1452,0.0002,0.0002,0.0828,0.4587,2.4309,2.5232,25.5328,2.8814,31.389,
481,0.0849,0.4063,0.4127,0.4385,0.1856,0.5021,1.1324,0.0003,0.0002,0.0852,0.4649,2.5167,2.6051,25.2391,4.4868,32.8255,
482,0.0832,0.4,0.4103,0.4354,0.1812,0.5017,1.1279,0.0003,0.0001,0.1086,0.4559,2.5176,2.6041,26.8347,2.9016,32.8192,
483,0.0832,0.3521,0.3865,0.4436,0.2133,0.5184,1.1889,0.0003,0.0002,0.1055,0.4705,2.5204,2.6071,25.9703,2.8846,31.9485,
484,0.0829,0.5521,0.4005,0.4418,0.1895,0.5053,1.1437,0.0002,0.0002,0.0955,0.4594,2.6675,2.7538,29.4726,2.9046,35.6156,
485,0.0876,0.3976,0.4021,0.4303,0.1731,0.5047,1.1126,0.0002,0.0002,0.0892,0.4612,2.4788,2.5699,24.4955,5.123,32.687,
486,0.0812,0.3955,0.3677,0.4491,0.1847,0.5042,1.142,0.0002,0.0002,0.0818,0.4694,2.4676,2.5521,26.4079,2.8736,32.3106,
487,0.0834,0.4069,0.405,0.4296,0.1788,0.5114,1.1236,0.0003,0.0002,0.0861,0.4476,2.4839,2.5703,29.4943,4.7665,37.3206,
488,0.0878,0.234,0.4107,0.4227,0.1825,0.5124,1.1256,0.0002,0.0002,0.078,0.471,2.3341,2.4266,25.9511,2.8419,31.6753,
489,0.0825,0.5095,0.4025,0.44,0.1886,0.5097,1.1483,0.0003,0.0001,0.0878,0.472,2.639,2.742,21.1225,2.863,27.2057,
490,0.0821,0.5645,0.4017,0.4302,0.1769,0.5119,1.1278,0.0002,0.0001,0.097,0.4683,2.6749,2.7604,22.8594,2.8678,28.9697,
491,0.0824,0.34,0.4023,0.4338,0.1828,0.5061,1.13,0.0002,0.0001,0.0861,0.4622,2.4368,2.5224,29.1045,3.8748,35.9948,
492,0.0829,0.4702,0.402,0.4349,0.226,0.499,1.1672,0.0001,0.0002,0.0864,0.4591,2.6027,2.689,21.7691,2.8623,27.7987,
493,0.0827,0.4,0.3948,0.439,0.1792,0.511,1.1378,0.0003,0.0002,0.0864,0.4702,2.505,2.5908,24.6562,2.8579,30.5875,
494,0.0828,0.4038,0.4236,0.4389,0.1906,0.5043,1.144,0.0002,0.0002,0.087,0.4553,2.5298,2.6159,23.6664,2.8801,29.6475,
495,0.0813,0.3966,0.4117,0.4413,0.1848,0.5057,1.1412,0.0002,0.0002,0.0914,0.4914,2.5519,2.6367,22.8879,2.8665,28.8799,
496,0.0879,0.3227,0.4084,0.4235,0.1926,0.496,1.1226,0.0003,0.0002,0.085,0.4623,2.4178,2.5107,25.2284,2.8452,31.0391,
497,0.0833,0.3512,0.404,0.431,0.1848,0.5122,1.1352,0.0002,0.0001,0.0864,0.4649,2.4583,2.5449,21.2299,2.8779,27.1413,
498,0.0828,0.3993,0.402,0.4364,0.1849,0.5049,1.1335,0.0003,0.0001,0.0834,0.4574,2.4912,2.5774,21.1974,2.8678,27.1255,
499,0.0868,0.3971,0.3933,0.4479,0.2357,0.5081,1.2019,0.0003,0.0002,0.0838,0.4735,2.5661,2.6561,21.1371,2.8511,27.1286,
500,0.0826,0.3978,0.386,0.4429,0.1834,0.5178,1.151,0.0002,0.0002,0.0847,0.4477,2.4843,2.5703,21.2557,2.8671,27.1779,
501,0.0826,0.4825,0.4002,0.4401,0.2054,0.504,1.1594,0.0002,0.0002,0.084,0.463,2.6038,2.6898,21.2222,2.8657,27.2538,
502,0.0827,0.4817,0.383,0.4327,0.1944,0.5179,1.1535,0.0003,0.0001,0.0845,0.4694,2.5848,2.6707,21.2401,2.8703,27.2646,
503,0.0823,0.3954,0.3752,0.4362,0.1722,0.5109,1.1232,0.0002,0.0001,0.0718,0.4668,2.4439,2.5295,21.3016,2.8742,27.1828,
504,0.091,0.324,0.3977,0.4351,0.1943,0.5082,1.1497,0.0003,0.0002,0.0849,0.4678,2.443,2.5391,25.2143,2.8702,31.0617,
505,0.0826,0.4154,0.4022,0.4392,0.1943,0.5062,1.1506,0.0003,0.0002,0.0878,0.4746,2.544,2.6301,21.208,2.8678,27.1849,
506,0.0872,0.3933,0.3864,0.4355,0.1716,0.511,1.1222,0.0002,0.0002,0.0885,0.4532,2.4625,2.5532,21.2241,2.8539,27.111,
507,0.0859,0.4051,0.3981,0.4372,0.1671,0.501,1.1085,0.0002,0.0002,0.0903,0.4603,2.4707,2.5595,21.3159,2.8544,27.2114,
508,0.0835,0.4075,0.3942,0.4398,0.1824,0.4993,1.125,0.0002,0.0001,0.0761,0.4728,2.4868,2.5736,21.2183,2.8356,27.1071,
509,0.0825,0.3454,0.4031,0.4393,0.1858,0.5048,1.1394,0.0004,0.0002,0.0847,0.4536,2.4431,2.5287,21.2139,2.8598,27.0806,
510,0.0826,0.3936,0.4012,0.4453,0.1904,0.5124,1.1586,0.0003,0.0002,0.0899,0.4777,2.5373,2.6231,21.391,2.8756,27.3713,
511,0.0828,0.4185,0.399,0.4356,0.1714,0.5002,1.1108,0.0002,0.0001,0.0767,0.4522,2.4683,2.5543,21.2274,2.8551,27.1179,
512,0.087,0.3277,0.3946,0.4303,0.2167,0.4951,1.1517,0.0003,0.0001,0.0861,0.465,2.4417,2.5335,25.4151,2.879,31.2631,
513,0.0852,0.3486,0.4114,0.4358,0.1992,0.5028,1.1461,0.0003,0.0002,0.0859,0.4664,2.4756,2.5642,21.2272,2.858,27.1445,
514,0.0828,0.4042,0.3774,0.434,0.1915,0.5019,1.1308,0.0002,0.0002,0.0783,0.4568,2.4637,2.5502,21.2444,2.8587,27.1376,
515,0.0827,0.3942,0.3913,0.432,0.1937,0.5034,1.1365,0.0002,0.0002,0.0839,0.4585,2.4811,2.5672,21.1642,2.8584,27.0658,
516,0.0829,0.404,0.3788,0.4316,0.1676,0.5032,1.1061,0.0002,0.0001,0.0763,0.4408,2.4194,2.5054,21.3303,2.8795,27.1937,
517,0.0834,0.397,0.3588,0.4336,0.1723,0.5037,1.1128,0.0001,0.0002,0.0875,0.455,2.4197,2.5061,21.65,2.8469,27.4814,
518,0.0829,0.392,0.421,0.44,0.1762,0.5069,1.1323,0.0003,0.0002,0.0839,0.4628,2.5143,2.6002,21.0026,2.828,26.9136,
519,0.0819,0.3924,0.4015,0.438,0.1913,0.5065,1.148,0.0002,0.0001,0.0911,0.4582,2.5042,2.5892,21.2436,2.8663,27.1828,
