,Unnecessary Copy,copyParticleData,computeMinMax,computeCellInformation,Execute kNeighborCount,Execute exclusive_scan over counts,Execute kNeighborhoodQueryWithCounts,Overhead,Compute neighbors,Neighbor copy from device to host - resize,Count copy from device to host - resize,Count copy from device to host - MemcpyDeviceToHost,Neighbor & Offset copy from device to host - MemcpyDeviceToHost,Overhead,Run hipNSearch,Overhead,neighborhood search,constraint projection,XSPH viscosity computation,Overhead,SimStep
0,1.2892,1.7393,7.9024,0.7608,2.8122,0.1594,3.3396,,6.3183,0.0003,0.0003,0.385,5.6565,,22.7729,,24.0716,363.377,57.5539,,455.367
1,1.455,2.3472,7.9604,0.6216,3.8452,0.2243,3.8373,,7.913,0.0002,0.0003,0.3161,5.4854,,24.6558,,26.1214,352.289,56.5148,,447.844
2,1.4573,2.2698,8.0307,0.6548,2.6007,0.185,3.3206,,6.1101,0.0002,0.0003,0.4758,5.4868,,23.0422,,24.5074,354.738,56.5564,,448.627
3,1.4304,2.227,7.6577,0.5614,3.6741,0.1709,3.7402,,7.5909,0.0005,0.0002,0.3129,5.483,,23.8475,,25.2885,350.187,56.5403,,444.747
4,1.4521,2.1479,7.8677,0.731,2.5071,0.1337,2.8157,,5.4604,0.0003,0.0003,0.3182,5.4805,,22.0176,,23.4768,359.023,56.4898,,451.798
5,1.4372,2.2505,7.8649,0.6823,3.757,0.149,3.8262,,7.7464,0.0004,0.0002,0.3248,5.4839,,24.3679,,25.8148,351.093,56.264,,446.025
6,1.4163,2.1951,7.8142,0.61,2.5377,0.1676,2.8132,,5.5224,0.0002,0.0002,0.3132,5.4828,,21.9613,,23.3881,354.535,57.3435,,447.98
7,1.4302,2.1477,7.5842,0.6832,3.6737,0.162,3.7084,,7.5536,0.0003,0.0003,0.3273,5.485,,23.8076,,25.2484,352.759,58.9833,,449.902
8,1.2954,1.5415,7.7864,0.9075,2.4961,0.2424,3.4177,,6.1591,0.0002,0.0002,0.3572,5.4998,,22.2604,,23.5653,351.626,58.5545,,444.46
9,1.4242,2.1809,7.4021,0.6226,3.541,0.1936,3.7077,,7.4514,0.0004,0.0003,0.378,5.4934,,23.5502,,24.9847,359.082,58.6091,,455.67
10,1.4587,2.3372,8.0389,0.6772,2.5887,0.2484,3.3195,,6.1682,0.0003,0.0002,0.427,5.5155,,23.1853,,24.6519,355.462,58.7016,,451.961
11,1.43,2.1793,7.829,0.6088,3.7567,0.2053,3.8157,,7.7871,0.0002,0.0003,0.3173,5.5028,,24.2483,,25.6888,359.444,58.7758,,456.803
12,1.4192,2.1138,8.0231,0.6257,3.8826,0.2097,3.8922,,7.993,0.0002,0.0002,0.3181,5.5173,,24.6139,,26.0428,353.179,58.8969,,451.043
13,1.4306,2.2694,7.7728,0.6183,3.7075,0.1635,3.7876,,7.6667,0.0002,0.0003,0.3266,5.5001,,24.1794,,25.6198,353.914,63.3446,,455.91
14,1.4283,2.3502,8.0453,0.6612,2.5829,0.2498,3.3892,,6.2314,0.0002,0.0001,0.3137,5.6992,,23.3256,,24.7629,354.446,59.2984,,451.574
15,1.4207,2.1268,7.8049,0.5914,3.7578,0.2191,3.8014,,7.7884,0.0002,0.0001,0.3103,5.6078,,24.2523,,25.682,355.088,59.1698,,453.016
16,1.2891,1.6208,7.7817,0.9014,2.5492,0.2017,3.3468,,6.1008,0.0001,0.0002,0.3749,5.6902,,22.4792,,23.7779,362.486,58.7386,,455.935
17,1.4295,2.1893,7.7929,0.6243,3.7842,0.1642,3.8081,,7.761,0.0002,0.0002,0.314,5.5169,,24.2168,,25.6558,356.807,59.0988,,454.616
18,1.4217,2.2235,7.8467,0.6132,2.7055,0.1978,2.8701,,5.7773,0.0002,0.0003,0.3128,5.5195,,22.3084,,23.7389,359.638,64.4471,,460.803
19,1.42,2.3017,7.9801,0.6087,3.9389,0.1939,3.8945,,8.031,0.0004,0.0003,0.3126,5.5293,,24.7749,,26.2045,359.845,59.253,,458.19
20,1.4316,2.3133,7.788,0.6675,2.5833,0.1706,2.8942,,5.6522,0.0002,0.0003,0.313,5.5254,,22.2745,,23.7158,356.425,59.0859,,452.208
21,1.4427,2.3102,7.8203,0.6436,3.8987,0.1881,3.9117,,8.0029,0.0004,0.0002,0.3121,5.5395,,24.6407,,26.0936,366.728,59.894,,465.879
22,1.4447,2.1119,7.784,0.5933,2.6056,0.1764,2.8997,,5.6854,0.0002,0.0001,0.3147,5.5561,,22.0698,,23.5236,361.494,59.6489,,457.736
23,1.4249,2.2815,7.9303,0.6223,3.9539,0.2052,3.9195,,8.0855,0.0002,0.0003,0.3286,5.5665,,24.8409,,26.2768,365.125,59.5445,,463.902
24,1.2946,1.7029,7.9162,0.6934,2.6582,0.2337,3.475,,6.3696,0.0002,0.0002,0.3603,5.5636,,22.6155,,23.9202,361.719,59.3909,,455.727
25,1.4393,2.3656,7.9698,0.6149,4.0537,0.2011,3.9862,,8.2456,0.0002,0.0002,0.3111,5.5705,,25.0923,,26.5427,365.054,59.5577,,464.236
26,1.444,2.2687,8.0206,0.7322,2.6307,0.1576,3.4223,,6.2212,0.0004,0.0003,0.3173,5.7654,,23.345,,24.797,372.408,59.6092,,469.949
27,1.461,2.2571,7.8891,0.7121,3.963,0.2058,3.9437,,8.1229,0.0002,0.0002,0.3295,5.5792,,24.9127,,26.382,365.707,59.7411,,464.979
28,1.4458,2.5129,8.0042,0.942,2.7132,0.2809,3.4547,,6.4582,0.0003,0.0001,0.3155,5.7743,,24.033,,25.4878,371.502,59.5599,,469.579
29,1.4271,2.2597,7.8808,0.7114,3.984,0.2158,3.9543,,8.164,0.0003,0.0002,0.3256,5.5979,,24.964,,26.4005,366.541,59.7437,,465.724
30,1.4205,2.3177,7.9743,0.6244,2.6862,0.2092,3.4277,,6.3322,0.0003,0.0003,0.3185,5.8,,23.3958,,24.8267,375.793,59.8047,,473.42
31,1.437,2.1504,7.8327,0.5903,3.9279,0.1543,3.9517,,8.0378,0.0002,0.0003,0.314,5.5965,,24.5439,,25.992,370.599,60.2786,,469.915
32,1.27,1.6885,7.7878,0.7033,2.7478,0.2735,3.5077,,6.5322,0.0001,0.0002,0.3662,5.6324,,22.8207,,24.1003,371.956,60.0546,,466.865
33,1.4332,2.2353,7.783,0.601,3.9711,0.2367,3.993,,8.2171,0.0004,0.0003,0.3233,5.6243,,24.7998,,26.2414,389.999,60.4058,,489.692
34,1.422,2.2956,8.0062,0.7309,2.7149,0.2021,3.4404,,6.3686,0.0003,0.0002,0.3154,5.8213,,23.5609,,24.9921,374.307,60.772,,473.189
35,1.4502,2.1134,7.8469,0.6784,4.0332,0.2049,4.0177,,8.2662,0.0003,0.0002,0.3125,5.6365,,24.8768,,26.3346,378.911,60.8891,,479.337
36,1.4282,2.5905,8.0678,0.9366,2.7505,0.213,3.4891,,6.462,0.0002,0.0002,0.3188,5.842,,24.2405,,25.6792,380.709,61.113,,480.535
37,1.4285,2.2146,7.7848,0.6126,4.0366,0.1625,4.0174,,8.2226,0.0002,0.0003,0.3403,5.6431,,24.841,,26.2797,386.007,61.022,,486.369
38,1.426,2.3319,8.0514,0.6594,2.7484,0.1881,3.4677,,6.4096,0.0002,0.0003,0.3148,5.8591,,23.6438,,25.0798,380.09,61.1165,,479.226
39,1.4214,2.1605,7.8306,0.6651,4.0586,0.1846,4.0343,,8.2813,0.0002,0.0003,0.3176,5.6771,,24.9474,,26.3804,388.398,61.3131,,489.026
40,1.2962,1.6226,7.771,0.92,2.8765,0.2607,3.5906,,6.732,0.0002,0.0002,0.3417,5.6832,,23.0805,,24.3886,380.428,61.3601,,477.177
41,1.4286,2.2315,7.8636,0.6573,4.1724,0.208,4.12,,8.5047,0.0002,0.0003,0.3153,5.6982,,25.2916,,26.7291,385.748,68.1167,,493.505
42,1.4333,2.323,8.0508,0.6532,2.8723,0.1495,3.5092,,6.5355,0.0002,0.0003,0.3154,5.9114,,23.8031,,25.2449,387.556,61.7907,,487.629
43,1.4268,2.1637,7.8075,0.5958,4.1367,0.1925,4.104,,8.4417,0.0003,0.0002,0.3209,5.7243,,25.0779,,26.5149,392.149,62.0846,,493.832
44,1.4639,2.2837,8.031,0.8408,2.8994,0.1885,3.3229,,6.4158,0.0002,0.0003,0.3163,5.7863,,23.6892,,25.1619,392.886,62.5832,,493.818
45,1.4543,2.2316,7.8609,0.6812,4.2299,0.2033,4.1749,,8.6121,0.0004,0.0002,0.3149,5.7399,,25.458,,26.9204,393.913,62.4803,,496.513
46,1.4249,2.3019,7.9528,0.6523,2.8392,0.2023,3.5141,,6.567,0.0002,0.0002,0.332,5.9264,,23.7554,,25.1927,395.515,62.9297,,496.69
47,1.4403,2.1934,7.7551,0.607,4.1305,0.2742,4.1338,,8.5476,0.0003,0.0003,0.3175,5.7677,,25.2116,,26.6617,397.378,62.7227,,499.836
48,1.2905,1.7252,7.78,0.9171,3.1991,0.199,3.2844,,6.6855,0.0002,0.0002,0.3894,5.7808,,23.2872,,24.5871,401.713,63.2254,,500.326
49,1.4205,2.1685,7.4115,0.5777,4.0198,0.191,4.0622,,8.2793,0.0002,0.0003,0.325,5.79,,24.5799,,26.0109,402.153,63.2679,,504.466
50,1.3969,2.3432,7.9506,0.8871,2.9114,0.2013,3.588,,6.7063,0.0003,0.0003,0.4973,5.8029,,24.2039,,25.6089,411.428,63.4208,,513.331
51,1.4222,2.2552,7.9042,0.6822,4.3233,0.1918,4.2225,,8.7415,0.0002,0.0003,0.311,5.809,,25.7234,,27.1554,407.384,63.6305,,511.157
52,1.4393,2.2814,8.0376,0.951,3.0036,0.1968,3.4529,,6.6624,0.0002,0.0003,0.3144,5.8293,,24.0989,,25.5468,410.605,64.1202,,513.336
53,1.4192,2.3264,8.0042,0.6346,4.5076,0.2045,4.3594,,9.0813,0.0003,0.0003,0.3178,5.844,,26.2315,,27.6606,412.921,64.3846,,517.921
54,1.4133,2.4063,8.0371,0.6812,3.1945,0.2103,3.6424,,7.0565,0.0003,0.0003,0.3168,6.061,,24.5843,,26.0078,419.387,64.7872,,523.203
55,1.4324,2.1235,7.78,0.6825,4.3203,0.2156,4.2801,,8.8249,0.0002,0.0003,0.3313,5.884,,25.6533,,27.0966,419.463,65.2038,,524.559
56,1.2964,1.7065,7.8273,1.0036,2.9818,0.2536,3.7383,,6.9769,0.0003,0.0002,0.3585,5.9416,,23.8281,,25.1348,417.475,68.3899,,521.801
57,1.416,2.2573,7.8684,0.6029,4.45,0.2211,4.3911,,9.0704,0.0002,0.0002,0.3186,5.9682,,26.0998,,27.5247,422.503,65.5556,,528.59
58,1.4173,2.3193,8.0904,0.6781,3.1293,0.1989,3.6706,,7.0083,0.0002,0.0003,0.3453,6.0939,,24.5598,,25.9872,426.076,66.1269,,531.092
59,1.4212,2.1458,7.5616,0.6783,4.2393,0.2196,4.2241,,8.6923,0.0002,0.0002,0.3245,5.9421,,25.3695,,26.8001,432.22,66.1003,,538.111
60,1.421,2.3059,7.9687,0.9096,3.0093,0.2077,3.5426,,6.7663,0.0003,0.0003,0.3137,5.9467,,24.2369,,25.6673,438.046,66.4826,,543.301
61,1.436,2.3082,7.8292,0.6175,4.4493,0.2781,4.3778,,9.1162,0.0003,0.0003,0.3257,5.966,,26.1837,,27.6279,434.25,66.9379,,541.963
62,1.4765,2.4433,8.0549,0.7481,3.2892,0.2007,3.7374,,7.234,0.0003,0.0003,0.396,6.1682,,25.0723,,26.5594,442.402,67.1139,,549.451
63,1.444,2.3323,7.9846,0.6407,4.5853,0.2342,4.4464,,9.2776,0.0003,0.0001,0.3269,5.9902,,26.5765,,28.0305,446.141,67.2932,,554.662
64,1.2788,1.71,7.9417,0.6694,3.1349,0.2089,3.7337,,7.0806,0.0002,0.0002,0.4167,6.2166,,24.0443,,25.3326,442.635,67.5616,,546.255
65,1.4226,2.1938,7.754,0.5925,4.4625,0.1832,4.3877,,9.0371,0.0002,0.0005,0.3123,6.0215,,25.9288,,27.3607,442.919,67.7292,,550.984
66,1.4227,2.4712,7.9829,0.9581,3.1035,0.2072,3.8287,,7.1498,0.0002,0.0001,0.3143,6.2218,,25.1262,,26.5575,446.276,67.7239,,553.576
67,1.4435,2.2891,7.8989,0.6807,4.581,0.273,4.439,,9.3005,0.0003,0.0003,0.3176,6.0537,,26.5643,,28.0189,449.315,68.4279,,558.972
68,1.4474,2.5518,8.0937,0.9184,3.1345,0.1913,3.8648,,7.1945,0.0003,0.0002,0.3592,6.2443,,25.3856,,26.8425,457.656,68.3788,,566.137
69,1.4149,2.3364,8.0319,0.6191,4.7196,0.2135,4.5961,,9.5408,0.0005,0.0003,0.3234,6.0853,,26.9612,,28.3858,452.351,68.5675,,562.351
70,1.4427,2.3394,7.9921,0.6942,3.3563,0.2013,3.8481,,7.414,0.0002,0.0003,0.3154,6.2862,,25.0658,,26.5173,459.487,68.9736,,568.078
71,1.4153,2.1157,7.7905,0.5984,4.5831,0.1965,4.5051,,9.2885,0.0002,0.0003,0.3147,6.1087,,26.24,,27.665,457.111,69.2097,,566.926
72,1.2873,1.5317,7.8707,0.7478,3.045,0.2031,3.9222,,7.1752,0.0002,0.0003,0.5127,6.1846,,24.0359,,25.3334,460.328,69.1116,,565.587
73,1.4116,2.1589,7.8195,0.6528,4.614,0.2047,4.5394,,9.3624,0.0002,0.0002,0.338,6.1507,,26.5103,,27.9322,461.111,69.4819,,571.467
74,1.443,2.3299,7.9282,0.9113,3.2111,0.2021,4.0658,,7.4901,0.0002,0.0003,0.3162,6.1523,,25.1479,,26.6015,468.781,69.8403,,578.342
75,1.4507,2.1593,7.8195,0.6204,4.6915,0.3087,4.6277,,9.6385,0.0002,0.0002,0.3166,6.1658,,26.7437,,28.2033,466.039,70.0686,,577.495
76,1.4402,2.3234,7.9791,0.9251,3.2401,0.2657,4.0709,,7.5874,0.0002,0.0003,0.3217,6.1821,,25.3439,,26.7928,467.149,70.2162,,577.153
77,1.4388,2.1816,7.8094,0.6238,4.7584,0.2222,4.6356,,9.6253,0.0002,0.0003,0.3141,6.1996,,26.7772,,28.2244,474.134,70.6221,,585.955
78,1.4451,2.1819,7.9035,0.8909,3.2679,0.2072,4.1384,,7.6226,0.0002,0.0003,0.3156,6.2093,,25.1504,,26.6049,472.844,70.8723,,583.357
79,1.4422,2.1047,7.7943,0.6725,4.7476,0.2217,4.6695,,9.6498,0.0003,0.0003,0.3248,6.2237,,26.794,,28.2465,478.116,71.0541,,590.493
80,1.2696,1.6233,7.7074,0.9264,3.3573,0.1908,4.078,,7.6297,0.0001,0.0001,0.3677,6.3644,,24.6306,,25.9097,474.607,70.773,,582.207
81,1.4135,2.2119,7.8218,0.6302,4.8367,0.2066,4.7326,,9.7893,0.0004,0.0002,0.3254,6.2557,,27.0626,,28.4841,482.396,71.5001,,595.313
82,1.4321,2.3654,8.1917,0.8554,3.3391,0.1849,4.2009,,7.7285,0.0004,0.0002,0.3066,6.2689,,25.7314,,27.1727,480.143,71.4085,,591.719
83,1.4243,2.2671,7.7808,0.5948,4.8415,0.2346,4.7449,,9.8384,0.0004,0.0002,0.329,6.2828,,27.1072,,28.541,482.747,71.8182,,596.166
84,1.4189,2.378,7.9434,0.9296,3.399,0.1945,4.3005,,7.9022,0.0002,0.0003,0.3166,6.2904,,25.7836,,27.2119,485.764,71.9646,,597.948
85,1.4267,2.3163,7.9851,0.6656,5.1594,0.2174,4.876,,10.2634,0.0002,0.0001,0.3149,6.308,,27.8789,,29.3158,488.651,72.4194,,603.334
86,1.4304,2.2501,8.0036,0.8756,3.3791,0.2063,4.2034,,7.7983,0.0002,0.0003,0.4745,6.315,,25.7411,,27.1818,496.246,72.4503,,609.083
87,1.462,2.246,7.8597,0.656,4.9597,0.2138,4.7994,,9.9813,0.0002,0.0004,0.3172,6.3336,,27.4166,,28.889,491.848,72.9414,,606.954
88,1.2798,1.7175,7.897,0.652,3.2537,0.2102,4.356,,7.8228,0.0002,0.0002,0.3615,6.3855,,24.8494,,26.139,491.78,72.6877,,601.415
89,1.4206,2.1625,7.7381,0.6908,4.9418,0.1974,4.824,,9.972,0.0003,0.0002,0.3233,6.3677,,27.2723,,28.7027,496.639,72.8903,,611.172
90,1.4371,2.3857,8.0326,0.672,3.6022,0.2066,4.3801,,8.1968,0.0002,0.0003,0.315,6.3755,,26.0045,,27.4512,504.453,73.3094,,618.24
91,1.4297,2.1859,7.5414,0.6154,4.939,0.2062,4.8141,,9.968,0.0003,0.0002,0.3134,6.3872,,27.034,,28.4743,501.42,73.4064,,616.363
92,1.4208,2.4675,8.0485,0.6994,3.8016,0.2097,4.4063,,8.4269,0.0002,0.0003,0.3217,6.404,,26.394,,27.8238,501.695,73.8201,,616.339
93,1.4473,2.2446,7.4865,0.6341,4.8705,0.1956,4.7898,,9.8662,0.0002,0.0002,0.3154,6.4256,,26.9953,,28.4535,511.746,74.0263,,627.35
94,1.4194,2.4785,8.0152,0.9316,3.5419,0.2054,4.4487,,8.2026,0.0002,0.0002,0.3247,6.4354,,26.4071,,27.8369,508.958,74.2782,,624.076
95,1.4353,2.1742,7.8712,0.6257,5.2144,0.1923,5.0033,,10.4147,0.0002,0.0002,0.3127,6.4442,,27.8676,,29.3134,515.839,74.4237,,632.685
96,1.2947,1.7094,7.7146,0.9775,3.3983,0.2117,4.5769,,8.1897,0.0002,0.0004,0.355,6.4918,,25.452,,26.7574,506.505,74.542,,618.678
97,1.4266,2.3172,7.9415,0.6231,5.3192,0.1966,5.0821,,10.6441,0.0002,0.0003,0.3113,6.4693,,28.3281,,29.7646,523.595,75.1456,,641.601
98,1.4282,2.487,8.1969,0.9243,3.5943,0.2044,4.5763,,8.38,0.0002,0.0003,0.3172,6.4886,,26.8184,,28.2567,518.471,79.7343,,639.545
99,1.4526,2.1476,7.7852,0.6981,5.2033,0.1988,5.0023,,10.4149,0.0003,0.0004,0.3239,6.4961,,27.8911,,29.3529,519.765,75.6279,,637.85
100,1.4364,2.2677,7.92,0.8973,3.6495,0.2035,4.6597,,8.5219,0.0002,0.0001,0.3131,6.5039,,26.4464,,27.8914,526.679,75.8676,,643.62
101,1.4499,2.4124,7.5045,0.6219,5.0735,0.2048,5.0054,,10.2918,0.0002,0.0003,0.32,6.5223,,27.6993,,29.1587,521.504,76.0399,,639.906
102,1.4387,2.2466,8.0506,0.9044,3.6825,0.2099,4.6776,,8.5805,0.0003,0.0003,0.3291,6.5373,,26.6743,,28.1227,525.639,76.2057,,643.088
103,1.4553,2.2134,7.7775,0.607,5.2788,0.2101,5.125,,10.6242,0.0003,0.0002,0.3319,6.5562,,28.1394,,29.6034,531.991,76.5821,,651.368
104,1.2831,1.7025,7.882,0.6895,3.7564,0.2059,4.7224,,8.6924,0.0003,0.0002,0.3634,6.5738,,25.9142,,27.2067,524.458,76.4776,,638.865
105,1.4399,2.1688,7.7858,0.6138,5.3561,0.2125,5.1475,,10.7257,0.0003,0.0001,0.3295,6.5773,,28.2298,,29.679,534.472,76.6859,,653.876
106,1.4464,2.4855,8.2224,0.9555,3.8054,0.2135,4.7449,,8.7712,0.0003,0.0003,0.3168,6.5991,,27.3725,,28.8267,533.298,76.8804,,652.062
107,1.4459,2.1584,7.798,0.6179,5.3951,0.2003,5.2131,,10.8169,0.0003,0.0002,0.3269,6.6016,,28.3439,,29.7993,537.343,77.2408,,657.486
108,1.4487,2.254,8.0044,0.7105,3.7281,0.1929,4.7919,,8.7182,0.0002,0.0003,0.3163,6.6074,,26.6311,,28.0877,537.225,77.4811,,655.943
109,1.4258,2.4457,7.8947,0.6171,5.5257,0.2014,5.2724,,11.0095,0.0003,0.0004,0.3243,6.6167,,28.9355,,30.3715,536.218,77.7516,,657.343
110,1.4159,2.2526,8.1753,0.9362,3.8008,0.2133,4.8441,,8.8653,0.0002,0.0003,0.3177,6.6455,,27.2177,,28.6439,539.55,78.0208,,659.184
111,1.4349,2.2496,7.8111,0.6368,5.4892,0.1969,5.2537,,10.9501,0.0003,0.0004,0.3266,6.6496,,28.6465,,30.0909,544.162,78.151,,665.526
112,1.2739,1.6843,7.8265,0.7034,3.7123,0.2137,4.8731,,8.8019,0.0002,0.0002,0.3552,6.7056,,26.0908,,27.3756,542.478,78.1032,,658.741
113,1.4185,2.2822,7.896,0.6943,5.6312,0.1915,5.3446,,11.1726,0.0002,0.0003,0.3147,6.6721,,29.0531,,30.4817,544.81,78.4308,,666.772
114,1.4224,2.2866,8.0038,0.6958,3.8641,0.2078,4.9115,,8.9935,0.0003,0.0002,0.3245,6.6875,,27.0199,,28.4529,546.923,78.4193,,666.849
115,1.4243,2.2774,7.8198,0.612,5.6387,0.2484,5.3699,,11.2666,0.0002,0.0003,0.3261,6.6967,,29.0219,,30.4571,546.415,78.5873,,668.399
116,1.4287,2.2974,7.9502,0.9844,3.9418,0.2029,4.9783,,9.132,0.0003,0.0003,0.3156,6.769,,27.4724,,28.9115,547.957,78.9315,,668.858
117,1.416,2.1829,7.7602,0.5939,5.6679,0.292,5.4075,,11.3753,0.0002,0.0001,0.3173,6.7178,,28.9702,,30.396,549.395,79.2629,,672.156
118,1.4428,2.4709,8.1192,1.8782,4.0171,0.2064,5.0114,,9.2478,0.0003,0.0002,0.3261,6.7365,,28.8071,,30.2604,554.509,79.3945,,677.419
119,1.4167,2.1087,7.4881,0.6429,5.5944,0.1895,5.39,,11.1785,0.0002,0.0003,0.3148,6.7523,,28.5081,,29.9346,555.294,79.7962,,677.91
120,1.2879,1.728,7.9751,0.6965,4.5031,0.2097,5.108,,9.8238,0.0002,0.0002,0.3983,6.7735,,27.4038,,28.7014,553.823,79.6096,,673.001
121,1.4126,2.1692,7.5603,0.5987,5.6032,0.1957,5.4102,,11.2154,0.0002,0.0003,0.3242,6.7672,,28.6568,,30.0783,561.78,80.2461,,685.217
122,1.4107,2.2715,8.1374,0.8699,4.012,0.2041,5.102,,9.3259,0.0002,0.0003,0.3137,6.7815,,27.7183,,29.1379,575.58,85.6934,,703.442
123,1.4099,2.1583,7.4639,0.6434,5.5943,0.1853,5.3973,,11.1827,0.0003,0.0004,0.3129,6.7913,,28.5704,,29.9897,560.204,80.1762,,683.344
124,1.42,2.2627,7.9073,0.9038,4.1027,0.2015,5.1443,,9.453,0.0002,0.0003,0.3136,6.8054,,27.6671,,29.0962,573.449,82.8602,,698.522
125,1.4376,2.2845,7.8187,0.6504,5.9335,0.2148,5.5716,,11.7277,0.0003,0.0003,0.3344,6.8291,,29.6701,,31.1169,601.439,90.4127,,736.002
126,1.4518,2.3598,7.9774,0.6759,6.0328,0.2944,5.7547,,12.098,0.0004,0.0002,0.3419,6.8688,,30.3556,,31.8229,563.923,81.0612,,689.943
127,1.4454,2.3119,8.2128,0.9734,4.4596,0.2871,5.1798,,9.9361,0.0002,0.0003,0.3163,6.8891,,28.6635,,30.1191,570.633,80.7147,,694.586
128,1.3523,1.6861,7.8282,0.9557,4.2151,0.2578,5.2791,,9.7593,0.0004,0.0002,0.3765,6.8714,,27.4879,,28.854,563.623,80.5709,,683.969
129,1.425,2.2816,7.8268,0.6061,5.9393,0.2329,5.649,,11.9253,0.0002,0.0002,0.3275,6.8563,,29.8382,,31.2721,569.175,80.4209,,693.839
130,1.4406,2.2198,7.9197,0.9165,4.1388,0.2059,5.2571,,9.6109,0.0002,0.0003,0.3249,6.8676,,27.8864,,29.3357,574.55,80.7013,,697.767
131,1.4613,2.2342,7.9311,0.6373,6.13,0.2804,5.7099,,12.1273,0.0002,0.0002,0.3178,6.8903,,30.1606,,31.6297,580.719,82.7787,,708.296
132,1.4272,2.3604,8.0189,0.7081,4.1742,0.2056,5.3007,,9.6907,0.0002,0.0002,0.3244,6.8983,,28.026,,29.4624,573.093,80.7111,,696.262
133,1.4437,2.3701,7.826,0.6315,6.0284,0.1898,5.7112,,11.9342,0.0002,0.0003,0.3165,6.9538,,30.0566,,31.5099,583.36,80.9256,,708.783
134,1.4276,2.095,7.7525,0.5954,5.9381,0.1964,5.6795,,11.8208,0.0002,0.0003,0.3189,6.9163,,29.5201,,30.9562,585.177,80.6939,,709.812
135,1.4243,2.4168,8.0439,0.6561,4.3557,0.1872,5.4129,,9.9597,0.0002,0.0003,0.3102,6.9338,,28.3391,,29.7734,578.418,81.0299,,702.09
136,1.2783,1.7046,7.7442,0.9458,4.3288,0.2074,5.0781,,9.6234,0.0002,0.0003,0.3606,6.9446,,27.3337,,28.6216,578.716,81.1332,,699.049
137,1.4107,2.1402,7.5184,0.6404,5.8502,0.181,5.6552,,11.6903,0.0002,0.0002,0.329,6.9486,,29.2885,,30.7075,581.036,80.9979,,705.658
138,1.42,2.3141,7.9891,0.7197,4.2362,0.1933,5.4169,,9.8529,0.0002,0.0002,0.3145,6.9594,,28.1674,,29.5993,583.61,81.3767,,707.504
139,1.4173,2.1715,7.8,0.5999,6.1108,0.1928,5.7781,,12.0854,0.0002,0.0003,0.3115,6.9766,,29.9658,,31.3928,584.448,81.5031,,710.201
140,1.4321,2.2093,8.1838,0.8445,4.3597,0.2013,5.0775,,9.6452,0.0002,0.0003,0.3138,6.9885,,28.2007,,29.6422,592.744,81.6515,,717.029
141,1.4256,2.2187,7.8139,0.5905,6.1647,0.1812,5.8374,,12.1913,0.0003,0.0003,0.3202,6.9948,,30.1479,,31.5823,587.139,81.9813,,713.58
142,1.4375,2.441,7.9558,0.7032,4.2726,0.2086,5.4914,,9.9835,0.0003,0.0002,0.3123,7.0017,,28.4087,,29.8557,589.308,82.3139,,714.417
143,1.4386,2.326,7.8296,0.591,6.2362,0.1865,5.882,,12.3089,0.0005,0.0002,0.3108,7.016,,30.3958,,31.8442,595.999,82.4218,,723.239
144,1.3043,1.7281,7.7574,0.9852,4.5332,0.2153,5.1475,,9.9031,0.0003,0.0002,0.3706,7.0416,,27.7963,,29.1109,588.736,82.043,,710.505
145,1.4074,2.2769,7.9592,0.6068,6.4668,0.2041,5.9819,,12.6597,0.0002,0.0002,0.3167,7.0452,,30.8913,,32.3075,594.464,82.5454,,722.078
146,1.4497,2.5625,8.1385,0.9329,4.41,0.2101,5.6334,,10.2646,0.0003,0.0003,0.3312,7.0499,,29.3023,,30.7617,601.137,82.9281,,727.737
147,1.4388,2.307,7.9527,0.6338,6.393,0.2484,6.004,,12.6544,0.0003,0.0003,0.325,7.0683,,30.9662,,32.4151,597.631,83.0126,,725.958
148,1.4414,2.1587,7.8692,0.6006,6.291,0.1897,5.9222,,12.408,0.0002,0.0002,0.3192,7.0707,,30.4465,,31.9039,602.106,83.2144,,730.083
149,1.4603,2.4505,7.927,0.9767,4.4216,0.185,5.6455,,10.257,0.0003,0.0003,0.3119,7.0785,,29.0178,,30.4889,603.833,83.1385,,730.476
150,1.4197,2.1357,7.8026,0.6007,6.3089,0.1899,5.977,,12.4813,0.0003,0.0003,0.3127,7.0921,,30.4496,,31.8793,598.729,84.5126,,727.899
151,1.4266,2.2417,8.1825,0.8637,4.4692,0.2423,5.8013,,10.518,0.0002,0.0003,0.3122,7.1028,,29.2407,,30.6757,598.583,83.1299,,725.135
152,1.2827,1.6198,7.7507,0.9526,4.5578,0.1902,5.8772,,10.6287,0.0001,0.0002,0.3473,7.1952,,28.5051,,29.7985,599.092,83.1991,,722.732
153,1.4355,2.1432,7.804,0.6315,6.4157,0.2046,6.034,,12.6654,0.0003,0.0002,0.3163,7.1129,,30.6964,,32.1401,598.624,84.5292,,728.153
154,1.4497,2.4433,8.0503,0.6797,4.5331,0.2074,5.7553,,10.5063,0.0002,0.0003,0.3139,7.1241,,29.1447,,30.6044,608.128,83.5941,,735.284
155,1.4407,2.2439,7.7686,0.6061,6.3632,0.1948,6.0605,,12.6288,0.0002,0.0003,0.3285,7.1334,,30.7328,,32.1823,612.251,83.6702,,740.892
156,1.442,2.3175,7.7675,0.5969,6.4668,0.2125,6.0739,,12.7659,0.0002,0.0003,0.3145,7.1386,,30.9276,,32.38,607.358,83.975,,736.443
157,1.415,2.5233,8.0955,1.0359,4.5253,0.1998,5.8388,,10.574,0.0002,0.0002,0.3252,7.1461,,29.7273,,31.1515,601.591,83.7708,,729.203
158,1.4265,2.1744,7.8016,0.6431,6.4839,0.1966,6.0761,,12.7619,0.0003,0.0003,0.3273,7.1519,,30.8852,,32.3213,609.657,83.8115,,738.583
159,1.4223,2.2631,8.0163,0.9101,4.5654,0.2144,5.82,,10.6099,0.0003,0.0004,0.3272,7.1542,,29.3007,,30.7322,606.906,83.9145,,734.317
160,1.2987,1.6945,7.8056,0.7215,4.7321,0.2451,5.9476,,10.9334,0.0002,0.0004,0.3662,7.1708,,28.704,,30.0129,599.467,83.7784,,723.766
161,1.4502,2.2993,7.9629,0.6472,6.6037,0.201,6.1469,,12.9634,0.0003,0.0002,0.3146,7.1612,,31.4142,,32.8736,605.968,83.9348,,735.712
162,1.4271,2.3252,7.5254,0.6071,6.2612,0.1921,6.0092,,12.4731,0.0002,0.0003,0.3243,7.1689,,30.4477,,31.885,608.328,83.9196,,737.038
163,1.4248,2.3259,8.0116,0.683,4.5448,0.2069,5.8748,,10.6362,0.0003,0.0003,0.3229,7.1721,,29.177,,30.6124,603.512,83.9831,,730.885
164,1.4184,2.2479,7.5415,0.604,6.3356,0.199,6.0202,,12.5649,0.0003,0.0001,0.3236,7.1826,,30.4886,,31.9168,612.186,84.1512,,741.007
165,1.4418,2.256,8.1249,0.8852,4.6242,0.2111,5.9568,,10.8009,0.0003,0.0002,0.3176,7.2229,,29.6365,,31.0892,610.06,83.6428,,737.569
166,1.4449,2.3173,7.9317,0.6542,6.7053,0.2002,6.2444,,13.1601,0.0002,0.0003,0.3301,7.1887,,31.6102,,33.064,612.123,83.9337,,742.033
167,1.4453,2.3498,8.0138,1.1345,4.6932,0.2033,5.5009,,10.403,0.0002,0.0002,0.335,7.187,,29.4451,,30.8999,605.308,84.1828,,733.213
168,1.3035,1.7099,7.9068,0.721,4.3604,0.1958,6.0255,,10.5894,0.0003,0.0002,0.4092,7.2065,,28.5533,,29.8673,604.924,84.1071,,729.383
169,1.4147,2.1499,7.3892,0.6627,6.3776,0.1958,6.057,,12.6396,0.0004,0.0001,0.3237,7.2182,,30.4083,,31.8322,602.111,92.0049,,738.444
170,1.4285,2.2553,7.999,0.6784,4.6681,0.2328,5.9218,,10.8284,0.0002,0.0002,0.3121,7.2083,,29.3088,,30.7476,604.57,88.0224,,736.112
171,1.4212,2.1646,7.6253,0.5926,6.5633,0.1903,6.1668,,12.929,0.0003,0.0002,0.3289,7.2028,,30.8686,,32.2984,607.541,84.0439,,736.653
172,1.4283,2.3358,8.2051,0.887,4.7129,0.2537,5.7253,,10.7003,0.0002,0.0002,0.3116,7.2009,,29.6611,,31.0994,607.537,84.2633,,735.618
173,1.436,2.1103,7.6584,0.5828,6.5982,0.1814,6.1635,,12.9475,0.0002,0.0002,0.3048,7.2041,,30.8245,,32.271,603.072,84.0314,,732.115
174,1.4274,2.4001,8.1252,0.6652,4.9373,0.2034,5.9815,,11.128,0.0003,0.0003,0.3125,7.2649,,29.9125,,31.3486,605.401,84.2379,,733.702
175,1.4387,2.2103,7.5464,0.6545,6.4619,0.1777,6.1832,,12.8273,0.0002,0.0002,0.3129,7.2093,,30.7783,,32.225,609.163,84.2792,,738.563
176,1.2832,1.5688,7.8561,0.6696,4.6692,0.2165,6.146,,11.0391,0.0003,0.0002,0.3976,7.2248,,28.767,,30.0604,601.784,84.061,,726.31
177,1.4293,2.2335,7.8145,0.6771,6.674,0.194,6.2451,,13.1224,0.0003,0.0002,0.3222,7.2206,,31.4162,,32.8534,609.988,84.448,,740.091
178,1.4587,2.3082,8.0423,0.6721,4.7479,0.2088,6.0175,,10.9819,0.0003,0.0002,0.3241,7.2245,,29.5782,,31.0453,607.95,84.0914,,735.997
179,1.4566,2.1402,7.657,0.6046,6.6908,0.2001,6.2405,,13.1376,0.0002,0.0003,0.3153,7.2251,,31.1001,,32.5649,611.224,84.5184,,741.37
180,1.4742,2.3673,8.035,0.656,4.7352,0.188,6.0404,,10.9673,0.0002,0.0003,0.3106,7.2265,,29.5875,,31.0718,606.803,84.045,,734.964
181,1.4438,2.1531,7.4416,0.6601,6.5485,0.1991,6.2182,,12.9772,0.0003,0.0002,0.3242,7.2229,,30.8042,,32.2573,610.257,84.2369,,739.622
182,1.437,2.2646,8.0208,0.9505,4.9111,0.2091,6.1359,,11.2659,0.0002,0.0002,0.3264,7.2257,,30.0795,,31.5263,609.847,84.3782,,738.481
183,1.4256,2.177,7.8188,0.6162,6.7922,0.2007,6.3942,,13.3964,0.0002,0.0004,0.3254,7.227,,31.5845,,33.0208,605.658,88.9286,,740.336
184,1.3099,1.7008,7.8231,0.7493,4.8625,0.2168,6.1615,,11.2487,0.0004,0.0002,0.4479,7.2304,,29.2101,,30.5302,608.308,84.0138,,733.325
185,1.4287,2.3112,7.844,0.6209,6.8794,0.2179,6.3545,,13.4613,0.0002,0.0002,0.324,7.2191,,31.8055,,33.2433,606.379,84.2479,,736.546
186,1.4347,2.3832,8.0316,0.6771,4.8122,0.2008,6.0734,,11.0952,0.0004,0.0003,0.3234,7.2351,,29.7697,,31.215,603.278,84.2141,,731.3
187,1.4293,2.1275,7.8136,0.6673,6.7454,0.2786,6.3149,,13.3544,0.0003,0.0003,0.3401,7.2346,,31.5662,,33.0045,605.066,87.0358,,737.83
188,1.4307,2.5089,8.0763,1.0667,4.8242,0.1617,6.1173,,11.1105,0.0003,0.0002,0.3178,7.228,,30.3291,,31.7683,610.048,84.2455,,738.858
189,1.4545,2.2902,7.8881,0.653,6.8687,0.2098,6.3663,,13.4534,0.0002,0.0002,0.3254,7.2298,,31.8657,,33.3282,611.502,84.2727,,741.885
190,1.453,2.2741,7.9638,0.6376,6.9538,0.1977,6.4012,,13.5622,0.0002,0.0003,0.3163,7.2285,,32.0054,,33.4683,603.635,84.3504,,734.363
191,1.4117,2.32,8.1637,0.896,4.8237,0.1962,6.1581,,11.1868,0.0002,0.0002,0.317,7.2469,,30.1576,,31.5785,609.276,84.4853,,738.06
192,1.289,1.711,7.9521,0.7078,4.6292,0.2139,6.2476,,11.0938,0.0002,0.0002,0.3512,7.268,,29.0975,,30.3969,607.966,84.0259,,732.816
193,1.4322,2.1565,7.6721,0.6512,6.7313,0.1812,6.2959,,13.2123,0.0002,0.0003,0.3138,7.2379,,31.3089,,32.7516,604.882,84.5057,,734.892
194,1.436,2.2329,7.729,0.5961,6.7581,0.2344,6.324,,13.3266,0.0002,0.0003,0.3176,7.2309,,31.454,,32.8982,610.531,84.2677,,740.404
195,1.428,2.5379,8.0199,0.6623,4.9487,0.187,6.1548,,11.2947,0.0005,0.0006,0.3357,7.2315,,30.096,,31.5335,607.748,109.301,,761.461
196,1.4343,2.4046,7.5677,0.5716,6.6716,0.1783,6.3075,,13.1616,0.0002,0.0002,0.3111,7.2373,,31.2703,,32.7145,607.966,89.1385,,742.406
197,1.4359,2.1986,7.8199,0.5934,6.9017,0.2171,6.3878,,13.5105,0.0001,0.0002,0.3345,7.2298,,31.6988,,33.1436,603.889,84.4185,,734.272
198,1.4486,2.2973,8.1213,0.9199,4.9666,0.2657,5.7733,,11.0124,0.0002,0.0003,0.3275,7.2355,,29.9437,,31.401,610.741,84.5445,,739.573
199,1.4375,2.0961,7.8154,0.5977,6.8995,0.2278,6.3616,,13.4972,0.0002,0.0002,0.3136,7.2389,,31.5817,,33.0279,608.484,84.5137,,738.734
200,1.2876,1.7501,7.8844,0.7093,4.8768,0.2099,6.2911,,11.3857,0.0003,0.0002,0.3704,7.2495,,29.3607,,30.6585,603.298,84.2661,,728.618
201,1.4297,2.1608,7.8225,0.5967,6.8911,0.2258,6.3626,,13.4889,0.0002,0.0003,0.3148,7.2673,,31.6686,,33.1085,611.209,84.2491,,741.155
202,1.4342,2.4126,8.0105,0.6774,4.8052,0.2705,6.131,,11.2113,0.0002,0.0002,0.3141,7.2326,,29.8783,,31.3221,609.907,84.5394,,738.519
203,1.4073,2.2612,7.9015,0.6772,6.9415,0.198,6.4667,,13.6151,0.0002,0.0003,0.3145,7.2495,,32.0416,,33.4582,606.316,84.7399,,737.176
204,1.4562,2.3598,8.0249,0.6758,4.9549,0.1998,6.2248,,11.3881,0.0003,0.0003,0.3164,7.2387,,30.0302,,31.495,613.646,84.8223,,742.76
205,1.4587,2.2441,7.9328,0.6276,7.0121,0.208,6.4834,,13.714,0.0003,0.0003,0.3537,7.2484,,32.1446,,33.6126,609.495,84.7031,,740.757
206,1.4333,2.2408,7.9472,0.6254,7.0215,0.1978,6.4661,,13.6962,0.0003,0.0002,0.3235,7.244,,32.0997,,33.5415,611.077,84.772,,742.1
207,1.4516,2.4304,8.06,0.6971,4.9927,0.1953,6.2301,,11.4232,0.0002,0.0005,0.3191,7.2459,,30.2072,,31.6692,606.918,84.9028,,736.376
208,1.287,1.6318,7.8202,0.9215,4.7848,0.2093,6.362,,11.3605,0.0003,0.0003,0.3539,7.2517,,29.3529,,30.65,609.876,84.6094,,735.586
209,1.4426,2.1573,7.7629,0.5939,6.9003,0.2077,6.4032,,13.5163,0.0002,0.0003,0.3141,7.2646,,31.6291,,33.0814,607.835,92.2437,,745.98
210,1.4375,2.3995,8.0584,0.7307,5.1496,0.1944,6.2398,,11.5875,0.0002,0.0002,0.3146,7.2531,,30.3631,,31.8102,607.669,84.6137,,736.926
211,1.4217,2.1623,7.7885,0.5936,6.8762,0.1881,6.4212,,13.4902,0.0002,0.0003,0.3181,7.2521,,31.627,,33.0583,613.565,84.711,,744.022
212,1.4427,2.139,7.8276,0.5995,6.8726,0.1996,6.394,,13.4763,0.0003,0.0003,0.3174,7.2777,,31.6616,,33.1151,614.494,84.7775,,745.172
213,1.4456,2.4011,8.0024,0.8955,4.8864,0.1875,6.3278,,11.4056,0.0003,0.0005,0.3121,7.2926,,30.3283,,31.7844,610.739,84.8287,,740.205
214,1.4682,2.1106,7.772,0.6102,6.9626,0.2046,6.4618,,13.6382,0.0003,0.0002,0.3137,7.2576,,31.7338,,33.212,610.008,85.0225,,741.265
215,1.4387,2.3514,8.0494,0.6794,4.934,0.2708,6.2745,,11.4898,0.0003,0.0002,0.3255,7.2606,,30.1865,,31.6329,616.771,85.2041,,746.325
216,1.291,1.637,7.7827,0.9457,4.9123,0.2323,6.4231,,11.5707,0.0001,0.0001,0.3644,7.2628,,29.5729,,30.8734,607.465,84.8454,,733.627
217,1.4199,2.0978,7.7649,0.6026,6.8923,0.2568,6.43,,13.589,0.0003,0.0003,0.3214,7.263,,31.6676,,33.0976,621.423,87.0161,,754.184
218,1.4079,2.2441,7.8788,0.8614,5.0713,0.1513,6.283,,11.5121,0.0002,0.0002,0.3235,7.2534,,30.0909,,31.5085,617.182,85.2243,,746.528
219,1.4321,2.2296,7.7424,0.5711,6.8757,0.183,6.3733,,13.4359,0.0002,0.0002,0.3161,7.2575,,31.5714,,33.0161,612.517,85.0446,,743.414
220,1.4313,2.428,8.1179,0.8776,4.9308,0.1935,5.9306,,11.0598,0.0004,0.0002,0.3134,7.2613,,30.0772,,31.5189,610.607,85.2907,,740.071
221,1.4255,2.2892,7.8308,0.6063,7.0259,0.1874,6.4428,,13.6604,0.0002,0.0003,0.3146,7.2569,,31.9743,,33.4095,617.955,85.0332,,749.082
222,1.4206,2.2715,7.745,0.581,6.9183,0.1783,6.3698,,13.47,0.0002,0.0002,0.3176,7.2645,,31.6707,,33.1011,618.269,85.1992,,749.186
223,1.4215,2.3328,7.9874,0.7065,4.8721,0.2003,6.251,,11.3306,0.0002,0.0003,0.3139,7.263,,29.9588,,31.3931,618.807,85.2267,,748.078
224,1.2897,1.7179,7.8525,0.9675,4.9911,0.2162,6.4775,,11.6877,0.0002,0.0002,0.3685,7.2838,,29.8919,,31.1916,611.902,85.1099,,738.712
225,1.4431,2.2217,7.8897,0.6331,7.0732,0.2805,6.4877,,13.8526,0.0002,0.0003,0.3247,7.2664,,32.213,,33.7155,617.974,85.6608,,750.192
226,1.4293,2.3438,7.8656,0.6274,7.0558,0.2508,6.4738,,13.7907,0.0003,0.0002,0.3147,7.2686,,32.2356,,33.6748,616.539,85.1646,,748.072
227,1.4257,2.232,7.9256,0.9143,4.934,0.1951,6.3312,,11.4689,0.0002,0.0003,0.3224,7.2683,,30.1539,,31.5886,608.461,85.2039,,738.046
228,1.4722,2.146,7.7986,0.6156,7.1204,0.2608,6.5309,,13.9239,0.0003,0.0003,0.324,7.2809,,32.1153,,33.5983,616.316,85.0583,,747.894
229,1.4225,2.2739,7.8626,0.6488,7.1104,0.198,6.5411,,13.86,0.0002,0.0002,0.3211,7.2676,,32.2555,,33.6873,617.943,85.5726,,749.889
230,1.4443,2.3887,8.0568,0.6777,5.0761,0.2091,6.2633,,11.5606,0.0003,0.0003,0.3245,7.2774,,30.3083,,31.7617,611.313,92.5594,,748.439
231,1.4264,2.1139,7.7791,0.6127,6.9412,0.2505,6.4526,,13.6522,0.0002,0.0004,0.3171,7.267,,31.7661,,33.2017,611.355,85.917,,743.097
232,1.2945,1.6331,7.7951,1.0426,4.945,0.2411,6.3438,,11.5399,0.0003,0.0002,0.3648,7.2778,,29.6635,,30.9678,615.471,85.1293,,742.088
233,1.4448,2.3235,7.8448,0.6185,7.0106,0.2089,6.5329,,13.7618,0.0003,0.0003,0.325,7.2777,,32.1748,,33.6267,610.381,89.8692,,746.657
234,1.4269,2.375,8.016,0.662,4.9099,0.2145,6.305,,11.4417,0.0003,0.0002,0.3133,7.2761,,30.1052,,31.542,611.879,85.1649,,741.24
235,1.4275,2.1822,7.8216,0.749,7.049,0.1728,6.5049,,13.7306,0.0001,0.0003,0.3132,7.2878,,32.11,,33.5463,619.663,85.3806,,751.437
236,1.4673,2.3341,7.9563,0.6616,7.2074,0.2034,6.5885,,14.0098,0.0003,0.0003,0.3256,7.2739,,32.5871,,34.0646,614.531,85.3698,,746.971
237,1.4399,2.4395,8.094,0.666,5.1311,0.2075,6.3293,,11.6767,0.0002,0.0002,0.3237,7.2783,,30.5088,,31.9602,613.887,88.0105,,746.695
238,1.4306,2.3435,7.8171,0.5987,7.0495,0.2598,6.5034,,13.8213,0.0003,0.0001,0.3237,7.2772,,32.2105,,33.6509,610.601,85.1708,,742.171
239,1.4171,2.2237,7.8168,0.6123,7.1097,0.1923,6.53,,13.8414,0.0003,0.0003,0.3256,7.2807,,32.1283,,33.5545,613.894,85.2656,,745.344
240,1.2881,1.6301,7.8373,0.6904,5.1005,0.1946,6.4337,,11.7334,0.0002,0.0003,0.3529,7.2842,,29.5417,,30.8399,609.138,85.1557,,735.529
241,1.4272,2.3077,7.8948,0.62,7.1613,0.195,6.5352,,13.9019,0.0003,0.0002,0.3253,7.2768,,32.3516,,33.7892,612.986,85.3111,,744.662
242,1.4329,2.2828,7.9373,0.9092,5.141,0.2054,6.3711,,11.7258,0.0003,0.0005,0.3535,7.2773,,30.5096,,31.9516,616.053,85.5327,,746.291
243,1.4448,2.3404,7.8357,0.6157,7.0603,0.2119,6.5142,,13.796,0.0003,0.0003,0.3231,7.2783,,32.2128,,33.6678,616.369,85.5016,,748.347
244,1.4437,2.3686,8.0474,0.6912,5.0449,0.2058,6.2492,,11.5094,0.0003,0.0002,0.3157,7.278,,30.235,,31.6885,610.262,85.5068,,740.27
245,1.4716,2.1532,7.8207,0.6789,7.0575,0.2174,6.528,,13.814,0.0003,0.0003,0.3261,7.2756,,32.0948,,33.576,613.886,85.6807,,746.141
246,1.451,2.3581,7.9681,0.9406,5.1617,0.2017,6.3748,,11.7484,0.0002,0.0004,0.3174,7.2756,,30.6308,,32.0912,615.77,85.2929,,746.078
247,1.4271,2.2988,7.8967,0.6859,7.1385,0.1872,6.4916,,13.8257,0.0003,0.0002,0.3232,7.2693,,32.3238,,33.7618,611.916,85.2648,,743.635
248,1.2951,1.7104,7.9444,0.78,5.7129,0.2118,6.4544,,12.3867,0.0003,0.0002,0.3736,7.2935,,30.4987,,31.8038,611.08,85.2223,,738.65
249,1.4112,2.3189,7.8497,0.599,7.134,0.2158,6.5199,,13.8735,0.0002,0.0002,0.3084,7.2687,,32.2362,,33.6576,613.942,85.3585,,745.577
250,1.4292,2.1615,7.7594,0.593,7.0662,0.2444,6.4665,,13.7855,0.0004,0.0002,0.3211,7.2705,,31.913,,33.3519,609.418,88.8566,,744.43
251,1.4397,2.3887,8.0588,0.6784,5.0263,0.2541,6.2816,,11.5719,0.0003,0.0003,0.325,7.2771,,30.3234,,31.7729,609.787,85.5419,,739.781
252,1.4441,2.3163,7.8841,0.6691,7.1891,0.1978,6.5735,,13.969,0.0002,0.0003,0.3125,7.2796,,32.4566,,33.912,618.573,85.5159,,750.792
253,1.4335,2.3388,8.0118,0.6901,4.996,0.1863,6.459,,11.6451,0.0002,0.0001,0.314,7.2761,,30.2936,,31.7372,613.548,85.357,,743.358
254,1.4635,2.1338,7.7773,0.6734,7.0656,0.145,6.5364,,13.7546,0.0003,0.0002,0.3247,7.279,,31.9725,,33.4462,610.439,91.5638,,748.421
255,1.435,2.106,7.8103,0.5935,7.0932,0.2042,6.5273,,13.8357,0.0003,0.0002,0.3158,7.281,,31.9632,,33.4061,613.183,85.6671,,744.993
256,1.2859,1.6114,7.7538,1.0043,5.1019,0.1974,6.0276,,11.3315,0.0002,0.0002,0.3486,7.2892,,29.3533,,30.6503,611.487,84.883,,737.482
257,1.4311,2.2277,7.7655,0.5961,7.0463,0.2582,6.5068,,13.815,0.0002,0.0003,0.31,7.2754,,32.0073,,33.4482,609.685,85.2195,,741.079
258,1.421,2.2531,7.9895,0.6918,4.9727,0.2037,6.3949,,11.5838,0.0003,0.0002,0.3286,7.298,,30.1659,,31.5948,611.05,85.7224,,741.057
259,1.432,2.1083,7.8547,0.5977,7.0782,0.1826,6.5427,,13.8077,0.0003,0.0004,0.3126,7.2753,,31.9745,,33.4157,615.853,85.5651,,747.616
260,1.4326,2.326,7.9648,0.6032,5.0111,0.1623,6.4425,,11.6215,0.0002,0.0003,0.3154,7.2768,,30.1238,,31.5646,610.612,85.5423,,740.455
261,1.427,2.3459,7.8697,0.7232,7.1971,0.2006,6.6033,,14.0111,0.0002,0.0003,0.316,7.2782,,32.5661,,34.0035,609.967,85.5323,,742.26
262,1.4392,2.2604,7.9384,1.0116,5.2533,0.219,6.4905,,11.9737,0.0003,0.0002,0.3246,7.2823,,30.8146,,32.2696,615.889,85.6717,,746.813
263,1.4468,2.232,7.7998,0.6196,5.1474,0.2079,5.9401,,11.3035,0.0003,0.0003,0.321,7.2794,,29.5748,,31.0324,622.295,85.4006,,751.563
264,1.2886,1.5609,7.8622,0.7306,5.2877,0.2324,6.5207,,12.0494,0.0001,0.0002,0.3746,7.2977,,29.8846,,31.1832,607.845,85.1156,,734.595
265,1.4199,2.1419,7.7833,0.6559,7.1345,0.1836,6.586,,13.91,0.0003,0.0003,0.3143,7.2857,,32.1136,,33.5435,613.565,85.3667,,745.111
266,1.4218,2.511,7.9931,0.9446,5.1938,0.2499,6.421,,11.8688,0.0003,0.0005,0.3166,7.2871,,30.9434,,32.3749,612.837,85.7672,,743.678
267,1.4328,2.16,7.8113,0.6198,7.2049,0.2023,6.6087,,14.0273,0.0002,0.0002,0.3242,7.2819,,32.2478,,33.6901,632.653,85.3644,,764.468
268,1.4376,2.5241,8.1326,0.8917,5.2222,0.1782,6.4981,,11.9037,0.0002,0.0003,0.3164,7.3384,,31.1249,,32.5731,610.424,85.5287,,741.245
269,1.4304,2.1567,7.8218,0.6061,7.182,0.2431,6.6159,,14.0448,0.0002,0.0003,0.3144,7.2819,,32.2404,,33.6794,615.486,85.6921,,747.681
270,1.429,2.2979,7.9397,0.6213,7.4248,0.2016,6.6686,,14.3051,0.0002,0.0004,0.3246,7.291,,32.809,,34.2469,615.112,85.5483,,747.651
271,1.4436,2.4372,8.1563,0.6782,5.281,0.2383,6.3745,,11.9024,0.0003,0.0003,0.3172,7.2912,,30.8071,,32.2607,610.796,93.2721,,749.245
272,1.2867,1.7054,7.9093,0.6925,4.94,0.2474,6.4908,,11.6811,0.0002,0.0002,0.3633,7.3318,,29.7008,,30.9976,615.182,85.2663,,741.874
273,1.436,2.1396,7.8354,0.6952,5.2333,0.2619,6.1494,,11.6559,0.0002,0.0003,0.3391,7.3005,,29.9935,,31.4381,616.106,85.5064,,745.768
274,1.439,2.4209,7.9156,0.7009,7.3601,0.2103,6.6928,,14.2737,0.0002,0.0002,0.3251,7.2915,,32.9553,,34.4028,611.595,92.6351,,751.449
275,1.4265,2.3575,7.9138,0.9328,5.1757,0.1722,6.3915,,11.7513,0.0002,0.0003,0.3234,7.2847,,30.5847,,32.0214,611.789,85.591,,742.115
276,1.5171,2.4585,7.8963,0.6681,7.3188,0.1931,6.6328,,14.1566,0.0003,0.0003,0.3236,7.2946,,32.8234,,34.3517,618.32,85.7573,,751.236
277,1.4326,2.3909,7.9071,0.6963,7.2941,0.2178,6.6037,,14.1277,0.0003,0.0003,0.3181,7.2853,,32.7466,,34.1894,615.108,85.6825,,747.786
278,1.4431,2.3786,8.016,0.6831,5.1159,0.2234,6.5116,,11.8585,0.0002,0.0003,0.3143,7.2881,,30.5655,,32.0167,611.95,85.7433,,742.586
279,1.4255,2.3185,7.9689,0.6537,7.4046,0.2216,6.6481,,14.2848,0.0003,0.0002,0.327,7.2882,,32.8646,,34.2998,610.824,85.7875,,743.589
280,1.2961,1.7101,7.9127,0.6745,4.9881,0.1474,6.5461,,11.6846,0.0002,0.0002,0.3551,7.3269,,29.6782,,30.9848,613.767,85.3269,,740.53
281,1.4307,2.2415,7.8256,0.7045,7.2799,0.184,6.6212,,14.0897,0.0002,0.0003,0.3134,7.2852,,32.4809,,33.9219,610.962,85.3883,,742.93
282,1.4247,2.1272,7.8015,0.6687,7.208,0.1417,6.6006,,13.9543,0.0003,0.0003,0.315,7.2931,,32.1845,,33.6197,611.696,85.8171,,743.786
283,1.4407,2.6255,8.2518,1.019,5.296,0.2074,6.5252,,12.0388,0.0003,0.0003,0.3251,7.2943,,31.5809,,33.0314,618.602,85.5787,,749.95
284,1.4559,2.1197,7.7924,0.6843,7.2085,0.1635,6.6056,,13.9865,0.0002,0.0003,0.3143,7.2921,,32.2144,,33.6838,615.406,85.6133,,747.527
285,1.4542,2.4438,8.0571,0.6638,5.1026,0.2049,6.5197,,11.8367,0.0003,0.0003,0.3139,7.3221,,30.6598,,32.1231,610.53,85.5622,,741.169
286,1.4368,2.1305,7.7935,0.6081,7.2222,0.2009,6.6475,,14.0777,0.0002,0.0003,0.326,7.3016,,32.2584,,33.7039,619.627,85.8856,,752.065
287,1.4535,2.2494,7.8989,0.6835,7.2908,0.1629,6.6706,,14.1323,0.0002,0.0003,0.3276,7.2909,,32.6088,,34.0723,617.685,85.6283,,750.231
288,1.2813,1.5615,7.8717,0.6915,5.0479,0.1673,6.596,,11.8158,0.0003,0.0002,0.3505,7.3021,,29.6077,,30.8988,607.704,85.5495,,734.705
289,1.4285,2.3367,7.9871,0.6062,7.4239,0.1472,6.7059,,14.2808,0.0002,0.0002,0.312,7.2869,,32.8301,,34.2678,614.945,85.6092,,747.545
290,1.4302,2.2996,8.0639,0.6736,5.1565,0.1954,6.5189,,11.8766,0.0002,0.0002,0.3169,7.2913,,30.5413,,31.9817,617.217,85.8454,,747.684
291,1.4306,2.318,7.9664,0.6513,7.4925,0.1632,6.7436,,14.4092,0.0002,0.0005,0.3148,7.2885,,32.9643,,34.404,616.847,85.5127,,749.617
292,1.4229,2.2835,8.0308,0.6495,5.1366,0.1487,6.6291,,11.9203,0.0003,0.0003,0.3131,7.2848,,30.4999,,31.9326,610.454,85.7144,,740.813
293,1.4276,2.2337,7.8286,0.6456,7.4173,0.1586,6.7395,,14.3253,0.0003,0.0002,0.3232,7.2851,,32.6685,,34.1062,615.533,85.9213,,748.204
294,1.4468,2.1534,7.8293,0.6184,7.3667,0.1612,6.6766,,14.2127,0.0003,0.0002,0.3257,7.2861,,32.4468,,33.9079,613.456,85.5043,,745.573
295,1.4343,2.5578,8.0346,1.0495,5.1963,0.2716,6.5497,,12.0216,0.0003,0.0003,0.3181,7.2906,,31.2989,,32.7428,610.866,93.5083,,750.009
296,1.3013,1.5762,7.9022,0.7212,5.2481,0.2029,6.7743,,12.2349,0.0002,0.0002,0.3628,7.2983,,30.1062,,31.4181,616.379,85.7031,,743.987
297,1.4515,2.2169,7.8099,0.625,7.3377,0.1618,6.6893,,14.1984,0.0002,0.0003,0.3136,7.2833,,32.4692,,33.9312,615.549,85.7986,,748.076
298,1.4531,2.4169,8.0507,0.6729,5.2087,0.1864,6.6322,,12.0395,0.0003,0.0002,0.3252,7.287,,30.8187,,32.2818,610.53,88.3918,,744.141
299,1.4449,2.274,7.8234,0.6653,7.2302,0.155,6.6295,,14.0253,0.0003,0.0002,0.3238,7.2865,,32.4219,,33.8767,612.669,85.8526,,745.273
300,1.4506,2.4556,8.2546,0.9028,5.0984,0.1915,6.4959,,11.79,0.0002,0.0002,0.3153,7.281,,31.0209,,32.4816,616.019,85.9484,,747.313
301,1.4309,2.3685,7.7955,0.583,7.246,0.1518,6.6076,,14.0092,0.0001,0.0005,0.313,7.2922,,32.384,,33.8258,616.027,85.8557,,748.449
302,1.4165,2.4292,8.0362,0.7043,5.2318,0.181,6.3994,,11.8212,0.0002,0.0002,0.3302,7.2899,,30.6377,,32.0643,609.198,86.0749,,740.03
303,1.4714,2.2517,7.8607,0.628,7.3345,0.1581,6.6543,,14.1572,0.0003,0.0002,0.3254,7.2828,,32.5305,,34.0124,611.284,85.9993,,744.144
304,1.3008,1.5637,7.8156,0.9865,5.1629,0.171,6.2627,,11.6,0.0002,0.0002,0.3683,7.302,,29.6503,,30.9612,617.192,85.6474,,744.288
305,1.4355,2.2846,7.9821,0.632,7.4106,0.2264,6.6465,,14.2883,0.0002,0.0002,0.3157,7.2822,,32.8042,,34.2499,610.813,85.901,,743.795
306,1.43,2.2336,8.0096,0.6374,7.5095,0.1597,6.7335,,14.409,0.0002,0.0003,0.3164,7.2788,,32.8995,,34.3396,610.561,86.0682,,743.692
307,1.4261,2.3666,8.029,0.6832,5.196,0.17,6.4863,,11.863,0.0002,0.0003,0.3255,7.2975,,30.5928,,32.0284,615.045,85.8378,,745.712
308,1.462,2.1582,7.7957,0.6159,7.3454,0.193,6.696,,14.2456,0.0004,0.0001,0.3233,7.2871,,32.4469,,33.919,617.479,85.9012,,750.237
309,1.4505,2.2827,7.8647,0.6917,7.4193,0.1669,6.7004,,14.297,0.0003,0.0003,0.3267,7.2857,,32.7701,,34.2304,611.37,85.819,,744.247
310,1.4292,2.2639,7.9095,0.9121,5.3354,0.1636,6.5929,,12.1003,0.0002,0.0002,0.3258,7.2921,,30.8259,,32.2646,617.875,85.91,,748.733
311,1.4351,2.2007,7.8416,0.6223,7.3255,0.1631,6.7104,,14.2097,0.0003,0.0001,0.3238,7.2859,,32.5094,,33.9541,615.818,85.9907,,748.593
312,1.2842,1.6172,7.8293,0.9894,5.3163,0.1839,6.3622,,11.866,0.0001,0.0002,0.3572,7.2981,,29.9723,,31.2676,611.615,85.7456,,739.088
313,1.4269,2.2702,7.898,0.6524,7.4524,0.1567,6.7241,,14.3466,0.0002,0.0004,0.3252,7.371,,32.8898,,34.3264,616.788,86.2027,,750.086
314,1.4347,2.3276,7.9657,0.9719,5.255,0.2005,6.6128,,12.0771,0.0003,0.0003,0.3236,7.2853,,30.9775,,32.4208,614.298,85.9086,,745.394
315,1.4312,2.1858,7.8101,0.6525,5.1931,0.1456,6.0472,,11.3931,0.0002,0.0002,0.3167,7.2892,,29.6734,,31.113,616.587,85.7219,,746.124
316,1.4149,2.2541,7.7984,0.582,7.3337,0.1609,6.7244,,14.2246,0.0003,0.0003,0.3165,7.2837,,32.4757,,33.9011,610.239,85.9478,,742.702
317,1.4382,2.2826,7.9841,0.9147,5.2945,0.1522,6.2872,,11.7403,0.0002,0.0002,0.3141,7.2829,,30.5368,,31.9847,616.139,86.0706,,746.99
318,1.4445,2.2969,7.9082,0.6337,7.5482,0.2023,6.7545,,14.5099,0.0002,0.0003,0.3163,7.2877,,32.9713,,34.4254,615.281,86.1566,,748.703
319,1.4416,2.3485,7.819,0.6152,7.3983,0.21,6.7307,,14.3498,0.0002,0.0003,0.3282,7.2878,,32.7717,,34.2231,614.113,85.996,,747.155
320,1.2915,1.6505,7.8062,1.0074,5.2139,0.2124,6.822,,12.2518,0.0002,0.0003,0.3672,7.3048,,30.4025,,31.7039,615.358,85.6158,,743.136
321,1.4341,2.314,7.9775,0.6328,7.5511,0.1861,6.7532,,14.4958,0.0003,0.0006,0.3153,7.284,,33.0398,,34.4816,619.566,85.961,,752.811
322,1.4306,2.2289,7.8975,0.9019,5.3788,0.1554,6.6469,,12.1857,0.0002,0.0002,0.3149,7.288,,30.8349,,32.2744,610.969,90.9713,,746.861
323,1.4107,2.205,7.8626,0.6078,7.3641,0.1924,6.7009,,14.2657,0.0002,0.0003,0.344,7.2868,,32.5992,,34.0201,609.283,86.0108,,742.014
324,1.4356,2.238,7.8321,0.7895,7.3657,0.1601,6.6619,,14.1991,0.0003,0.0003,0.3239,7.2851,,32.693,,34.1364,615.476,86.0252,,748.208
325,1.4265,2.5771,8.1075,0.9683,5.2078,0.2062,6.6083,,12.031,0.0002,0.0002,0.3493,7.2846,,31.342,,32.7777,617.012,86.0557,,748.579
326,1.4475,2.4424,7.8044,0.6298,7.3461,0.202,6.7006,,14.2595,0.0002,0.0003,0.3167,7.2892,,32.7675,,34.2236,609.547,90.8991,,747.52
327,1.4218,2.2625,7.777,0.612,7.2554,0.1928,6.6584,,14.1134,0.0002,0.0003,0.3295,7.2814,,32.4031,,33.8339,609.754,85.9627,,742.25
328,1.3089,1.7098,7.8926,0.7161,5.0891,0.3233,6.7223,,12.1445,0.0002,0.0002,0.4171,7.3195,,30.2095,,31.5289,612.685,85.6211,,740.259
329,1.4335,2.1168,7.7873,0.5623,5.1429,0.1919,6.42,,11.763,0.0002,0.0003,0.3198,7.35,,29.9276,,31.3729,614.551,85.708,,744.234
330,1.4343,2.1947,7.7822,0.6177,7.2429,0.2085,6.6717,,14.1323,0.0002,0.0002,0.3241,7.2852,,32.3587,,33.8026,609.871,85.9146,,742.298
331,1.4177,2.3805,8.0361,0.6884,5.2408,0.2046,6.5896,,12.0429,0.0002,0.0004,0.317,7.2915,,30.7822,,32.2094,615.074,86.1638,,746.143
332,1.4294,2.1986,7.8186,0.6858,7.3147,0.2007,6.6714,,14.1965,0.0002,0.0002,0.3178,7.3042,,32.5455,,33.985,617.591,85.9927,,750.295
333,1.4463,2.0864,7.7545,0.607,7.2045,0.1961,6.6301,,14.0408,0.0003,0.0001,0.3153,7.2845,,32.112,,33.5699,609.549,86.0959,,742.143
334,1.4487,2.2354,7.94,0.9487,5.3787,0.2011,6.573,,12.161,0.0003,0.0002,0.3181,7.2923,,30.9185,,32.3769,617.928,85.9992,,749.276
335,1.453,2.11,7.8458,0.7032,7.391,0.207,6.7415,,14.3489,0.0002,0.0001,0.3162,7.2897,,32.6406,,34.1041,617.671,86.4413,,751.214
336,1.2834,1.5677,7.9014,0.695,5.2235,0.3133,6.7062,,12.253,0.0003,0.0003,0.363,7.3359,,30.1268,,31.4209,608.839,85.7806,,736.441
337,1.417,2.2874,7.9502,0.702,7.5681,0.2025,6.8268,,14.6071,0.0002,0.0003,0.3153,7.2926,,33.1802,,34.6081,614.49,88.0594,,749.836
338,1.4258,2.5811,8.0914,0.9991,5.4188,0.2088,6.2662,,11.9033,0.0003,0.0002,0.3247,7.2873,,31.2087,,32.6439,637.605,85.7613,,768.735
339,1.4532,2.1583,7.7704,0.6056,5.2273,0.1838,6.1081,,11.5286,0.0003,0.0002,0.3224,7.2896,,29.6991,,31.1604,618.879,85.9243,,748.759
340,1.4258,2.3191,7.8187,0.6114,7.411,0.1963,6.7692,,14.3865,0.0002,0.0002,0.3269,7.2876,,32.7753,,34.2109,611.506,86.0482,,744.537
341,1.4242,2.1763,7.7976,0.6182,7.3626,0.2004,6.7695,,14.3416,0.0002,0.0003,0.3913,7.2885,,32.6351,,34.0693,617.76,86.1246,,750.678
342,1.4266,2.3198,7.9732,0.715,5.245,0.202,6.6846,,12.1394,0.0002,0.0002,0.327,7.2864,,30.7883,,32.2244,615.278,85.9845,,746.265
343,1.4318,2.1264,7.7401,0.6107,7.3394,0.2092,6.7324,,14.2888,0.0002,0.0003,0.3369,7.2887,,32.4152,,33.8557,614.087,85.9481,,746.635
344,1.2862,1.7371,7.9119,0.7222,5.0656,0.2003,6.6821,,11.9556,0.0004,0.0002,0.3687,7.3139,,30.0201,,31.3169,617.381,86.9467,,746.137
345,1.415,2.3078,7.8547,0.6064,7.4406,0.1863,6.7872,,14.419,0.0002,0.0003,0.3149,7.3016,,32.8311,,34.2557,616.756,85.7804,,749.504
346,1.4365,2.4437,8.0438,0.6809,5.3075,0.1623,6.7002,,12.1805,0.0003,0.0003,0.3245,7.3627,,31.0591,,32.506,610.985,92.3126,,748.791
347,1.458,2.3161,7.8508,0.5981,7.458,0.1888,6.8069,,14.4596,0.0002,0.0003,0.3232,7.3044,,32.8706,,34.3385,608.75,85.9706,,741.875
348,1.4257,2.1992,7.8479,0.6829,7.5555,0.196,6.8138,,14.5756,0.0002,0.0003,0.3241,7.2904,,32.9484,,34.3838,618.02,85.9969,,751.092
349,1.4244,2.3975,8.0588,0.6789,5.5288,0.1956,6.7605,,12.4954,0.0003,0.0003,0.3275,7.289,,31.2682,,32.7008,617.651,85.9189,,748.94
350,1.4273,2.2187,7.7147,0.5998,7.4155,0.2103,6.7729,,14.4117,0.0003,0.0002,0.3219,7.2971,,32.5875,,34.0238,611.216,89.3989,,747.376
351,1.4293,2.1654,7.8006,0.6202,7.4212,0.1624,6.7143,,14.3099,0.0003,0.0002,0.3151,7.2875,,32.5198,,33.9596,609.639,85.9323,,742.232
352,1.2886,1.5715,7.9203,0.9459,5.2714,0.2827,6.7494,,12.311,0.0003,0.0002,0.3735,7.2954,,30.4288,,31.7598,615.341,85.7997,,743.358
353,1.4289,2.2808,7.9864,0.6372,7.5964,0.1691,6.7948,,14.5689,0.0002,0.0002,0.3141,7.2878,,33.1003,,34.5375,609.085,91.0179,,747.516
354,1.4435,2.3888,8.0687,1.0034,5.293,0.241,6.5925,,12.1359,0.0002,0.0003,0.3171,7.2938,,31.2342,,32.6876,613.074,85.7052,,744.393
355,1.4557,2.3666,7.8001,0.6937,7.4906,0.1726,6.7572,,14.4299,0.0002,0.0003,0.3265,7.3149,,32.9563,,34.4212,614.872,86.0376,,748.24
356,1.4221,2.4351,8.0832,0.6793,5.4205,0.233,6.5968,,12.2557,0.0003,0.0003,0.3232,7.2858,,31.0847,,32.5165,616.152,85.7745,,747.157
357,1.4189,2.1065,7.8317,0.5697,7.3663,0.1636,6.7354,,14.2719,0.0002,0.0003,0.3119,7.2963,,32.4057,,33.8343,610.342,85.8898,,742.677
358,1.4421,2.1842,7.8346,0.6134,7.4546,0.1681,6.7976,,14.4308,0.0003,0.0003,0.3156,7.2895,,32.6826,,34.1329,609.676,86.0323,,742.545
359,1.4967,2.2392,8.0506,0.9419,5.2156,0.2002,6.712,,12.1368,0.0002,0.0002,0.3263,7.286,,31.0085,,32.516,615.277,85.8016,,746.272
360,1.2971,1.5475,7.8992,0.7115,5.1712,0.1871,6.7168,,12.0781,0.0001,0.0002,0.3633,7.3933,,30.0023,,31.3094,605.887,85.8599,,733.523
361,1.4218,2.361,7.7518,0.6197,7.444,0.1848,6.7915,,14.4287,0.0003,0.0001,0.3214,7.2925,,32.7904,,34.2222,610.198,85.8952,,743.051
362,1.42,2.3767,8.0503,0.6555,5.4388,0.1474,6.7861,,12.3795,0.0003,0.0002,0.3218,7.2925,,31.0925,,32.5223,610.613,85.7986,,741.57
363,1.4145,2.4371,7.8147,0.6578,5.3588,0.1482,6.1659,,11.6829,0.0002,0.0002,0.3152,7.2866,,30.2217,,31.6454,621.065,85.8294,,751.225
364,1.4334,2.2358,7.8202,0.6209,7.4921,0.1607,6.8214,,14.4836,0.0002,0.0002,0.3257,7.2882,,32.7978,,34.2406,609.578,85.8393,,742.376
365,1.407,2.4402,8.1599,0.6657,5.5383,0.1498,6.7402,,12.4327,0.0002,0.0002,0.3154,7.2867,,31.3201,,32.7366,615.292,86.1116,,746.894
366,1.432,2.1702,7.7795,0.7412,7.4807,0.1935,6.8082,,14.4924,0.0002,0.0003,0.3166,7.2976,,32.82,,34.2622,613.997,85.8452,,746.794
367,1.439,2.1008,7.7605,0.6132,7.5144,0.1995,6.7884,,14.5094,0.0003,0.0002,0.3164,7.293,,32.6195,,34.0682,613.301,85.7503,,745.95
368,1.3121,1.6545,7.8594,0.6999,5.2527,0.1991,6.7855,,12.2422,0.0003,0.0003,0.3482,7.2975,,30.1157,,31.4392,611.089,85.8799,,738.878
369,1.4278,2.1479,7.8358,0.6096,7.5495,0.1781,6.804,,14.5369,0.0003,0.0003,0.3137,7.2903,,32.7551,,34.192,617.482,85.8858,,750.253
370,1.4172,2.4984,8.0777,0.9709,5.4405,0.1587,6.8458,,12.4536,0.0004,0.0002,0.3238,7.2904,,31.6405,,33.0668,610.039,93.2847,,749.127
371,1.4391,2.2765,7.867,0.6859,7.5537,0.1966,6.833,,14.5923,0.0003,0.0003,0.388,7.2928,,33.1271,,34.5742,612.085,85.9409,,745.365
372,1.4336,2.2836,8.1151,0.9292,5.4163,0.2152,6.7643,,12.4037,0.0003,0.0004,0.32,7.2958,,31.3758,,32.8193,615.956,85.9539,,747.512
373,1.4347,2.0718,8.1888,0.6622,5.7903,0.2083,6.1475,,12.1509,0.0002,0.0003,0.3141,7.2969,,30.7056,,32.1482,616.311,85.8465,,747.112
374,1.4181,2.1409,7.8456,0.6216,7.5508,0.1559,6.8323,,14.5444,0.0002,0.0002,0.3513,7.296,,32.8224,,34.2547,610.819,90.3685,,748.2
375,1.4218,2.2712,8.2169,1.0166,5.6132,0.1795,6.767,,12.5646,0.0002,0.0003,0.314,7.2871,,31.69,,33.1209,609.983,86.015,,741.801
376,1.2933,1.6867,7.9572,0.7349,5.3414,0.2117,6.9709,,12.5269,0.0001,0.0002,0.4326,7.3117,,30.6591,,31.9618,611.393,85.7865,,739.626
377,1.4201,2.3822,7.9154,0.6219,7.6511,0.1461,6.8227,,14.6241,0.0002,0.0003,0.3117,7.2841,,33.1592,,34.5892,609.335,85.9716,,742.533
378,1.4521,2.4488,8.0462,0.6847,5.3706,0.1775,6.7769,,12.3344,0.0003,0.0002,0.3249,7.3366,,31.2014,,32.6615,609.879,86.1857,,741.62
379,1.4399,2.3819,7.8152,0.6192,7.5423,0.2061,6.8441,,14.5999,0.0002,0.0003,0.3235,7.2905,,33.0539,,34.5032,617.253,86.2624,,750.943
380,1.4387,2.2586,7.8847,0.88,5.3618,0.209,6.672,,12.2531,0.0003,0.0002,0.3142,7.2899,,30.9035,,32.3498,618.571,86.2233,,749.914
381,1.4464,2.1516,7.8112,0.6763,7.4212,0.1762,6.7955,,14.4021,0.0002,0.0004,0.3174,7.2921,,32.6761,,34.1327,610.903,86.2554,,744.19
382,1.4383,2.0549,8.0193,0.6387,7.7239,0.2672,6.8591,,14.8616,0.0002,0.0004,0.3264,7.2931,,33.2147,,34.6609,617.056,86.25,,750.706
383,1.4579,2.2446,7.9753,0.948,5.3771,0.1536,6.6677,,12.207,0.0003,0.0002,0.3215,7.2872,,31.0044,,32.4727,613.774,86.379,,745.603
384,1.2833,1.5658,7.9144,0.6789,5.1608,0.215,7.0564,,12.4403,0.0003,0.0003,0.3692,7.3231,,30.332,,31.6255,608.881,85.9764,,736.866
385,1.4295,2.1448,8.0118,0.6254,7.671,0.1847,6.8877,,14.7474,0.0002,0.0004,0.3141,7.2843,,33.1471,,34.5864,617.991,86.2969,,751.666
386,1.4465,2.2368,7.8313,0.604,7.5011,0.2059,6.7907,,14.5048,0.0004,0.0003,0.3141,7.2927,,32.7992,,34.2537,616.918,86.2104,,750.329
387,1.4399,2.3379,8.0567,0.6733,5.4396,0.1893,6.7727,,12.4073,0.0003,0.0003,0.31,7.2918,,31.0912,,32.5402,614.236,86.3697,,745.97
388,1.4327,2.3691,7.7996,0.6764,7.5587,0.1662,6.8412,,14.5719,0.0002,0.0003,0.3149,7.3133,,33.0637,,34.5068,611.846,86.2868,,745.454
389,1.4264,2.1564,8.5016,0.6735,7.6358,0.1936,6.8855,,14.7231,0.0002,0.0001,0.356,7.2965,,33.7329,,35.1686,615.568,86.2312,,749.721
390,1.4426,2.2401,8.01,0.9291,5.4171,0.1688,6.399,,11.9917,0.0002,0.0003,0.3187,7.2947,,30.808,,32.259,612.248,86.2923,,743.58
391,1.4369,2.2802,7.995,0.6422,7.8573,0.1961,6.9419,,15.0049,0.0002,0.0003,0.3133,7.2947,,33.556,,35.0011,617.665,86.5799,,752.075
392,1.2843,1.6319,7.9115,0.709,5.2422,0.2371,6.9652,,12.4535,0.0002,0.0002,0.3581,7.2991,,30.3729,,31.667,613.985,86.0769,,742.123
393,1.416,2.0791,8.0181,0.6487,7.8207,0.1891,6.9198,,14.9337,0.0002,0.0003,0.3121,7.2979,,33.3178,,34.7421,615.072,86.126,,748.489
394,1.4353,2.2231,7.8633,0.6408,7.6722,0.1996,6.8685,,14.7479,0.0002,0.0003,0.3139,7.2951,,33.1056,,34.549,611.133,93.729,,752.247
395,1.4448,2.3828,8.0391,0.6724,5.5025,0.1531,6.8732,,12.5327,0.0002,0.0003,0.3124,7.2894,,31.2493,,32.7039,610.462,86.5278,,742.535
396,1.4225,2.2711,7.9382,0.6376,7.7338,0.1646,6.927,,14.8317,0.0003,0.0002,0.3142,7.2901,,33.3005,,34.7319,619.783,86.6282,,753.865
397,1.4248,2.3015,7.8958,0.9443,5.5195,0.186,6.8596,,12.5693,0.0002,0.0003,0.3171,7.3572,,31.4009,,32.8356,616.565,86.1886,,748.343
398,1.4367,2.0929,7.7367,0.6445,5.4622,0.1356,6.5039,,12.1062,0.0002,0.0003,0.3131,7.2934,,30.2036,,31.6489,616.313,89.0061,,749.771
399,1.428,2.2124,8.038,0.6272,7.7991,0.1797,6.9521,,14.9363,0.0002,0.0003,0.3219,7.2873,,33.4437,,34.8817,609.893,86.2656,,743.721
400,1.2893,1.7281,7.9369,0.7039,5.3086,0.1821,7.048,,12.5463,0.0004,0.0002,0.3686,7.3459,,30.6398,,31.9402,610.601,86.0704,,739.085
401,1.4277,2.1965,7.7907,0.6018,7.5829,0.202,6.9076,,14.7024,0.0002,0.0002,0.3151,7.2959,,32.9279,,34.3633,609.991,86.3092,,743.453
402,1.4387,2.4406,8.0753,0.6825,5.6253,0.1682,6.9515,,12.7559,0.0003,0.0003,0.3171,7.2921,,31.5856,,33.0334,611.333,86.2873,,743.434
403,1.4367,2.1718,7.8392,0.6306,7.6243,0.1622,6.8524,,14.6482,0.0002,0.0003,0.316,7.2894,,32.9198,,34.3652,612.181,86.3967,,745.777
404,1.4799,2.1823,7.8354,0.6235,7.5641,0.1652,6.8648,,14.6045,0.0003,0.0002,0.3245,7.2911,,32.8827,,34.3732,619.868,88.1179,,755.437
405,1.4274,2.3157,7.9926,0.6754,5.4572,0.1493,6.7752,,12.3858,0.0002,0.0003,0.3134,7.287,,30.9908,,32.4274,610.807,86.2791,,742.233
406,1.4334,2.1709,7.7534,0.598,7.4839,0.1998,6.8228,,14.5172,0.0003,0.0002,0.3277,7.288,,32.6784,,34.1197,610.357,86.3127,,743.552
407,1.4418,2.5141,8.0044,0.9897,5.4205,0.1795,6.7683,,12.3773,0.0002,0.0003,0.3177,7.3017,,31.5351,,32.9885,616.991,86.272,,748.942
408,1.3021,1.6423,7.8508,0.8122,5.3561,0.2195,6.9439,,12.5272,0.0003,0.0002,0.3702,7.2948,,30.5076,,31.8202,607.784,85.9314,,735.903
409,1.4192,2.2472,7.8184,0.6152,7.5285,0.21,6.8531,,14.6,0.0003,0.0003,0.3141,7.2886,,32.9104,,34.3397,618.211,86.1096,,751.327
410,1.4326,2.3986,8.0271,0.9408,5.5079,0.1699,6.7958,,12.486,0.0003,0.0002,0.3308,7.3038,,31.514,,32.9554,626.309,86.3836,,758.394
411,1.4528,2.2154,7.8028,0.6263,7.5325,0.1578,6.7922,,14.49,0.0003,0.0003,0.3277,7.2912,,32.7807,,34.2416,618.106,86.1919,,751.386
412,1.4243,2.4178,8.035,0.6901,5.4435,0.1649,6.7611,,12.3779,0.0002,0.0002,0.3898,7.2963,,31.2335,,32.6682,610.791,86.2964,,742.594
413,1.4692,2.3897,7.8352,0.6319,7.6848,0.2027,6.9474,,14.8454,0.0003,0.0001,0.3245,7.2907,,33.3411,,34.8198,616.88,86.2472,,751.109
414,1.442,2.2818,7.8965,0.753,7.7313,0.2002,6.957,,14.8968,0.0003,0.0003,0.3158,7.2905,,33.4628,,34.9148,610.638,86.3525,,744.693
415,1.4385,2.5041,8.1245,0.6934,5.4909,0.1654,6.8493,,12.5159,0.0003,0.0003,0.3303,7.2888,,31.4813,,32.9301,618.532,86.1622,,750.418
416,1.2814,1.5212,7.766,0.9881,5.4455,0.1914,7.0683,,12.7099,0.0002,0.0001,0.351,7.3424,,30.7245,,32.0172,611.441,86.0268,,739.964
417,1.4403,2.105,7.848,0.6079,7.6476,0.1395,6.8873,,14.6817,0.0002,0.0002,0.3246,7.2906,,32.8824,,34.3306,617.04,86.146,,750.399
418,1.4543,2.2622,8.2129,0.9212,5.4414,0.167,6.8992,,12.5171,0.0002,0.0002,0.3168,7.2956,,31.5509,,33.0154,610.627,91.3823,,747.926
419,1.4229,2.2625,8.0133,0.6528,7.8899,0.2042,7.0176,,15.1207,0.0003,0.0003,0.3916,7.2915,,33.7547,,35.1879,610.438,86.2788,,744.658
420,1.4393,2.1336,7.8527,0.6938,7.65,0.1641,6.9163,,14.742,0.0003,0.0003,0.3246,7.2891,,33.0592,,34.507,618.694,86.1461,,752.134
421,1.4374,2.4554,8.0614,0.6825,5.7471,0.1866,6.8761,,12.8141,0.0004,0.0003,0.3131,7.3525,,31.6998,,33.148,620.016,90.4947,,756.44
422,1.4271,2.2852,7.9503,0.6561,7.8256,0.2003,6.9635,,14.9978,0.0002,0.0003,0.3461,7.292,,33.552,,34.9888,610.842,92.465,,750.951
423,1.4338,2.3372,8.03,0.6334,7.894,0.1633,6.9476,,15.0116,0.0002,0.0003,0.3139,7.2871,,33.6372,,35.082,610.347,86.3456,,744.489
424,1.283,1.7417,7.9529,0.7428,5.1523,0.2052,6.9503,,12.3154,0.0002,0.0002,0.3614,7.3017,,30.4263,,31.7192,614.791,86.0277,,742.899
425,1.435,2.0756,7.8119,0.6761,7.6068,0.1697,6.9086,,14.6927,0.0002,0.0003,0.3141,7.2888,,32.8722,,34.3165,609.568,88.6844,,745.263
426,1.4318,2.5827,8.0204,0.9863,5.5923,0.1531,6.47,,12.2202,0.0002,0.0002,0.3184,7.2867,,31.4354,,32.8748,611.12,86.4831,,743.224
427,1.4362,2.1863,7.8294,0.5979,7.6912,0.1774,6.9212,,14.7968,0.0003,0.0001,0.3204,7.2853,,33.0323,,34.4765,615.076,86.3409,,748.739
428,1.422,2.3897,7.8573,0.5984,7.7928,0.1448,6.9375,,14.879,0.0002,0.0003,0.3116,7.2866,,33.3455,,34.7769,614.078,86.3318,,747.952
429,1.4353,2.4252,8.1198,0.9978,5.5162,0.1843,7.0221,,12.7268,0.0002,0.0003,0.32,7.2843,,31.8939,,33.3395,611.308,86.3456,,743.77
430,1.4426,2.1496,7.8014,0.6716,7.7386,0.1507,6.9338,,14.8286,0.0003,0.0003,0.3148,7.2836,,33.0671,,34.5189,613.704,86.3447,,747.521
431,1.4275,2.3728,8.0422,0.6938,5.5829,0.1911,6.8881,,12.6675,0.0003,0.0003,0.32,7.2858,,31.4006,,32.8382,615.742,86.2413,,747.59
432,1.2898,1.5303,7.8744,0.7211,5.4333,0.1754,7.0564,,12.6731,0.0004,0.0002,0.3754,7.3027,,30.4885,,31.7883,608.502,86.0681,,736.808
433,1.4262,2.222,7.8227,0.6515,5.4473,0.1904,6.5286,,12.1761,0.0002,0.0003,0.3143,7.2862,,30.5,,31.9403,615.638,86.2244,,746.559
434,1.4594,2.0967,7.7888,0.6904,7.6401,0.2056,6.8948,,14.7508,0.0003,0.0003,0.3264,7.2979,,32.974,,34.4412,616.881,86.3117,,750.683
435,1.4446,2.3838,7.9405,1.0133,5.3929,0.169,6.7793,,12.3512,0.0003,0.0002,0.3248,7.2871,,31.3234,,32.7774,612.993,86.2652,,745.084
436,1.4616,2.3888,7.8221,0.6208,7.6939,0.1436,6.8733,,14.7146,0.0002,0.0003,0.316,7.2894,,33.1716,,34.6439,610.431,86.2202,,744.263
437,1.4423,2.2153,7.8089,0.6112,7.6501,0.1802,6.9318,,14.7662,0.0004,0.0003,0.3132,7.2833,,33.0125,,34.4645,616.576,86.3942,,750.3
438,1.5373,2.4883,8.0437,0.9055,5.5135,0.2341,6.913,,12.6648,0.0005,0.0003,0.3142,7.2939,,31.7287,,33.2759,621.672,86.345,,754.187
439,1.4379,2.2533,7.8753,0.6975,7.7393,0.1971,6.9822,,14.928,0.0002,0.0002,0.3977,7.295,,33.4727,,34.9193,616.25,86.3959,,750.332
440,1.2866,1.531,7.9162,0.7575,5.4351,0.218,7.0103,,12.6665,0.0002,0.0002,0.4399,7.2994,,30.6249,,31.9224,615.746,86.1111,,744.236
441,1.4326,2.1754,7.7893,0.6147,7.7542,0.1492,6.9438,,14.8521,0.0002,0.0003,0.3135,7.2849,,33.0477,,34.49,617.063,86.2538,,750.652
442,1.4292,2.1837,7.7933,0.6029,7.769,0.1791,6.9553,,14.9116,0.0003,0.0002,0.3203,7.2892,,33.1162,,34.5546,617.359,86.3794,,751.082
443,1.4374,2.2468,7.9411,0.9498,5.6326,0.1906,6.9303,,12.7576,0.0002,0.0003,0.3168,7.3242,,31.5598,,33.0057,609.654,86.471,,741.899
444,1.4399,2.2368,7.8545,0.698,7.777,0.1578,7.014,,14.9527,0.0001,0.0003,0.3126,7.287,,33.3595,,34.807,614.329,86.3125,,748.314
445,1.4184,2.1642,7.8097,0.6135,7.7341,0.1679,6.9632,,14.8807,0.0003,0.0002,0.3222,7.2962,,33.1041,,34.5318,613.117,86.2598,,746.64
446,1.4315,2.2852,8.0032,0.6989,5.4223,0.1691,6.9654,,12.5664,0.0003,0.0002,0.318,7.2862,,31.1816,,32.623,612.982,90.8848,,749.197
447,1.4192,2.1499,7.8149,0.622,7.7474,0.1943,6.9778,,14.9276,0.0002,0.0003,0.3155,7.292,,33.1501,,34.5777,611.032,86.2465,,744.598
448,1.2881,1.6959,7.8999,0.8567,5.4951,0.2179,7.2222,,12.9474,0.0003,0.0002,0.3818,7.371,,31.1938,,32.492,616.38,85.9378,,745.249
449,1.4159,2.2853,7.7942,0.6171,7.6863,0.1634,6.9821,,14.8418,0.0002,0.0003,0.3164,7.2908,,33.1725,,34.5971,610.593,93.8966,,751.91
450,1.4322,2.4143,7.9281,0.9492,5.5538,0.1996,6.9549,,12.7158,0.0003,0.0003,0.3117,7.2946,,31.6414,,33.0834,610.527,86.2791,,742.703
451,1.4515,2.3901,7.8274,0.6374,7.8206,0.1643,7.0209,,15.015,0.0002,0.0003,0.3146,7.2891,,33.4974,,34.9586,617.696,86.2015,,751.776
452,1.4275,2.3259,7.9106,0.6642,7.8397,0.158,7.0293,,15.0382,0.0003,0.0002,0.3147,7.2849,,33.5621,,35,615.185,86.406,,749.299
453,1.4505,2.4115,8.0417,0.6843,5.6491,0.1655,6.9283,,12.7525,0.0002,0.0002,0.3155,7.2929,,31.5244,,32.9832,609.501,88.1697,,743.405
454,1.422,2.2296,7.8825,0.6236,7.8121,0.1528,7.0095,,14.9795,0.0002,0.0003,0.3486,7.2932,,33.3803,,34.8112,609.652,86.2138,,743.388
455,1.434,2.281,8.0026,0.6358,8.0506,0.154,7.0789,,15.2889,0.0007,0.0003,0.3226,7.2862,,33.8347,,35.2793,618.257,86.3017,,752.618
456,1.2889,1.7174,7.8911,0.7657,6.064,0.1723,7.4298,,13.6761,0.0008,0.0002,0.3933,7.3073,,31.7657,,33.065,606.425,85.9716,,735.98
457,1.4371,2.151,7.7543,0.5968,7.6012,0.1962,6.9345,,14.7416,0.0002,0.0003,0.3124,7.2882,,32.8622,,34.3143,613.076,86.1026,,746.266
458,1.4352,2.2694,8.0182,0.9791,5.505,0.1666,6.8984,,12.5817,0.0003,0.0003,0.3255,7.2868,,31.4884,,32.9336,615.132,86.1672,,747.08
459,1.4486,2.2286,7.7855,0.625,7.6248,0.1598,6.9192,,14.7116,0.0002,0.0003,0.3141,7.2917,,32.9812,,34.4399,614.193,86.1454,,747.712
460,1.4162,2.2643,8.0727,0.9345,5.4867,0.1724,6.4676,,12.135,0.0003,0.0003,0.3156,7.2863,,31.0335,,32.459,610.982,86.1023,,742.288
461,1.4464,2.2673,7.8875,0.6426,7.7582,0.1662,6.9846,,14.9179,0.0003,0.0004,0.3274,7.2918,,33.3596,,34.8165,615.778,86.0417,,749.464
462,1.4324,2.1168,8.0178,0.6423,7.9194,0.2005,6.9971,,15.1262,0.0002,0.0002,0.3113,7.2879,,33.5287,,34.9708,617.986,86.2526,,751.803
463,1.4352,2.2467,7.9057,0.9212,5.5398,0.1875,6.9563,,12.688,0.0002,0.0003,0.3108,7.2868,,31.375,,32.8204,617.305,86.2201,,749.194
464,1.2858,1.6352,7.8821,0.7602,5.4009,0.1896,7.2988,,12.8978,0.0002,0.0003,0.3704,7.3017,,30.8574,,32.153,613.587,85.9741,,742.172
465,1.4299,2.2905,7.9471,0.6223,7.9531,0.1612,7.033,,15.1569,0.0002,0.0003,0.3084,7.2826,,33.6223,,35.0614,615.528,85.9723,,749.414
466,1.4327,2.369,7.9814,0.6855,5.5861,0.1511,7.0527,,12.7987,0.0003,0.0003,0.3257,7.288,,31.4679,,32.91,617.619,86.4857,,749.716
467,1.425,2.1257,7.7809,0.6088,7.7042,0.1609,6.9171,,14.7913,0.0002,0.0002,0.315,7.2897,,32.9385,,34.3735,611.662,86.4574,,745.226
468,1.4401,2.2396,8.1789,0.9191,5.5427,0.1694,6.6638,,12.3868,0.0003,0.0003,0.3258,7.2876,,31.3614,,32.8113,617.296,86.1729,,749.118
469,1.4181,2.2025,7.845,0.6275,7.7863,0.159,6.9762,,14.9312,0.0002,0.0002,0.3176,7.2846,,33.2318,,34.6592,612.12,86.2142,,745.695
470,1.4386,2.3143,7.9754,0.6541,8.0115,0.2048,7.1066,,15.3325,0.0003,0.0003,0.3245,7.2911,,33.9162,,35.3647,610.232,89.8493,,748.206
471,1.4304,2.3056,8.0247,0.6991,5.5014,0.1698,6.984,,12.6644,0.0002,0.0004,0.316,7.2887,,31.3233,,32.7625,608.509,87.7909,,741.821
472,1.3049,1.7252,7.812,1.0063,5.5699,0.2073,7.1017,,12.8866,0.0004,0.0002,0.3703,7.3025,,31.1142,,32.4291,611.803,85.9364,,740.647
473,1.419,2.0855,7.8235,0.6113,7.8347,0.1507,7.0124,,15.0066,0.0003,0.0002,0.324,7.2894,,33.1588,,34.5857,609.267,87.8321,,744.477
474,1.4276,2.5174,8.0274,0.6831,5.6062,0.17,7.034,,12.8193,0.0002,0.0003,0.3276,7.2813,,31.6871,,33.1255,609.849,86.2018,,741.988
475,1.4484,2.3076,8.0201,0.6495,8.0711,0.2022,7.1294,,15.4118,0.0002,0.0003,0.3149,7.2894,,34.0158,,35.4737,616.059,86.0853,,750.499
476,1.4395,2.1981,7.8657,0.643,7.8728,0.1687,7.0426,,15.0937,0.0002,0.0003,0.3249,7.2892,,33.4419,,34.8915,610.01,86.307,,744.062
477,1.4323,2.5561,8.0979,0.994,5.7414,0.1499,6.7445,,12.64,0.0002,0.0003,0.3151,7.2775,,31.9005,,33.3423,609.815,86.2706,,742.185
478,1.4163,2.3192,7.993,0.6546,8.0941,0.1606,7.1456,,15.4102,0.0003,0.0003,0.3253,7.3267,,34.0554,,35.4813,609.741,86.43,,744.421
479,1.4288,2.1958,7.775,0.6085,7.8179,0.1546,7.0479,,15.0286,0.0002,0.0002,0.326,7.2853,,33.2437,,34.682,616.544,86.4528,,750.494
480,1.2891,1.7133,7.8966,0.7142,5.675,0.2365,7.0738,,12.9885,0.0002,0.0002,0.3772,7.2997,,31.0285,,32.3268,607.828,85.872,,736.556
481,1.4158,2.37,7.9584,0.6226,8.0112,0.1515,7.1246,,15.2953,0.0003,0.0003,0.3275,7.2939,,33.8917,,35.3174,630.072,86.2674,,764.401
482,1.4289,2.3546,7.9974,1.0711,5.8737,0.1755,6.5399,,12.601,0.0003,0.0004,0.3292,7.2917,,31.6704,,33.1098,612.216,86.2305,,744.387
483,1.4354,2.2079,7.8347,0.638,7.8142,0.1572,7.0219,,14.9989,0.0002,0.0002,0.3139,7.2917,,33.3146,,34.7591,613.28,86.2254,,746.938
484,1.4459,2.2727,7.9454,0.921,5.5816,0.1562,6.9494,,12.6916,0.0002,0.0003,0.3168,7.2877,,31.4572,,32.9119,607.927,86.4309,,740.227
485,1.4155,2.1506,7.8527,0.6778,7.7411,0.1425,6.9414,,14.8295,0.0007,0.0002,0.315,7.2919,,33.1412,,34.5665,617.335,86.2357,,750.796
486,1.4363,2.2077,7.834,0.6377,7.7554,0.203,6.985,,14.9533,0.0003,0.0003,0.3254,7.282,,33.2656,,34.7118,616.753,86.2728,,750.593
487,1.4325,2.2591,8.1927,0.9479,5.5036,0.2113,6.4511,,12.1764,0.0003,0.0002,0.3164,7.286,,31.2019,,32.6443,612.353,86.1792,,744.021
488,1.2935,1.6984,7.775,1.1206,5.6145,0.2108,6.7909,,12.619,0.0002,0.0002,0.3561,7.3043,,30.8828,,32.1866,612.43,86.5267,,741.597
489,1.4412,2.3089,7.9422,0.6853,7.9144,0.1459,7.0542,,15.1185,0.0002,0.0003,0.3111,7.2823,,33.6618,,35.1114,609.494,86.4527,,743.784
490,1.4271,2.4284,8.0583,0.7076,5.6492,0.2125,7.0366,,12.9067,0.0003,0.0002,0.3249,7.2872,,31.7403,,33.1778,615.444,86.512,,747.95
491,1.4426,2.2076,7.8262,0.6249,7.7773,0.1688,7.0141,,14.9697,0.0003,0.0002,0.3228,7.2854,,33.2619,,34.7125,611.464,86.2434,,745.22
492,1.4417,2.2813,7.9151,0.9792,5.6456,0.1637,6.977,,12.7953,0.0003,0.0002,0.3192,7.3014,,31.6164,,33.0658,617.577,86.4671,,749.881
493,1.4372,2.1923,7.797,0.6394,7.768,0.1595,6.9698,,14.9068,0.0002,0.0003,0.3219,7.2895,,33.178,,34.6252,613.939,86.4789,,747.864
494,1.4373,2.2434,7.9603,0.9495,5.6164,0.146,7.0423,,12.8086,0.0002,0.0003,0.3147,7.2856,,31.5835,,33.0305,610.175,89.9835,,746
495,1.4208,2.3466,8.0282,0.6823,8.0751,0.159,7.0916,,15.3352,0.0003,0.0003,0.3248,7.2845,,34.029,,35.4599,608.949,86.3064,,743.427
496,1.2935,1.7084,7.7799,1.054,5.5795,0.1705,7.3038,,13.0611,0.0004,0.0003,0.3743,7.2987,,31.2867,,32.5906,613.209,86.0471,,742.235
497,1.4318,2.1846,7.8014,0.614,7.7843,0.1525,6.9995,,14.94,0.0002,0.0002,0.3121,7.2891,,33.1606,,34.6027,608.86,93.2915,,749.526
498,1.4185,2.4697,8.0621,1.0641,5.5502,0.1697,7.0188,,12.7487,0.0002,0.0002,0.3183,7.2848,,31.9738,,33.4015,608.687,86.057,,740.906
499,1.4269,2.1561,7.9165,0.6217,7.8133,0.1612,7.0822,,15.0685,0.0003,0.0002,0.325,7.2824,,33.3903,,34.8263,616.532,86.1756,,750.26
500,1.4504,2.2671,7.9026,0.6881,7.9208,0.1567,7.0518,,15.1387,0.0002,0.0003,0.3257,7.2863,,33.63,,35.0919,609.35,87.0378,,744.374
501,1.4587,2.3865,8.0317,0.7045,5.6168,0.2041,6.9659,,12.7958,0.0002,0.0002,0.3247,7.285,,31.5515,,33.0203,608.346,86.4215,,740.792
502,1.4492,2.2761,7.9273,0.7581,7.9955,0.167,7.085,,15.2556,0.0002,0.0003,0.3269,7.2821,,33.8495,,35.3093,609.688,86.4065,,744.258
503,1.4387,2.1561,7.8564,0.7172,7.821,0.202,7.0399,,15.072,0.0002,0.0003,0.3139,7.2848,,33.4253,,34.8745,613.591,86.4499,,747.72
504,1.2779,1.7177,8.0128,0.7097,5.5307,0.1707,7.2269,,12.9316,0.0001,0.0003,0.3598,7.294,,31.0349,,32.3235,609.675,85.9234,,738.295
505,1.4224,2.2099,7.8384,0.6413,7.9117,0.1621,7.0794,,15.1628,0.0004,0.0003,0.3215,7.2899,,33.4908,,34.9225,617.028,86.1651,,750.923
506,1.44,2.3016,8.1829,0.9282,5.6232,0.1688,6.6689,,12.4717,0.0002,0.0003,0.3185,7.284,,31.5062,,32.9547,613.251,86.1147,,745.221
507,1.4556,2.2778,7.9501,0.6575,7.9724,0.1686,7.1149,,15.2642,0.0002,0.0003,0.3279,7.2855,,33.7867,,35.2534,617.907,86.0746,,752.141
508,1.4373,2.3491,7.9657,0.6651,5.4346,0.1706,6.8221,,12.4396,0.0003,0.0003,0.3237,7.2836,,31.0483,,32.4951,609.339,86.4999,,741.181
509,1.445,2.1848,7.8781,0.6248,7.6503,0.1972,6.9223,,14.7787,0.0002,0.0004,0.326,7.2874,,33.1049,,34.5596,613.035,86.4084,,746.837
510,1.4417,2.1554,7.7766,0.6231,7.6418,0.1631,6.9071,,14.7192,0.0002,0.0004,0.3153,7.2904,,32.905,,34.3577,613.902,86.1351,,747.265
511,1.4593,2.4158,8.0396,0.6956,5.6195,0.1626,6.9003,,12.6922,0.0003,0.0002,0.3268,7.2865,,31.4813,,32.9489,615.501,86.2115,,747.584
512,1.2782,1.64,7.8747,0.9741,5.4535,0.1702,6.6858,,12.3829,0.0002,0.0001,0.3633,7.31,,30.5551,,31.8429,611.546,88.6318,,742.403
513,1.4237,2.2366,7.8756,0.5995,7.7658,0.1495,7.0029,,14.9227,0.0003,0.0003,0.3129,7.2859,,33.2522,,34.6845,616.779,86.2928,,750.572
514,1.4274,2.3298,7.9812,0.6942,8.0085,0.1546,7.1209,,15.2957,0.0002,0.0003,0.3858,7.2799,,33.9897,,35.4275,611.57,86.6329,,746.415
515,1.4463,2.5477,8.0831,0.709,5.7762,0.1573,7.0324,,12.9723,0.0003,0.0002,0.3167,7.279,,31.9301,,33.3858,610.429,86.3812,,743.006
516,1.4314,2.3628,7.9752,0.6557,8.0701,0.1828,7.1225,,15.3805,0.0002,0.0003,0.3136,7.2826,,33.9883,,35.4304,615.134,86.3673,,749.641
517,1.4328,2.368,7.9967,0.6563,5.5714,0.1739,6.9714,,12.727,0.0003,0.0002,0.3254,7.2854,,31.3811,,32.824,614.971,86.3036,,746.833
518,1.4622,2.2604,7.9064,0.6593,7.9773,0.1559,7.0449,,15.1878,0.0003,0.0002,0.3241,7.2841,,33.6469,,35.1192,615.384,92.7251,,756.244
519,1.4306,2.1476,7.7825,0.626,7.8696,0.1801,7.0747,,15.1335,0.0002,0.0003,0.3247,7.2775,,33.3123,,34.7511,609.265,86.4025,,743.087
