0,0.0063,0.0912,0.6198,0.0696,0.0021,0.2394,0.0001,0.0696,0.1177,0.0013,0.1622,0.6774,0.1203,1.5267,2.752,0.2797,4.6128,
1,0.0059,0.234,0.614,0.0568,0.0017,0.2515,0.0001,0.0672,0.1083,0.0001,0.1679,0.6663,0.1217,1.6519,2.2068,0.253,4.1806,
2,0.0058,0.2042,0.5702,0.0532,0.0016,0.2221,0,0.0646,0.1084,0.0002,0.1615,0.623,0.118,1.5269,1.6507,0.2529,3.4972,
3,0.0059,0.2134,0.5555,0.0553,0.0029,0.225,0,0.0697,0.1075,0.0001,0.1851,0.6573,0.1285,1.5707,1.5848,0.2529,3.474,
4,0.0056,0.2129,0.5835,0.0521,0.0041,0.3216,0,0.0744,0.1125,0.0002,0.1751,0.7578,0.1136,1.681,1.5994,0.2513,3.5979,
5,0.0059,0.206,0.5556,0.0584,0.0039,0.2341,0.0001,0.069,0.1094,0.0002,0.1701,0.6563,0.1064,1.5401,1.741,0.2572,3.6056,
6,0.0059,0.2163,0.5749,0.0539,0.0019,0.2227,0.0001,0.0615,0.1098,0.0001,0.1646,0.6263,0.1278,1.558,1.6598,0.2822,3.5662,
7,0.0057,0.2084,0.578,0.0488,0.0016,0.2805,0.0001,0.0706,0.1109,0.0002,0.1617,0.6856,0.1113,1.5968,1.721,0.2897,3.6809,
8,0.0066,0.1053,0.6417,0.0554,0.0017,0.2356,0,0.0608,0.1159,0.0002,0.1617,0.6448,0.1063,1.5171,2.1028,0.3006,3.999,
9,0.0058,0.2215,0.5863,0.0559,0.0036,0.2874,0.0001,0.06,0.1131,0.0002,0.1654,0.6985,0.1115,1.6342,1.7178,0.3003,3.7268,
10,0.0059,0.2053,0.5791,0.0559,0.0016,0.271,0,0.0796,0.1107,0.0001,0.1733,0.7039,0.1122,1.6128,1.7344,0.313,3.7343,
11,0.0059,0.2076,0.5507,0.0592,0.0019,0.2742,0.0001,0.0702,0.1121,0.0002,0.1796,0.7101,0.1199,1.6013,1.9601,0.2991,3.9357,
12,0.006,0.2082,0.5857,0.0564,0.0019,0.2247,0,0.0698,0.1236,0.0001,0.1768,0.6679,0.1255,1.6015,1.759,0.301,3.7341,
13,0.0058,0.2116,0.5703,0.0529,0.0015,0.2612,0.0001,0.0726,0.1329,0.0002,0.1735,0.7079,0.1239,1.6276,1.717,0.3008,3.7195,
14,0.0061,0.2051,0.5368,0.0548,0.0014,0.2708,0,0.0559,0.1215,0.0001,0.1881,0.701,0.1102,1.5651,1.7332,0.2919,3.6603,
15,0.0057,0.2066,0.5658,0.0548,0.002,0.2701,0.0002,0.0782,0.128,0.0002,0.1655,0.7175,0.1185,1.6225,1.9351,0.2991,3.932,
16,0.0063,0.1769,0.5966,0.0618,0.0034,0.2868,0.0002,0.074,0.1168,0.0002,0.1656,0.7261,0.12,1.6387,2.511,0.31,4.5371,
17,0.006,0.211,0.6504,0.0692,0.0035,0.2551,0.0001,0.0747,0.1299,0.0002,0.178,0.7252,0.1281,1.7306,2.4806,0.3036,4.5935,
18,0.0058,0.2235,0.5915,0.0458,0.0016,0.2745,0,0.0743,0.1358,0.0002,0.1856,0.7262,0.1192,1.6721,1.8806,0.303,3.9264,
19,0.0057,0.218,0.6279,0.0543,0.0014,0.2938,0,0.0556,0.1307,0.0001,0.1734,0.7168,0.1215,1.695,1.8699,0.2995,3.935,
20,0.0056,0.2039,0.5547,0.0531,0.0013,0.2921,0,0.0565,0.1295,0.0002,0.1687,0.7087,0.112,1.59,1.8545,0.3062,3.8208,
21,0.0056,0.2031,0.5497,0.0439,0.0042,0.3016,0,0.0574,0.1369,0.0001,0.1709,0.7223,0.1121,1.5979,2.1845,0.2988,4.1519,
22,0.0057,0.2222,0.6125,0.0586,0.0034,0.2757,0.0001,0.0601,0.1474,0.0002,0.18,0.7352,0.1138,1.6984,1.9925,0.2929,4.0553,
23,0.006,0.2037,0.5727,0.0554,0.0015,0.2478,0.0001,0.071,0.1356,0.0001,0.1871,0.7066,0.1188,1.6149,2.4538,0.2974,4.4361,
24,0.0061,0.1758,0.6139,0.0563,0.0019,0.3058,0.0001,0.0657,0.1308,0.0002,0.1718,0.7454,0.1284,1.6823,3.757,0.5415,6.0557,
25,0.0058,0.2335,0.5924,0.0529,0.0015,0.2886,0.0001,0.064,0.1282,0.0002,0.1744,0.7181,0.1242,1.6797,2.1548,0.2977,4.2044,
26,0.0058,0.2165,0.5476,0.0551,0.0014,0.2906,0,0.0613,0.1311,0.0001,0.1722,0.7196,0.1219,1.6169,2.0497,0.297,4.0334,
27,0.0056,0.2092,0.5598,0.0534,0.0033,0.3342,0.0001,0.0746,0.1462,0.0002,0.1833,0.8137,0.1232,1.7186,2.1021,0.2999,4.1908,
28,0.0058,0.2188,0.6049,0.0598,0.0019,0.3171,0.0001,0.0816,0.1393,0.0002,0.1736,0.7892,0.1261,1.7575,2.1456,0.3026,4.276,
29,0.006,0.2178,0.5835,0.0549,0.0042,0.3112,0,0.0627,0.1383,0.0002,0.1826,0.7674,0.1094,1.6913,2.1477,0.3014,4.209,
30,0.006,0.2077,0.6187,0.0604,0.0038,0.3164,0.0001,0.0724,0.1328,0.0003,0.1814,0.7844,0.1205,1.7439,2.5904,0.3197,4.7241,
31,0.0058,0.2254,0.6319,0.0513,0.0017,0.2742,0.0001,0.0689,0.1517,0.0002,0.1938,0.7557,0.1389,1.7638,2.261,0.3026,4.3958,
32,0.0068,0.1677,0.6107,0.0542,0.0027,0.2955,0.0001,0.0609,0.1248,0.0002,0.1595,0.7101,0.1255,1.6316,3.1529,0.5649,5.432,
33,0.006,0.2222,0.6416,0.0595,0.0017,0.3229,0.0001,0.0668,0.1354,0.0002,0.1814,0.7803,0.1128,1.7734,2.5366,0.3073,4.6899,
34,0.0059,0.2302,0.6205,0.0698,0.0019,0.3112,0.0001,0.1035,0.1378,0.0002,0.187,0.8719,0.1205,1.8627,2.4383,0.3151,4.6899,
35,0.0061,0.2076,0.5791,0.0569,0.0022,0.298,0,0.075,0.1372,0.0002,0.1813,0.7636,0.1177,1.6806,2.4323,0.3108,4.4973,
36,0.0058,0.2041,0.5665,0.0561,0.0079,0.3355,0.0001,0.0648,0.1343,0.0002,0.1693,0.7832,0.122,1.6894,2.4039,0.3243,4.4847,
37,0.0057,0.2111,0.6204,0.0685,0.006,0.3472,0.0001,0.0745,0.156,0.0002,0.1858,0.8614,0.1299,1.8415,2.3684,0.3143,4.5916,
38,0.0058,0.2084,0.5707,0.056,0.0021,0.299,0.0001,0.0576,0.1401,0.0002,0.1878,0.7559,0.1083,1.6606,2.6453,0.3221,4.6976,
39,0.0062,0.2141,0.5685,0.0536,0.0043,0.2961,0.0001,0.0607,0.1307,0.0002,0.1751,0.7321,0.1184,1.6468,2.462,0.3217,4.4982,
40,0.0058,0.1881,0.5746,0.0596,0.0019,0.3036,0,0.0659,0.1401,0.0002,0.1796,0.7656,0.1375,1.6851,3.0116,0.3349,5.1044,
41,0.0064,0.2417,0.6336,0.0602,0.0035,0.3075,0.0001,0.0796,0.141,0.0002,0.1956,0.8118,0.1288,1.8344,4.622,0.6009,7.1333,
42,0.006,0.2337,0.6377,0.0581,0.002,0.3069,0.0001,0.0716,0.1426,0.0002,0.1983,0.7997,0.1222,1.8088,3.2462,0.3302,5.4536,
43,0.0057,0.2164,0.5855,0.0529,0.003,0.3065,0.0001,0.0689,0.1529,0.0002,0.1761,0.7733,0.114,1.7035,2.5218,0.3321,4.6256,
44,0.006,0.2049,0.5622,0.0541,0.0044,0.2803,0.0001,0.0714,0.1431,0.0002,0.1988,0.7659,0.1145,1.6597,2.6784,0.332,4.7373,
45,0.0069,0.2152,0.5882,0.0608,0.0024,0.3183,0.0001,0.0693,0.138,0.0002,0.1882,0.7931,0.1211,1.7325,2.7127,0.3433,4.8591,
46,0.0059,0.215,0.6034,0.0618,0.0021,0.312,0.0001,0.0813,0.1438,0.0002,0.181,0.7996,0.1143,1.7468,2.5169,0.3268,4.6586,
47,0.0061,0.203,0.5966,0.0561,0.0021,0.293,0,0.0721,0.1343,0.0002,0.177,0.7488,0.1186,1.6818,2.5227,0.3334,4.6056,
48,0.0067,0.0882,0.5909,0.0601,0.0017,0.298,0.0001,0.0731,0.1227,0.0002,0.1643,0.7323,0.1148,1.5476,4.1318,0.5,6.2581,
49,0.006,0.2253,0.5911,0.0521,0.0028,0.3126,0.0002,0.0637,0.1404,0.0002,0.1863,0.7723,0.1196,1.7229,2.7246,0.3326,4.8503,
50,0.006,0.2189,0.5783,0.0542,0.0017,0.2983,0,0.0688,0.1369,0.0002,0.1816,0.7547,0.1056,1.6714,2.6582,0.3325,4.7303,
51,0.0061,0.2122,0.5915,0.0661,0.0015,0.3036,0.0001,0.0736,0.1401,0.0002,0.1833,0.7797,0.1212,1.7183,2.5325,0.3313,4.6496,
52,0.0057,0.2043,0.5632,0.0542,0.0039,0.2907,0,0.0713,0.1344,0.0002,0.1773,0.7428,0.1207,1.644,2.5539,0.3303,4.5959,
53,0.0059,0.2141,0.5675,0.059,0.0021,0.289,0.0001,0.0593,0.1294,0.0002,0.1742,0.726,0.1234,1.6431,2.6014,0.3336,4.6457,
54,0.0058,0.2093,0.5738,0.0536,0.0019,0.3026,0.0001,0.0703,0.1397,0.0002,0.186,0.7652,0.1139,1.6773,2.5468,0.3299,4.6221,
55,0.0058,0.2119,0.5687,0.056,0.0035,0.3194,0.0001,0.0731,0.1391,0.0001,0.1693,0.774,0.1104,1.6807,2.5437,0.3335,4.625,
56,0.0062,0.1845,0.613,0.0637,0.0047,0.2962,0.0001,0.0702,0.1246,0.0001,0.1738,0.7478,0.1186,1.6823,3.2344,0.3503,5.3425,
57,0.0061,0.225,0.6145,0.0616,0.0022,0.3142,0.0001,0.0709,0.136,0.0002,0.1826,0.781,0.1126,1.7477,3.5428,0.336,5.7012,
58,0.0057,0.2281,0.6283,0.06,0.0016,0.3104,0.0001,0.0635,0.1356,0.0002,0.1799,0.7616,0.1192,1.751,2.6529,0.3375,4.8134,
59,0.0057,0.2135,0.6217,0.0611,0.0017,0.3032,0.0001,0.0591,0.13,0.0002,0.1768,0.7428,0.1198,1.7115,2.7635,0.3384,4.8836,
60,0.0059,0.2113,0.5885,0.0658,0.0027,0.3029,0,0.066,0.1381,0.0001,0.1861,0.7727,0.1446,1.7294,2.576,0.3345,4.7087,
61,0.0059,0.2174,0.5574,0.0642,0.0016,0.2954,0.0001,0.0589,0.1281,0.0001,0.1802,0.7395,0.1071,1.6352,2.9252,0.3331,4.9639,
62,0.0061,0.2192,0.6322,0.0503,0.0046,0.2695,0.0001,0.0669,0.1257,0.0002,0.1779,0.7056,0.1162,1.6867,2.5781,0.3354,4.668,
63,0.006,0.2034,0.5892,0.0694,0.0063,0.2862,0.0001,0.072,0.1323,0.0002,0.1813,0.7623,0.1151,1.6888,2.6052,0.3362,4.6986,
64,0.0062,0.1768,0.625,0.057,0.0029,0.303,0.0001,0.0678,0.12,0.0002,0.1721,0.739,0.1231,1.6787,3.309,0.3417,5.3991,
65,0.0058,0.2201,0.6575,0.055,0.0035,0.2959,0,0.0614,0.1292,0.0002,0.1799,0.7388,0.1224,1.7555,2.8818,0.3394,5.0511,
66,0.006,0.2326,0.6002,0.0595,0.0016,0.2923,0,0.0703,0.1307,0.0002,0.1881,0.7534,0.119,1.7197,2.631,0.3382,4.7597,
67,0.006,0.2061,0.5563,0.0524,0.0036,0.2664,0.0001,0.076,0.1308,0.0001,0.1791,0.7191,0.1108,1.6048,2.9199,0.3359,4.9294,
68,0.0059,0.2092,0.5496,0.0496,0.0034,0.2264,0.0001,0.0661,0.1353,0.0002,0.194,0.7258,0.1338,1.6312,2.5891,0.3397,4.6279,
69,0.0058,0.2077,0.5792,0.1003,0.0066,0.2804,0.0001,0.0707,0.1277,0.0002,0.1762,0.7808,0.1106,1.6906,2.6336,0.3366,4.7322,
70,0.0059,0.2012,0.5566,0.0503,0.0033,0.229,0.0001,0.0544,0.1248,0.0002,0.1673,0.6376,0.1075,1.5144,2.5625,0.3379,4.4886,
71,0.0057,0.203,0.5527,0.054,0.0015,0.2668,0.0001,0.0628,0.1258,0.0002,0.1773,0.696,0.1187,1.5811,2.6869,0.3329,4.6693,
72,0.006,0.1806,0.6324,0.0609,0.0016,0.3016,0.0001,0.0757,0.1277,0.0002,0.1848,0.7712,0.1086,1.71,4.0477,0.3387,6.17,
73,0.0062,0.2402,0.6311,0.0583,0.0034,0.2315,0.0001,0.0779,0.1268,0.0002,0.1921,0.7056,0.1116,1.7063,2.6197,0.4059,4.8044,
74,0.0063,0.0875,0.5769,0.0637,0.0031,0.311,0,0.0612,0.1386,0.0001,0.1794,0.7687,0.1213,1.5702,2.6687,0.3391,4.6492,
75,0.0058,0.2076,0.6106,0.0612,0.002,0.2565,0,0.0717,0.1305,0.0003,0.1937,0.7264,0.1228,1.6804,2.6807,0.3434,4.7778,
76,0.0058,0.2218,0.607,0.0614,0.0019,0.2536,0.0001,0.0795,0.1395,0.0002,0.1882,0.7346,0.1315,1.709,2.7147,0.3504,4.8477,
77,0.0059,0.2237,0.6231,0.06,0.0017,0.2472,0.0001,0.0579,0.1365,0.0002,0.1768,0.6914,0.1338,1.6897,2.6049,0.3419,4.7082,
78,0.006,0.2121,0.6208,0.055,0.0039,0.2279,0.0001,0.0631,0.1317,0.0001,0.1803,0.6718,0.1296,1.6523,2.9895,0.3393,5.0494,
79,0.0061,0.2076,0.5784,0.0519,0.0042,0.2734,0.0001,0.0612,0.1312,0.0002,0.1778,0.711,0.1448,1.6544,3.0327,0.6121,5.3721,
80,0.0062,0.1021,0.6186,0.0576,0.0019,0.2383,0.0001,0.0824,0.1308,0.0001,0.1735,0.7017,0.1316,1.5725,5.0448,0.6332,7.316,
81,0.0063,0.2451,0.6602,0.0656,0.003,0.2473,0.0001,0.0818,0.1354,0.0001,0.2132,0.7677,0.1418,1.8395,2.7467,0.3436,5.0068,
82,0.006,0.2277,0.5951,0.0595,0.0019,0.2332,0.0002,0.0678,0.123,0.0002,0.1713,0.6704,0.1152,1.6227,3.4421,0.3382,5.4747,
83,0.0057,0.205,0.5879,0.0512,0.0039,0.2745,0.0001,0.0731,0.1341,0.0002,0.1853,0.7339,0.1155,1.6572,2.5946,0.3529,4.6745,
84,0.0061,0.2103,0.5787,0.0547,0.003,0.269,0.0001,0.072,0.1341,0.0001,0.1744,0.7202,0.1266,1.6488,2.5965,0.3414,4.6551,
85,0.006,0.2091,0.5937,0.0577,0.0036,0.2549,0,0.0768,0.1349,0.0001,0.1959,0.7381,0.1236,1.6791,2.9324,0.3449,5.0247,
86,0.0059,0.2086,0.5717,0.0697,0.0016,0.2851,0.0002,0.0787,0.124,0.0003,0.1761,0.752,0.1242,1.6694,2.7939,0.3418,4.8741,
87,0.006,0.2163,0.6029,0.054,0.004,0.3004,0.0001,0.0709,0.138,0.0002,0.1947,0.7786,0.1176,1.7324,2.6137,0.3354,4.7508,
88,0.0066,0.1837,0.6431,0.0652,0.0017,0.2875,0,0.0819,0.1267,0.0002,0.1853,0.7618,0.1328,1.7394,4.0118,0.3375,6.1647,
89,0.0057,0.2155,0.6258,0.0524,0.0027,0.2442,0.0001,0.0642,0.1405,0.0002,0.1881,0.7092,0.1137,1.6793,2.606,0.3422,4.6962,
90,0.0062,0.2098,0.6074,0.0552,0.0041,0.243,0.0001,0.073,0.1302,0.0002,0.1768,0.6983,0.1195,1.6488,2.6692,0.344,4.7316,
91,0.0058,0.215,0.5558,0.0527,0.0014,0.2655,0.0001,0.0703,0.1242,0.0002,0.1644,0.6873,0.1183,1.5881,2.6448,0.3415,4.6433,
92,0.006,0.2108,0.5513,0.0543,0.0015,0.2702,0,0.0736,0.127,0.0001,0.1724,0.7071,0.1166,1.5981,2.6048,0.3442,4.6153,
93,0.0061,0.2075,0.5537,0.053,0.0015,0.2506,0,0.0623,0.1236,0.0002,0.1983,0.6989,0.1204,1.5923,2.6286,0.3414,4.6312,
94,0.0061,0.2109,0.5554,0.0555,0.0014,0.2436,0.0001,0.0728,0.1311,0.0002,0.166,0.6784,0.1127,1.5699,2.6151,0.3476,4.6024,
95,0.0062,0.2186,0.6136,0.0575,0.0037,0.2816,0,0.0612,0.1274,0.0002,0.1683,0.718,0.1279,1.6937,2.8626,0.3416,4.9662,
96,0.0063,0.1855,0.6238,0.0562,0.0015,0.2314,0,0.0721,0.1257,0.0002,0.1773,0.6723,0.1145,1.6133,4.8369,0.6092,7.1291,
97,0.0056,0.2249,0.6136,0.0523,0.0014,0.2313,0,0.0655,0.1296,0.0001,0.1887,0.6765,0.1191,1.6499,4.8448,0.6064,7.1702,
98,0.0056,0.2134,0.6058,0.0603,0.0035,0.2743,0,0.0665,0.1272,0.0002,0.1638,0.71,0.113,1.6552,2.6593,0.3431,4.7276,
99,0.006,0.2105,0.5798,0.0529,0.0026,0.2723,0.0001,0.057,0.1212,0.0001,0.1744,0.6885,0.1245,1.6147,2.7468,0.341,4.7713,
100,0.0057,0.2105,0.6019,0.0587,0.0014,0.2221,0.0001,0.0733,0.1271,0.0002,0.1856,0.6793,0.1068,1.6112,2.5902,0.3414,4.612,
101,0.0062,0.2081,0.5728,0.0565,0.0014,0.2603,0,0.096,0.1262,0.0001,0.1661,0.7152,0.1134,1.6224,2.6022,0.3456,4.6402,
102,0.0059,0.2082,0.5688,0.0552,0.0032,0.2533,0,0.058,0.1253,0.0002,0.1732,0.677,0.1218,1.6064,2.6607,0.3387,4.6776,
103,0.006,0.2212,0.5667,0.0502,0.0014,0.2403,0.0001,0.0674,0.128,0.0001,0.1852,0.6856,0.1337,1.6245,2.6455,0.3423,4.6824,
104,0.0066,0.1957,0.6524,0.069,0.0027,0.2538,0.0001,0.0629,0.1197,0.0002,0.1721,0.6929,0.1306,1.6906,3.2593,0.341,5.3673,
105,0.0059,0.2253,0.6062,0.06,0.0022,0.301,0.0001,0.0634,0.1284,0.0002,0.1922,0.7604,0.1183,1.7239,2.9214,0.3802,5.0995,
106,0.006,0.2319,0.5949,0.062,0.0019,0.2328,0.0001,0.0675,0.1288,0.0002,0.1702,0.6745,0.1175,1.6326,2.7185,0.3446,4.7697,
107,0.0057,0.2127,0.5737,0.059,0.0016,0.2896,0.0001,0.07,0.128,0.0002,0.1884,0.7472,0.1273,1.6756,2.7019,0.3481,4.7979,
108,0.0059,0.2056,0.583,0.0691,0.0019,0.2546,0,0.062,0.1325,0.0002,0.1865,0.7178,0.1243,1.643,2.8185,0.3452,4.8798,
109,0.0058,0.2148,0.631,0.0544,0.0038,0.2327,0.0001,0.0629,0.132,0.0001,0.1838,0.6815,0.1214,1.6622,2.9407,0.3463,5.0181,
110,0.0059,0.2171,0.6267,0.0596,0.0018,0.2379,0.0001,0.0602,0.1279,0.0001,0.1873,0.6882,0.1215,1.6682,2.6317,0.3433,4.7162,
111,0.0062,0.2296,0.6277,0.0641,0.0033,0.2887,0.0001,0.0688,0.13,0.0002,0.1724,0.7462,0.106,1.7264,2.6572,0.3456,4.7993,
112,0.0058,0.0869,0.6277,0.06,0.0019,0.2455,0.0001,0.0813,0.1226,0.0003,0.1965,0.7219,0.1171,1.5706,3.6561,0.34,5.6399,
113,0.0058,0.2296,0.6312,0.0617,0.0019,0.23,0.0001,0.0724,0.1307,0.0002,0.1883,0.6963,0.1283,1.7013,2.7157,0.3441,4.8341,
114,0.0058,0.2142,0.599,0.0581,0.0021,0.2546,0.0001,0.0628,0.1321,0.0002,0.1858,0.7081,0.1245,1.659,2.6612,0.3446,4.7384,
115,0.0062,0.2133,0.58,0.0588,0.0043,0.2898,0.0002,0.0586,0.1267,0.0002,0.1916,0.7415,0.1209,1.6701,2.6763,0.3411,4.7606,
116,0.0062,0.2183,0.6012,0.0633,0.003,0.3211,0.0001,0.0689,0.1286,0.0002,0.182,0.7833,0.1164,1.7325,2.6638,0.3505,4.8181,
117,0.0057,0.2131,0.6132,0.0663,0.0014,0.2439,0,0.0708,0.1355,0.0002,0.1788,0.7043,0.1306,1.6722,2.6014,0.3386,4.6808,
118,0.006,0.2194,0.5744,0.0536,0.0043,0.232,0.0001,0.0766,0.1283,0.0002,0.1849,0.6916,0.1342,1.6371,2.9077,0.3394,4.9557,
119,0.0062,0.2192,0.6303,0.0731,0.0036,0.2891,0,0.063,0.1401,0.0002,0.1858,0.7668,0.1312,1.7697,2.7737,0.5307,5.1492,
120,0.0069,0.187,0.6412,0.0597,0.0022,0.2647,0.0001,0.0824,0.1307,0.0002,0.1741,0.7324,0.1157,1.6976,3.524,0.3492,5.6466,
121,0.006,0.2239,0.6288,0.0597,0.0027,0.2812,0,0.0603,0.1296,0.0003,0.1807,0.7293,0.1299,1.7289,2.9999,0.3447,5.1512,
122,0.0059,0.2205,0.6197,0.0661,0.0037,0.2812,0.0001,0.0778,0.1373,0.0002,0.1692,0.7491,0.1285,1.7345,2.792,0.3452,4.9475,
123,0.0059,0.2273,0.5858,0.057,0.0018,0.2269,0.0001,0.0611,0.128,0.0001,0.1771,0.6636,0.1246,1.6161,2.6346,0.3442,4.6673,
124,0.0058,0.2041,0.5875,0.0591,0.003,0.2426,0.0001,0.0757,0.133,0.0002,0.2064,0.7372,0.128,1.6721,2.751,0.3492,4.8418,
125,0.0063,0.2179,0.6036,0.0523,0.0038,0.2874,0.0001,0.0762,0.1288,0.0002,0.182,0.7453,0.1173,1.697,2.7566,0.3381,4.8623,
126,0.0061,0.2199,0.588,0.0579,0.0036,0.2212,0,0.0616,0.1448,0.0002,0.1939,0.6963,0.1264,1.6459,2.728,0.3384,4.7833,
127,0.0061,0.2158,0.6208,0.055,0.0016,0.2279,0.0001,0.0825,0.1282,0.0002,0.1732,0.6822,0.1214,1.6566,4.4965,0.5494,6.7747,
128,0.0061,0.0864,0.6259,0.0579,0.002,0.2985,0.0001,0.0618,0.132,0.0002,0.191,0.7561,0.1295,1.6137,4.6309,0.5431,6.8584,
129,0.0064,0.2349,0.6251,0.0617,0.0014,0.2694,0.0001,0.0617,0.1345,0.0001,0.2,0.7385,0.1295,1.74,3.2168,0.3402,5.3756,
130,0.0059,0.2222,0.6337,0.0556,0.0015,0.2413,0.0001,0.0799,0.1316,0.0002,0.1763,0.695,0.1148,1.6795,2.8022,0.3415,4.8951,
131,0.0061,0.2105,0.5569,0.0579,0.0014,0.2679,0,0.0747,0.1254,0.0001,0.1707,0.7095,0.1146,1.6029,2.7844,0.3362,4.7943,
132,0.0063,0.2095,0.5897,0.0572,0.0015,0.2264,0.0001,0.069,0.1381,0.0001,0.1843,0.6862,0.1348,1.6339,2.6096,0.3354,4.6518,
133,0.0061,0.2179,0.6109,0.0598,0.0034,0.2461,0.0001,0.0733,0.1357,0.0002,0.1764,0.7106,0.1096,1.6644,3.2841,0.3409,5.3622,
134,0.006,0.2245,0.6339,0.0565,0.0017,0.2224,0.0001,0.072,0.1228,0.0002,0.1737,0.662,0.1112,1.6469,2.5962,0.3363,4.6496,
135,0.0061,0.2078,0.588,0.0558,0.005,0.2924,0.0001,0.0756,0.1275,0.0002,0.185,0.7549,0.1144,1.6808,2.7317,0.3359,4.8185,
136,0.0063,0.115,0.6485,0.0621,0.0031,0.2364,0,0.0733,0.1239,0.0002,0.186,0.7417,0.1253,1.6499,4.0594,0.4828,6.2688,
137,0.0059,0.2231,0.6183,0.0579,0.0019,0.2378,0.0001,0.0681,0.1266,0.0002,0.1817,0.6861,0.1211,1.664,3.8892,0.4785,6.1067,
138,0.006,0.2108,0.5756,0.0542,0.0018,0.2418,0.0001,0.0605,0.1271,0.0002,0.1934,0.6916,0.1251,1.6167,3.135,0.3335,5.1609,
139,0.006,0.2159,0.6348,0.053,0.0016,0.2473,0.0001,0.0803,0.1461,0.0002,0.1845,0.7259,0.1236,1.7169,2.6387,0.3363,4.762,
140,0.0059,0.2159,0.5941,0.0558,0.0017,0.2284,0,0.0656,0.1278,0.0002,0.1813,0.6714,0.1443,1.641,2.6235,0.3361,4.6735,
141,0.0058,0.2114,0.5621,0.0606,0.0021,0.239,0.0001,0.0734,0.1319,0.0001,0.1874,0.7095,0.1276,1.624,2.6694,0.3327,4.6957,
142,0.0063,0.2125,0.6,0.0571,0.0069,0.2454,0,0.0669,0.1374,0.0001,0.1724,0.7043,0.1298,1.6594,2.5855,0.334,4.6483,
143,0.006,0.2142,0.6171,0.0575,0.0025,0.2942,0.0001,0.0637,0.1344,0.0002,0.1757,0.7389,0.1254,1.7105,2.5792,0.3357,4.695,
144,0.0069,0.0928,0.6076,0.0569,0.002,0.228,0.0001,0.0724,0.1188,0.0002,0.1766,0.6676,0.121,1.5096,4.07,0.3411,5.9996,
145,0.0061,0.2337,0.5939,0.0561,0.0019,0.2241,0.0001,0.073,0.1315,0.0002,0.1803,0.6798,0.122,1.6459,2.6647,0.3402,4.7236,
146,0.0063,0.223,0.5818,0.0595,0.002,0.2317,0.0001,0.0702,0.1334,0.0002,0.1829,0.6963,0.1389,1.6586,2.6034,0.3398,4.6717,
147,0.0065,0.2145,0.6318,0.0607,0.004,0.2696,0.0001,0.0759,0.1272,0.0002,0.1974,0.751,0.1134,1.7296,2.6486,0.3322,4.7831,
148,0.0059,0.2337,0.5913,0.0498,0.0016,0.2962,0,0.0708,0.13,0.0002,0.1773,0.7386,0.1184,1.6983,2.829,0.3304,4.9323,
149,0.006,0.2277,0.6179,0.0613,0.0025,0.2344,0.0001,0.0749,0.1411,0.0002,0.1886,0.7134,0.122,1.7005,2.5896,0.3294,4.6895,
150,0.0059,0.2115,0.5642,0.062,0.0018,0.2328,0,0.073,0.1291,0.0001,0.1886,0.6992,0.1182,1.6069,2.5688,0.3319,4.5772,
151,0.006,0.2115,0.6039,0.0594,0.0037,0.2998,0.0001,0.0672,0.131,0.0001,0.1689,0.7436,0.1253,1.7004,2.8395,0.3346,4.9467,
152,0.0063,0.1824,0.6621,0.048,0.0033,0.2368,0.0002,0.0819,0.1227,0.0002,0.1894,0.6967,0.1262,1.6869,3.0913,0.3394,5.1901,
153,0.006,0.228,0.5958,0.051,0.0019,0.2702,0,0.0653,0.13,0.0002,0.1978,0.7288,0.1076,1.6792,2.6993,0.335,4.788,
154,0.0058,0.2077,0.5801,0.0608,0.003,0.243,0.0001,0.0638,0.1268,0.0001,0.19,0.6992,0.118,1.618,3.8139,0.3297,5.8362,
155,0.0055,0.2241,0.6277,0.056,0.0021,0.2912,0.0001,0.0641,0.127,0.0002,0.1816,0.732,0.1172,1.7187,2.8885,0.3355,5.013,
156,0.0064,0.221,0.5835,0.0587,0.0044,0.2418,0,0.0664,0.1353,0.0001,0.1661,0.6878,0.1341,1.6448,2.8687,0.3364,4.9201,
157,0.006,0.2121,0.6243,0.0606,0.0064,0.2762,0.0001,0.0746,0.1394,0.0002,0.1853,0.7619,0.1144,1.7282,2.6355,0.3239,4.758,
158,0.0059,0.2155,0.595,0.055,0.0036,0.2219,0.0001,0.0598,0.129,0.0001,0.1659,0.6437,0.1059,1.5737,2.7952,0.3253,4.7722,
159,0.0062,0.2182,0.6117,0.0512,0.0033,0.2123,0.0001,0.0739,0.1509,0.0002,0.1937,0.6947,0.1297,1.6708,2.5812,0.334,4.6571,
160,0.0061,0.0797,0.627,0.0577,0.0017,0.2312,0.0001,0.0754,0.1209,0.0002,0.2068,0.7112,0.1123,1.5491,3.8925,0.4577,5.9727,
161,0.0061,0.2262,0.6565,0.0547,0.0017,0.2357,0.0001,0.0691,0.1313,0.0002,0.198,0.7065,0.125,1.7354,3.6774,0.3288,5.8186,
162,0.006,0.2222,0.5873,0.0599,0.0041,0.23,0.0001,0.079,0.1303,0.0001,0.1905,0.7109,0.1292,1.6674,4.0199,0.5852,6.3528,
163,0.0067,0.2218,0.6146,0.053,0.0022,0.2237,0.0001,0.0741,0.123,0.0002,0.1766,0.6681,0.1217,1.6482,2.761,0.3329,4.8156,
164,0.006,0.2051,0.5867,0.0634,0.0018,0.2541,0.0001,0.0783,0.1348,0.0001,0.1821,0.7261,0.1197,1.6526,3.5514,0.3356,5.6142,
165,0.0057,0.2247,0.6177,0.0625,0.0031,0.2727,0.0001,0.059,0.1286,0.0001,0.1848,0.726,0.1155,1.6983,2.8221,0.3333,4.9232,
166,0.0062,0.208,0.5818,0.0544,0.0039,0.2193,0.0001,0.0723,0.1438,0.0002,0.196,0.702,0.1163,1.6232,2.9032,0.335,4.9315,
167,0.006,0.2149,0.6162,0.0605,0.003,0.2297,0.0001,0.0698,0.1403,0.0002,0.1805,0.6957,0.1132,1.6543,2.6118,0.3296,4.6683,
168,0.0065,0.0888,0.6365,0.0608,0.0022,0.3005,0.0001,0.0718,0.1241,0.0002,0.1732,0.747,0.1235,1.6121,4.0366,0.33,6.0525,
169,0.0057,0.2242,0.6123,0.0511,0.0018,0.2681,0.0001,0.075,0.1382,0.0002,0.185,0.7339,0.1321,1.7173,3.2243,0.3368,5.352,
170,0.0059,0.227,0.6058,0.0599,0.0041,0.2323,0.0001,0.0684,0.1354,0.0002,0.1852,0.7125,0.1294,1.6901,2.8361,0.3329,4.9287,
171,0.006,0.2229,0.6091,0.0588,0.0033,0.2373,0.0001,0.0725,0.1284,0.0002,0.1954,0.7122,0.1329,1.6945,2.5913,0.3305,4.6872,
172,0.006,0.2131,0.5934,0.0577,0.0038,0.2223,0.0002,0.0767,0.1302,0.0002,0.1725,0.6766,0.1146,1.6112,2.6293,0.3369,4.6474,
173,0.0057,0.2084,0.5948,0.0587,0.002,0.2282,0.0001,0.0645,0.1255,0.0001,0.1803,0.6733,0.1224,1.615,2.5714,0.3341,4.5918,
174,0.0059,0.2116,0.5772,0.0558,0.0033,0.2378,0.0001,0.0705,0.1229,0.0002,0.1881,0.6895,0.1056,1.5993,2.5859,0.3305,4.586,
175,0.006,0.2037,0.591,0.062,0.007,0.228,0.0001,0.0769,0.1317,0.0002,0.1794,0.7021,0.1201,1.6329,2.5813,0.3304,4.6146,
176,0.0064,0.1767,0.6481,0.0636,0.0018,0.2861,0,0.0703,0.1238,0.0002,0.1861,0.7491,0.1296,1.7202,2.9667,0.3306,5.1014,
177,0.0063,0.2213,0.6269,0.0563,0.0018,0.2839,0.0001,0.0608,0.1297,0.0002,0.1819,0.7285,0.1215,1.7166,3.9755,0.4891,6.257,
178,0.006,0.2185,0.6146,0.0557,0.003,0.2381,0.0002,0.0663,0.1311,0.0001,0.1858,0.6967,0.116,1.663,2.7703,0.3266,4.8347,
179,0.0059,0.2107,0.6471,0.0594,0.0054,0.2751,0.0001,0.0728,0.1333,0.0002,0.181,0.7429,0.1248,1.7445,2.6292,0.326,4.7697,
180,0.0061,0.2189,0.603,0.0535,0.003,0.2562,0.0001,0.0635,0.1307,0.0002,0.1676,0.6899,0.1277,1.6529,2.5394,0.3232,4.5856,
181,0.0059,0.2103,0.5996,0.0557,0.0034,0.2316,0.0001,0.0721,0.1297,0.0002,0.2041,0.713,0.1355,1.6758,2.5801,0.3271,4.6529,
182,0.0063,0.2118,0.5952,0.0647,0.0031,0.2312,0.0001,0.0742,0.1402,0.0001,0.1887,0.7176,0.1296,1.6715,2.5695,0.3256,4.6372,
183,0.006,0.2067,0.5978,0.0571,0.0037,0.2189,0.0001,0.059,0.1174,0.0002,0.1759,0.6435,0.1221,1.5874,4.023,0.517,6.2023,
184,0.0058,0.1133,0.6052,0.0552,0.0018,0.273,0.0001,0.0696,0.1165,0.0002,0.1826,0.7144,0.1221,1.5706,3.6149,0.3316,5.5877,
185,0.0062,0.2273,0.6359,0.0542,0.0016,0.2929,0.0001,0.0725,0.1265,0.0001,0.1793,0.7426,0.1125,1.7378,2.9616,0.3308,5.1024,
186,0.0058,0.2177,0.5878,0.0617,0.0071,0.2573,0.0001,0.0671,0.1285,0.0003,0.1845,0.7249,0.1187,1.6662,3.0296,0.3248,5.0934,
187,0.0065,0.2199,0.5969,0.0553,0.0036,0.2269,0.0001,0.0637,0.1304,0.0002,0.1773,0.6735,0.1237,1.6294,3.2037,0.325,5.2289,
188,0.0059,0.2105,0.6101,0.0639,0.0015,0.2795,0.0001,0.0694,0.1324,0.0002,0.1872,0.7435,0.1198,1.6999,2.6796,0.3287,4.779,
189,0.006,0.2228,0.5471,0.0565,0.0031,0.2157,0.0001,0.0652,0.1283,0.0002,0.1731,0.6504,0.1126,1.5461,2.714,0.3324,4.6627,
190,0.006,0.2012,0.5837,0.0582,0.0014,0.2777,0.0001,0.0615,0.1309,0.0002,0.1767,0.718,0.1121,1.6265,2.5465,0.3294,4.5725,
191,0.0059,0.204,0.5602,0.0546,0.0014,0.222,0,0.0597,0.1282,0.0001,0.1841,0.6585,0.1112,1.5454,2.5581,0.3276,4.5014,
192,0.0061,0.1699,0.6252,0.0665,0.0019,0.2825,0.0001,0.0589,0.1158,0.0002,0.173,0.7152,0.1312,1.6594,4.4027,0.3329,6.4742,
193,0.0061,0.2391,0.6474,0.0634,0.0022,0.2556,0.0001,0.069,0.1299,0.0003,0.1935,0.7325,0.1408,1.7778,2.6674,0.3331,4.8573,
194,0.0061,0.2189,0.5791,0.0545,0.0017,0.2808,0.0001,0.0722,0.1312,0.0002,0.1769,0.7302,0.1176,1.6606,2.708,0.3374,4.7799,
195,0.0061,0.2301,0.607,0.0564,0.0035,0.2795,0.0001,0.0689,0.1297,0.0002,0.186,0.7459,0.1185,1.7201,2.6569,0.3303,4.7805,
196,0.006,0.2137,0.627,0.0567,0.0037,0.2426,0.0001,0.0771,0.1355,0.0001,0.1855,0.7171,0.1317,1.7056,2.6324,0.3231,4.734,
197,0.0061,0.2175,0.6159,0.058,0.004,0.2455,0.0001,0.0751,0.1358,0.0002,0.1775,0.7157,0.1292,1.6956,2.5411,0.3306,4.6385,
198,0.006,0.223,0.6404,0.0584,0.0043,0.2668,0.0001,0.071,0.1342,0.0001,0.1781,0.7316,0.1232,1.7361,2.8836,0.3277,5.0224,
199,0.006,0.2267,0.6566,0.062,0.0036,0.2947,0.0001,0.074,0.1351,0.0002,0.1741,0.7646,0.1248,1.7882,2.6053,0.3391,4.8035,
200,0.006,0.1744,0.6011,0.0722,0.002,0.2432,0.0001,0.0674,0.1164,0.0002,0.187,0.7041,0.1226,1.6245,3.9229,0.3281,5.9507,
201,0.0059,0.2361,0.618,0.0733,0.0017,0.2881,0.0001,0.0702,0.1319,0.0002,0.1748,0.7592,0.1246,1.7581,2.5574,0.3263,4.7138,
202,0.006,0.2126,0.6092,0.0618,0.0042,0.2505,0,0.0774,0.1284,0.0002,0.1877,0.7289,0.1207,1.6895,2.6902,0.3271,4.783,
203,0.006,0.2232,0.689,0.0598,0.007,0.2389,0.0001,0.0726,0.1374,0.0001,0.1771,0.714,0.1076,1.7499,2.9239,0.3301,5.0755,
204,0.006,0.2148,0.6418,0.0559,0.003,0.2449,0.0001,0.0682,0.1405,0.0002,0.1942,0.7403,0.1294,1.7455,2.5369,0.3241,4.6775,
205,0.0064,0.2085,0.6157,0.0538,0.0032,0.2822,0.0001,0.0718,0.1268,0.0001,0.1785,0.7348,0.1207,1.6959,2.5572,0.331,4.6547,
206,0.0061,0.219,0.6099,0.0596,0.0033,0.2344,0.0001,0.0765,0.1351,0.0002,0.1827,0.7113,0.1215,1.6777,2.5903,0.3214,4.6594,
207,0.0059,0.2137,0.6351,0.0649,0.0029,0.2354,0.0001,0.0654,0.1301,0.0001,0.185,0.695,0.1229,1.6815,2.5437,0.3228,4.6181,
208,0.0063,0.0923,0.6594,0.0596,0.0021,0.2413,0.0001,0.0758,0.1179,0.0002,0.1881,0.699,0.1313,1.6025,4.0839,0.3206,6.0834,
209,0.006,0.2366,0.6188,0.0633,0.0019,0.2847,0.0001,0.0674,0.1299,0.0001,0.1909,0.7535,0.1201,1.7429,2.6194,0.3292,4.7706,
210,0.0061,0.2095,0.5621,0.0607,0.0022,0.2434,0,0.0601,0.1325,0.0003,0.1849,0.7049,0.1227,1.613,3.9129,0.5071,6.1136,
211,0.0061,0.2368,0.6278,0.0549,0.0043,0.2329,0.0001,0.0697,0.1292,0.0002,0.1719,0.6789,0.124,1.6869,4.0098,0.5134,6.2807,
212,0.0057,0.2238,0.5868,0.0542,0.004,0.2391,0.0001,0.0646,0.1278,0.0002,0.1807,0.6911,0.1202,1.639,2.8051,0.3221,4.8374,
213,0.0059,0.2172,0.6415,0.0616,0.0029,0.2472,0.0001,0.0753,0.1322,0.0001,0.1902,0.722,0.1253,1.7255,3.2104,0.3214,5.3293,
214,0.006,0.2197,0.6001,0.0548,0.0039,0.2262,0,0.0804,0.1321,0.0002,0.1758,0.6885,0.1105,1.6339,2.6742,0.3207,4.6994,
215,0.0061,0.2262,0.6421,0.0526,0.0035,0.2854,0.0001,0.0722,0.1309,0.0002,0.1849,0.7437,0.1207,1.7462,2.5183,0.3348,4.6743,
216,0.0057,0.1862,0.6527,0.0631,0.0021,0.2428,0.0001,0.0694,0.1264,0.0002,0.1809,0.6999,0.1284,1.6841,3.6052,0.3307,5.6946,
217,0.0059,0.2242,0.6235,0.0566,0.0028,0.2778,0.0001,0.0547,0.1265,0.0002,0.1725,0.7056,0.1126,1.6804,2.9138,0.3255,4.9916,
218,0.0057,0.2118,0.5948,0.0677,0.0023,0.2836,0.0001,0.0721,0.1347,0.0001,0.1803,0.7515,0.1163,1.6875,2.6821,0.3202,4.7638,
219,0.006,0.2469,0.6463,0.0675,0.0068,0.3259,0.0001,0.0645,0.1324,0.0002,0.1888,0.8016,0.1155,1.8236,4.2708,0.4951,6.6604,
220,0.006,0.2219,0.6332,0.0616,0.0035,0.2412,0.0001,0.0614,0.1248,0.0002,0.1787,0.6832,0.1339,1.6889,3.7552,0.3238,5.8467,
221,0.0057,0.2168,0.6033,0.0558,0.0054,0.2718,0.0001,0.0765,0.1201,0.0002,0.1869,0.7402,0.1239,1.7014,3.7818,0.4944,6.0472,
222,0.006,0.2263,0.6121,0.0593,0.0024,0.2834,0.0001,0.0694,0.1308,0.0001,0.168,0.7308,0.1302,1.7194,2.8008,0.3346,4.9281,
223,0.006,0.2218,0.6203,0.058,0.0017,0.2553,0.0001,0.0792,0.1338,0.0002,0.1794,0.7252,0.1217,1.7063,2.6273,0.32,4.7242,
224,0.0062,0.089,0.5805,0.0568,0.0023,0.2281,0.0001,0.0691,0.1158,0.0002,0.179,0.6664,0.1317,1.4852,3.6128,0.3271,5.5014,
225,0.0058,0.2286,0.5951,0.0589,0.0016,0.2867,0.0001,0.0796,0.1285,0.0002,0.1807,0.754,0.1261,1.7187,3.5339,0.3233,5.6513,
226,0.0058,0.218,0.6078,0.0566,0.0045,0.2204,0.0001,0.0647,0.1292,0.0002,0.1751,0.6677,0.1189,1.627,3.5076,0.4238,5.6291,
227,0.006,0.2224,0.5722,0.0599,0.0019,0.2821,0,0.0627,0.1154,0.0002,0.1894,0.7255,0.1356,1.6707,2.8057,0.32,4.8703,
228,0.0058,0.2174,0.6191,0.0624,0.0064,0.2456,0.0001,0.07,0.1296,0.0001,0.1835,0.7208,0.1207,1.6952,4.2751,0.3264,6.3718,
229,0.006,0.228,0.6048,0.0587,0.008,0.2335,0.0001,0.0667,0.1331,0.0002,0.1908,0.7148,0.1266,1.6914,4.3726,0.5149,6.6539,
230,0.0056,0.2408,0.6392,0.0575,0.0018,0.288,0.0001,0.071,0.1167,0.0002,0.1933,0.7423,0.1313,1.7714,2.5497,0.3231,4.7138,
231,0.0059,0.2114,0.642,0.062,0.0047,0.2444,0.0001,0.0622,0.1119,0.0002,0.1883,0.6851,0.1184,1.6709,2.5456,0.3352,4.6223,
232,0.0066,0.0856,0.6152,0.0607,0.0019,0.2561,0.0001,0.0791,0.1253,0.0002,0.1816,0.7211,0.1237,1.5635,3.745,0.3204,5.7057,
233,0.006,0.2331,0.5985,0.0619,0.0021,0.2271,0.0001,0.0573,0.1245,0.0001,0.1642,0.6488,0.1258,1.6229,2.598,0.3282,4.6228,
234,0.0063,0.2081,0.5886,0.0635,0.0041,0.289,0,0.0767,0.1141,0.0001,0.1845,0.7428,0.1142,1.6678,3.1762,0.4673,5.3863,
235,0.0057,0.2291,0.5701,0.0598,0.0019,0.2252,0,0.0657,0.1115,0.0002,0.1782,0.6528,0.1291,1.5952,3.8471,0.4641,5.9813,
236,0.0058,0.2135,0.6069,0.0618,0.0017,0.2274,0,0.067,0.1117,0.0002,0.1802,0.6618,0.1339,1.6279,3.7696,0.3178,5.7897,
237,0.0057,0.2205,0.5893,0.0568,0.0032,0.2159,0,0.0791,0.1285,0.0002,0.1774,0.6705,0.1146,1.6121,3.4724,0.4037,5.5739,
238,0.006,0.2242,0.5879,0.0567,0.0014,0.2313,0.0001,0.0688,0.1097,0.0001,0.1765,0.6524,0.1105,1.5864,2.8668,0.3144,4.8374,
239,0.0059,0.2163,0.575,0.0614,0.0016,0.2843,0.0001,0.0598,0.1231,0.0002,0.1883,0.7294,0.1185,1.6549,2.7682,0.3174,4.8109,
240,0.0061,0.176,0.5963,0.0526,0.0015,0.2205,0.0001,0.0725,0.1101,0.0001,0.1857,0.6562,0.1226,1.5733,3.8629,0.4072,5.9148,
241,0.0061,0.2256,0.6349,0.0599,0.0021,0.2305,0.0001,0.0708,0.1131,0.0002,0.1858,0.6741,0.1219,1.674,2.9454,0.3207,5.0145,
242,0.006,0.2108,0.6101,0.0676,0.0036,0.242,0.0001,0.068,0.1195,0.0002,0.1881,0.7089,0.1316,1.6809,2.8008,0.4764,5.037,
243,0.0059,0.2277,0.6035,0.0638,0.0017,0.2278,0.0001,0.0744,0.1131,0.0002,0.1799,0.6731,0.1258,1.6451,3.6289,0.3253,5.6762,
244,0.0062,0.2244,0.6006,0.062,0.0023,0.2678,0.0002,0.08,0.1273,0.0002,0.2286,0.7864,0.1302,1.7582,2.737,0.319,4.8864,
245,0.006,0.2261,0.5984,0.0583,0.0036,0.2853,0.0001,0.0657,0.1286,0.0002,0.1788,0.7376,0.1231,1.7023,3.4843,0.458,5.7152,
246,0.006,0.2238,0.6169,0.0616,0.0019,0.2377,0.0001,0.0684,0.1336,0.0002,0.1934,0.714,0.1206,1.6911,2.5099,0.3192,4.5917,
247,0.0061,0.2145,0.6157,0.0569,0.0027,0.2366,0.0001,0.0764,0.1195,0.0002,0.185,0.6971,0.1314,1.6759,2.5113,0.3194,4.5778,
248,0.0062,0.2577,0.6308,0.0655,0.0021,0.2372,0.0001,0.0804,0.1123,0.0002,0.2007,0.7136,0.1236,1.7474,4.2316,0.4875,6.5445,
249,0.0058,0.2252,0.6376,0.0618,0.0031,0.2906,0.0001,0.0712,0.135,0.0002,0.1824,0.7595,0.1157,1.7559,2.5978,0.3176,4.7439,
250,0.006,0.2106,0.5756,0.0552,0.0015,0.2454,0.0001,0.0789,0.1175,0.0002,0.1819,0.699,0.1357,1.6333,4.0805,0.4767,6.2637,
251,0.0058,0.2124,0.6437,0.0657,0.004,0.2573,0.0001,0.083,0.1216,0.0002,0.1985,0.751,0.1387,1.764,3.9449,0.4472,6.231,
252,0.0057,0.2181,0.6634,0.066,0.0035,0.2614,0.0001,0.0769,0.1274,0.0002,0.1723,0.7265,0.1165,1.7394,4.0319,0.5127,6.3594,
253,0.0059,0.2315,0.6038,0.0506,0.0039,0.2354,0.0001,0.0707,0.1221,0.0002,0.1945,0.6891,0.1593,1.7004,4.222,0.363,6.3611,
254,0.006,0.227,0.6199,0.0634,0.0019,0.2482,0.0001,0.0776,0.1399,0.0002,0.1751,0.7225,0.1207,1.7059,2.4896,0.3122,4.578,
255,0.0059,0.2081,0.6152,0.0581,0.0038,0.2554,0,0.0715,0.111,0.0002,0.1755,0.6867,0.1218,1.6477,3.0127,0.3182,5.0501,
256,0.0064,0.1798,0.6311,0.0548,0.002,0.2421,0.0001,0.0754,0.1256,0.0002,0.1951,0.7154,0.1134,1.6606,3.7471,0.3249,5.8122,
257,0.0058,0.2296,0.6451,0.0704,0.0067,0.2424,0.0001,0.0765,0.1153,0.0003,0.1857,0.7136,0.1097,1.7157,2.5749,0.3164,4.6788,
258,0.006,0.2131,0.6028,0.0597,0.0051,0.2707,0.0001,0.0605,0.1083,0.0002,0.1781,0.6909,0.1163,1.6362,3.5308,0.3252,5.5624,
259,0.0059,0.2103,0.5705,0.0583,0.0014,0.2773,0,0.0661,0.1295,0.0002,0.1874,0.729,0.1148,1.6373,3,0.3182,5.028,
260,0.0056,0.2239,0.6018,0.06,0.0042,0.2449,0.0002,0.0684,0.1162,0.0002,0.1937,0.7092,0.1381,1.6955,3.439,0.3137,5.524,
261,0.0056,0.2177,0.6295,0.0582,0.0018,0.2395,0.0001,0.0752,0.1187,0.0002,0.1962,0.711,0.1396,1.7218,3.3901,0.3133,5.5007,
262,0.0063,0.2172,0.6261,0.0661,0.0049,0.2417,0.0001,0.0727,0.1318,0.0002,0.1856,0.7181,0.1169,1.6958,3.9342,0.4668,6.1721,
263,0.0061,0.2191,0.6353,0.0569,0.0023,0.2324,0.0001,0.077,0.1132,0.0002,0.1806,0.676,0.1304,1.6811,3.2168,0.3119,5.28,
264,0.0066,0.1702,0.6067,0.0636,0.0023,0.237,0.0001,0.0859,0.1213,0.0002,0.1703,0.7004,0.1159,1.6124,3.3356,0.3201,5.3493,
265,0.0058,0.2247,0.6284,0.0558,0.0031,0.2345,0,0.0648,0.1287,0.0001,0.1896,0.689,0.1338,1.6922,3.1768,0.3544,5.2988,
266,0.0058,0.2341,0.6089,0.0571,0.004,0.2284,0.0001,0.0663,0.1146,0.0002,0.1699,0.6546,0.1271,1.6429,2.4519,0.3104,4.4755,
267,0.006,0.2074,0.5895,0.0553,0.0019,0.2322,0.0001,0.0756,0.1201,0.0002,0.1844,0.6846,0.122,1.6174,2.6902,0.3135,4.7003,
268,0.0059,0.2215,0.613,0.0569,0.0016,0.2439,0.0001,0.0638,0.1099,0.0002,0.1837,0.676,0.1178,1.6443,3.0489,0.4398,5.2038,
269,0.0059,0.2186,0.6252,0.0545,0.0022,0.3352,0.0001,0.0793,0.1181,0.0003,0.1773,0.7865,0.1144,1.7607,2.552,0.3127,4.6955,
270,0.006,0.2137,0.5964,0.0637,0.0044,0.2501,0.0001,0.0717,0.1198,0.0002,0.1815,0.7077,0.1173,1.6498,2.4763,0.3158,4.5127,
271,0.0061,0.2056,0.6038,0.055,0.0044,0.2519,0.0001,0.0737,0.1159,0.0002,0.1946,0.7563,0.1039,1.6864,2.656,0.3126,4.7253,
272,0.0063,0.1853,0.6129,0.0596,0.0015,0.2315,0.0001,0.0656,0.1129,0.0002,0.1701,0.6526,0.1102,1.5783,3.8271,0.4515,5.9266,
273,0.006,0.2193,0.5847,0.057,0.0045,0.2592,0.0001,0.0683,0.1345,0.0002,0.1794,0.7251,0.1262,1.6691,2.8401,0.3373,4.9221,
274,0.0064,0.2326,0.6439,0.0579,0.0022,0.2362,0.0001,0.0767,0.1143,0.0002,0.1898,0.6891,0.1236,1.7053,3.8416,0.5077,6.1287,
275,0.0059,0.2159,0.6226,0.0602,0.0032,0.2449,0,0.076,0.1227,0.0002,0.1911,0.7126,0.1212,1.6884,3.8897,0.5027,6.1582,
276,0.0061,0.2149,0.612,0.0536,0.0034,0.2746,0.0001,0.0693,0.1107,0.0002,0.1881,0.7126,0.1155,1.6718,3.7253,0.4241,5.8954,
277,0.0061,0.2105,0.6105,0.0591,0.0038,0.231,0.0001,0.0663,0.1317,0.0001,0.1887,0.696,0.1195,1.6523,3.9843,0.4464,6.1564,
278,0.006,0.212,0.5871,0.0565,0.0021,0.2234,0.0001,0.0686,0.1274,0.0002,0.1707,0.6594,0.1194,1.5948,3.5853,0.3403,5.6,
279,0.0057,0.2111,0.6305,0.057,0.0019,0.2526,0.0001,0.079,0.1249,0.0002,0.2032,0.7373,0.1185,1.7149,2.4962,0.3099,4.5911,
280,0.0062,0.1914,0.604,0.0632,0.002,0.2197,0.0002,0.0772,0.1152,0.0002,0.1851,0.6787,0.1231,1.6159,3.0726,0.314,5.0781,
281,0.0064,0.2257,0.5869,0.0505,0.0015,0.2215,0,0.0644,0.1165,0.0003,0.1868,0.654,0.126,1.6073,2.6731,0.3105,4.6614,
282,0.006,0.2088,0.5812,0.0534,0.0015,0.2958,0.0001,0.0668,0.1146,0.0002,0.1922,0.7362,0.1295,1.6677,2.8402,0.3162,4.8957,
283,0.0064,0.2111,0.597,0.0694,0.0031,0.2332,0.0001,0.069,0.1343,0.0002,0.1815,0.7086,0.129,1.6655,2.5736,0.316,4.6305,
284,0.0057,0.2157,0.5953,0.058,0.0022,0.2538,0.0001,0.0737,0.1373,0.0002,0.1841,0.722,0.1243,1.6698,4.3038,0.4864,6.533,
285,0.0059,0.2058,0.5759,0.0578,0.0017,0.2283,0.0001,0.0618,0.1122,0.0002,0.1879,0.6614,0.122,1.5802,3.0982,0.3094,5.0618,
286,0.0059,0.2229,0.5777,0.0529,0.0038,0.2335,0.0001,0.0605,0.1101,0.0001,0.1803,0.6534,0.1585,1.6291,2.7223,0.3091,4.7327,
287,0.0059,0.2263,0.6075,0.0559,0.0017,0.2313,0.0001,0.0656,0.1104,0.0003,0.1846,0.6636,0.1235,1.6378,2.6936,0.31,4.7124,
288,0.0062,0.0879,0.5947,0.0642,0.0032,0.2337,0.0001,0.0704,0.1174,0.0002,0.1789,0.6807,0.1172,1.4969,3.1697,0.3114,5.055,
289,0.0058,0.2287,0.6373,0.0541,0.0021,0.2378,0.0001,0.0736,0.1129,0.0002,0.1888,0.6838,0.1105,1.6764,2.5447,0.31,4.6045,
290,0.0058,0.209,0.5861,0.0605,0.005,0.2456,0.0001,0.0723,0.1136,0.0002,0.18,0.6926,0.1352,1.6382,2.815,0.3112,4.839,
291,0.0061,0.214,0.604,0.0636,0.0021,0.2402,0.0001,0.0597,0.1142,0.0002,0.1809,0.6738,0.1241,1.632,2.8205,0.3133,4.8429,
292,0.0059,0.2088,0.5914,0.0635,0.0021,0.2694,0.0001,0.0655,0.1088,0.0002,0.1778,0.6987,0.121,1.6344,2.4945,0.3097,4.5103,
293,0.0061,0.2152,0.5849,0.0566,0.0018,0.2317,0,0.0699,0.1237,0.0002,0.1672,0.6618,0.1207,1.5991,3.5013,0.3274,5.5028,
294,0.0059,0.2306,0.6394,0.06,0.004,0.2457,0.0002,0.0812,0.1186,0.0002,0.1949,0.727,0.1156,1.7338,2.7018,0.3066,4.8191,
295,0.0061,0.2186,0.6203,0.0647,0.0031,0.2465,0.0001,0.0704,0.1271,0.0002,0.1748,0.7026,0.1144,1.6725,3.86,0.5045,6.1107,
296,0.0062,0.1965,0.7001,0.0647,0.0016,0.2698,0.0001,0.0853,0.1347,0.0001,0.2029,0.7786,0.1311,1.8247,3.0532,0.3053,5.2505,
297,0.0056,0.2329,0.6323,0.0677,0.0024,0.2659,0.0001,0.0839,0.1194,0.0002,0.1775,0.7349,0.1171,1.7328,3.0043,0.3124,5.1255,
298,0.0062,0.2189,0.603,0.0615,0.0018,0.2558,0.0001,0.0912,0.1201,0.0002,0.1745,0.7265,0.117,1.6786,2.5129,0.3094,4.5766,
299,0.0059,0.2106,0.5854,0.0558,0.0015,0.2602,0,0.0697,0.12,0.0002,0.186,0.7027,0.1105,1.6262,2.427,0.3001,4.4245,
300,0.0059,0.2102,0.5429,0.0541,0.0014,0.2181,0.0001,0.057,0.1073,0.0001,0.1771,0.6228,0.1053,1.4925,2.4027,0.3053,4.2737,
301,0.0058,0.2084,0.589,0.0509,0.0023,0.2282,0.0001,0.072,0.1205,0.0002,0.1679,0.655,0.1263,1.5901,2.4282,0.3046,4.3928,
302,0.0059,0.2106,0.574,0.0516,0.0033,0.2131,0,0.0577,0.1132,0.0002,0.1752,0.6235,0.1326,1.5523,2.4172,0.3004,4.34,
303,0.0059,0.2184,0.5567,0.0557,0.0014,0.2225,0.0001,0.0658,0.1248,0.0001,0.1787,0.6569,0.1159,1.5601,2.4037,0.2994,4.3335,
304,0.0063,0.0917,0.6405,0.0591,0.0023,0.2378,0.0001,0.0709,0.1142,0.0002,0.195,0.6943,0.1138,1.5608,3.074,0.3114,5.024,
305,0.0059,0.2245,0.5935,0.0643,0.0035,0.2486,0,0.0644,0.1128,0.0002,0.1752,0.6978,0.1292,1.6602,2.5609,0.3158,4.6139,
306,0.0059,0.2131,0.589,0.0578,0.0025,0.2388,0.0001,0.072,0.1291,0.0002,0.191,0.7022,0.1128,1.6317,2.6014,0.3099,4.6207,
307,0.0059,0.2208,0.6286,0.0606,0.0018,0.2369,0.0001,0.071,0.1273,0.0002,0.1667,0.678,0.1272,1.6679,2.6806,0.309,4.735,
308,0.0059,0.2226,0.5912,0.0519,0.0036,0.2286,0.0001,0.0709,0.1282,0.0001,0.1749,0.6727,0.1367,1.6385,2.8643,0.3038,4.881,
309,0.006,0.2131,0.5665,0.0625,0.0039,0.2291,0.0001,0.0706,0.1108,0.0002,0.1861,0.6764,0.1246,1.5936,2.4293,0.3063,4.4006,
310,0.006,0.2177,0.6595,0.0569,0.0035,0.247,0,0.0767,0.1136,0.0002,0.1791,0.6913,0.1235,1.7083,2.4516,0.3026,4.5349,
311,0.0062,0.2244,0.6001,0.06,0.0015,0.2687,0.0001,0.0669,0.1086,0.0002,0.1645,0.6801,0.116,1.6391,2.4052,0.2974,4.4127,
312,0.006,0.258,0.6254,0.0638,0.0024,0.2443,0.0001,0.0715,0.1199,0.0002,0.1853,0.7073,0.1159,1.7265,2.9156,0.3043,5.0235,
313,0.0065,0.2221,0.6184,0.0578,0.0023,0.237,0.0001,0.0657,0.1132,0.0002,0.1808,0.6722,0.1243,1.6541,3.798,0.2919,5.8188,
314,0.0059,0.231,0.599,0.0679,0.0038,0.2374,0.0001,0.0825,0.1126,0.0002,0.1717,0.6929,0.1282,1.6674,2.394,0.3003,4.432,
315,0.006,0.2051,0.5794,0.0596,0.0018,0.2262,0,0.0672,0.1281,0.0001,0.1681,0.6636,0.1094,1.5741,2.3862,0.2996,4.3308,
316,0.006,0.2071,0.5578,0.0532,0.0016,0.2249,0,0.0687,0.1179,0.0002,0.1749,0.6538,0.1172,1.5483,2.3988,0.2957,4.3127,
317,0.0059,0.2075,0.5918,0.0586,0.0024,0.2473,0.0001,0.0663,0.1149,0.0002,0.1834,0.6902,0.1302,1.6394,2.3529,0.2943,4.3573,
318,0.0061,0.2069,0.5908,0.0586,0.002,0.2236,0.0001,0.0718,0.1212,0.0002,0.1904,0.6834,0.121,1.6184,2.751,0.2914,4.7347,
319,0.006,0.2272,0.6236,0.0577,0.0026,0.2736,0.0001,0.0608,0.1192,0.0001,0.185,0.7076,0.1149,1.6868,2.4065,0.3501,4.5139,
320,0.0061,0.0841,0.6102,0.0592,0.0033,0.2486,0.0001,0.0743,0.1179,0.0003,0.1873,0.7118,0.1299,1.5555,3.3702,0.5052,5.5013,
321,0.006,0.221,0.6399,0.0575,0.005,0.2866,0.0001,0.0746,0.1307,0.0001,0.1644,0.7364,0.1248,1.7403,2.5366,0.297,4.6487,
322,0.0063,0.2179,0.6243,0.0596,0.0038,0.2393,0.0001,0.0691,0.1195,0.0002,0.2255,0.7363,0.1298,1.7235,2.8736,0.2886,4.9618,
323,0.006,0.2144,0.6169,0.0598,0.0018,0.2445,0.0001,0.0607,0.1406,0.0001,0.1829,0.7021,0.1089,1.6586,3.751,0.475,5.9579,
324,0.0067,0.2277,0.6292,0.0562,0.0031,0.2846,0.0001,0.0774,0.1138,0.0002,0.1851,0.7413,0.1286,1.7506,2.737,0.3076,4.8711,
325,0.0061,0.2213,0.6188,0.0715,0.0023,0.2355,0.0001,0.0705,0.1149,0.0001,0.1679,0.6749,0.1176,1.6507,3.9506,0.2881,5.9612,
326,0.0057,0.2307,0.6339,0.0595,0.004,0.224,0.0001,0.0737,0.1131,0.0002,0.1644,0.6541,0.1157,1.6467,2.6063,0.2916,4.6162,
327,0.006,0.2115,0.6063,0.0606,0.0037,0.3114,0.0001,0.064,0.134,0.0002,0.2014,0.7902,0.1149,1.7407,2.4008,0.29,4.5077,
328,0.0062,0.1809,0.6329,0.0716,0.002,0.3006,0.0001,0.0677,0.1259,0.0002,0.1886,0.7681,0.1286,1.7282,3.3805,0.3927,5.5777,
329,0.0057,0.2179,0.572,0.0577,0.004,0.2416,0.0001,0.0716,0.1323,0.0002,0.181,0.7032,0.1193,1.6289,2.4336,0.2865,4.4199,
330,0.0061,0.2082,0.5943,0.0584,0.0046,0.2466,0.0001,0.078,0.1298,0.0002,0.1698,0.6975,0.1235,1.6411,2.4022,0.2925,4.4103,
331,0.006,0.2057,0.589,0.0675,0.0039,0.238,0,0.0689,0.1375,0.0002,0.1751,0.7027,0.1249,1.6377,2.502,0.2901,4.5,
332,0.0059,0.2121,0.5944,0.0537,0.0031,0.2752,0.0001,0.0596,0.1285,0.0002,0.1697,0.705,0.1093,1.6365,2.4048,0.2867,4.3981,
333,0.0059,0.2078,0.5555,0.0554,0.004,0.2331,0.0001,0.0758,0.1323,0.0002,0.1979,0.7106,0.1234,1.6107,2.473,0.287,4.4525,
334,0.006,0.2181,0.6029,0.065,0.0017,0.2412,0.0001,0.0728,0.1375,0.0002,0.1934,0.7222,0.1231,1.6837,2.4045,0.2877,4.4458,
335,0.006,0.2057,0.6141,0.0549,0.0022,0.2767,0,0.0794,0.1184,0.0002,0.1887,0.7349,0.1285,1.6995,2.3939,0.2853,4.4493,
336,0.0066,0.1761,0.6172,0.0566,0.0059,0.2975,0.0001,0.0724,0.1118,0.0002,0.1779,0.7374,0.1202,1.6708,3.4858,0.2874,5.5277,
337,0.0058,0.2226,0.6208,0.0545,0.0017,0.2884,0.0001,0.076,0.1306,0.0002,0.1789,0.7474,0.1193,1.7256,2.9907,0.2875,5.0813,
338,0.006,0.214,0.5922,0.0542,0.0032,0.227,0.0001,0.0731,0.1193,0.0002,0.1848,0.6719,0.1149,1.6053,2.4092,0.2835,4.3686,
339,0.006,0.2095,0.5869,0.0597,0.0058,0.2374,0.0001,0.0888,0.1179,0.0002,0.1828,0.7094,0.1218,1.6669,2.3938,0.2876,4.4198,
340,0.0058,0.2148,0.6357,0.0538,0.0017,0.2129,0.0001,0.0707,0.1269,0.0002,0.1684,0.6429,0.1165,1.6262,2.4213,0.2877,4.4065,
341,0.0062,0.209,0.6131,0.0634,0.0031,0.2498,0.0001,0.0629,0.128,0.0002,0.1905,0.7152,0.1437,1.7006,2.5665,0.2839,4.6238,
342,0.006,0.2245,0.6036,0.0573,0.0058,0.2962,0.0001,0.0635,0.1224,0.0002,0.1845,0.7445,0.1242,1.7153,2.6084,0.2824,4.678,
343,0.0059,0.2249,0.6269,0.062,0.0016,0.2883,0.0002,0.0722,0.1166,0.0003,0.1767,0.7361,0.1244,1.7268,2.4249,0.2864,4.5088,
344,0.0058,0.0765,0.5982,0.0551,0.0015,0.2266,0.0001,0.0551,0.1134,0.0002,0.1678,0.6279,0.1275,1.4426,3.9632,0.2904,5.7695,
345,0.0061,0.2255,0.6136,0.0539,0.0043,0.2807,0.0001,0.0627,0.1365,0.0002,0.1999,0.7565,0.1322,1.7494,2.4749,0.287,4.5862,
346,0.006,0.2182,0.6079,0.0563,0.0041,0.293,0.0001,0.0745,0.1189,0.0001,0.1804,0.7436,0.129,1.7159,2.4068,0.2799,4.4762,
347,0.0059,0.2114,0.5829,0.0557,0.0026,0.2817,0.0001,0.0612,0.1291,0.0002,0.1871,0.7358,0.124,1.6708,2.3942,0.2811,4.4176,
348,0.006,0.2072,0.5748,0.0497,0.0014,0.2687,0.0001,0.0687,0.113,0.0002,0.1828,0.6938,0.119,1.6077,2.3855,0.2818,4.346,
349,0.006,0.2154,0.567,0.0518,0.0031,0.2146,0.0001,0.081,0.1195,0.0002,0.1744,0.6547,0.1106,1.5638,2.3844,0.2996,4.323,
350,0.0061,0.2171,0.5954,0.0593,0.0019,0.2988,0.0002,0.0829,0.1212,0.0001,0.1804,0.759,0.1209,1.7122,2.4698,0.3716,4.6305,
351,0.0061,0.2222,0.6075,0.0583,0.0046,0.228,0,0.0759,0.1182,0.0001,0.1922,0.6872,0.1132,1.6473,2.6551,0.2801,4.6572,
352,0.0059,0.1762,0.6142,0.0573,0.0019,0.2351,0.0001,0.075,0.1174,0.0002,0.1806,0.6802,0.1229,1.6115,3.5649,0.2882,5.5375,
353,0.006,0.2228,0.6334,0.0577,0.0038,0.2546,0.0001,0.0778,0.1181,0.0002,0.19,0.7265,0.1283,1.7273,2.5388,0.2859,4.6296,
354,0.0061,0.2357,0.5997,0.0604,0.0023,0.304,0.0001,0.0749,0.1256,0.0002,0.1803,0.7595,0.1226,1.7339,2.7586,0.2769,4.8424,
355,0.0059,0.2067,0.6089,0.0553,0.0018,0.2406,0.0001,0.0685,0.1275,0.0002,0.1839,0.692,0.1433,1.6734,2.3571,0.2704,4.3722,
356,0.0063,0.2126,0.6026,0.0581,0.0034,0.2167,0.0001,0.0727,0.1338,0.0002,0.183,0.6844,0.1206,1.6402,2.7156,0.2778,4.708,
357,0.006,0.2131,0.6106,0.0596,0.0053,0.2742,0.0001,0.0742,0.1295,0.0002,0.1824,0.7452,0.1241,1.7114,3.1493,0.2776,5.2127,
358,0.0058,0.2179,0.5854,0.0649,0.002,0.2823,0.0001,0.0669,0.1283,0.0002,0.1845,0.7505,0.1283,1.6991,3.673,0.4842,5.9325,
359,0.0061,0.2223,0.5655,0.0548,0.0038,0.2213,0.0001,0.0654,0.1249,0.0002,0.1813,0.6651,0.1242,1.5928,3.3555,0.2764,5.2987,
360,0.0062,0.2542,0.6939,0.0574,0.002,0.2902,0.0001,0.0633,0.1173,0.0002,0.1919,0.7394,0.1238,1.8345,3.6448,0.4119,5.9685,
361,0.0065,0.2303,0.6285,0.0578,0.0018,0.2326,0.0001,0.0568,0.1268,0.0001,0.1798,0.6667,0.1223,1.6636,2.9219,0.2743,4.9362,
362,0.006,0.2193,0.5674,0.0592,0.0034,0.2786,0.0001,0.0728,0.127,0.0002,0.1849,0.7413,0.1185,1.6668,2.3264,0.2756,4.3394,
363,0.0061,0.2156,0.5938,0.0643,0.004,0.2959,0.0001,0.071,0.1302,0.0002,0.1879,0.7726,0.1082,1.7072,2.4148,0.2771,4.4694,
364,0.006,0.2094,0.5873,0.0583,0.0014,0.2446,0.0001,0.0616,0.1375,0.0002,0.1672,0.6786,0.1246,1.611,2.3099,0.2766,4.2668,
365,0.0059,0.2086,0.5884,0.063,0.0018,0.2372,0.0001,0.0576,0.1284,0.0002,0.1808,0.6832,0.1186,1.6157,2.3175,0.3282,4.3332,
366,0.0067,0.2176,0.6132,0.0539,0.0047,0.2738,0.0001,0.0699,0.1397,0.0002,0.1803,0.7347,0.116,1.6977,2.3612,0.273,4.4035,
367,0.0061,0.2115,0.6192,0.0504,0.0032,0.2812,0.0001,0.0638,0.1141,0.0001,0.1734,0.6987,0.1207,1.664,2.74,0.2777,4.7522,
368,0.0062,0.1847,0.6437,0.0638,0.0019,0.2969,0.0001,0.0849,0.1308,0.0002,0.1731,0.7676,0.1255,1.7389,4.107,0.2771,6.1982,
369,0.0057,0.2149,0.6284,0.0561,0.0015,0.2309,0,0.0686,0.1343,0.0002,0.1811,0.6838,0.1362,1.6819,2.6858,0.2768,4.722,
370,0.0061,0.2143,0.6176,0.0567,0.0046,0.2551,0.0001,0.0772,0.1275,0.0002,0.1832,0.7206,0.1352,1.7031,2.3377,0.2709,4.3822,
371,0.0063,0.2045,0.6027,0.059,0.0018,0.2873,0.0001,0.1012,0.1318,0.0002,0.1699,0.7645,0.1334,1.7193,2.3217,0.2752,4.3897,
372,0.0064,0.2043,0.6135,0.0581,0.0054,0.2898,0.0001,0.0692,0.1287,0.0003,0.1869,0.7691,0.132,1.735,2.3426,0.272,4.4199,
373,0.0063,0.207,0.6074,0.0676,0.0015,0.2502,0.0001,0.0706,0.1267,0.0002,0.1673,0.6992,0.1097,1.6382,2.4052,0.2736,4.3876,
374,0.006,0.2227,0.588,0.0637,0.0039,0.2382,0.0001,0.0708,0.1343,0.0002,0.1822,0.7072,0.1316,1.6665,2.3743,0.3315,4.4496,
375,0.0061,0.217,0.6252,0.0549,0.0067,0.296,0.0001,0.0695,0.1302,0.0001,0.1827,0.7568,0.1265,1.7412,2.3589,0.2759,4.4462,
376,0.006,0.1844,0.6557,0.0651,0.0039,0.2828,0.0001,0.075,0.1226,0.0002,0.1776,0.7429,0.1136,1.7189,3.4744,0.3715,5.6361,
377,0.0058,0.2241,0.6003,0.0598,0.0031,0.2821,0.0001,0.0583,0.1294,0.0002,0.1895,0.7397,0.1456,1.7264,2.4077,0.2813,4.4881,
378,0.0062,0.2131,0.5918,0.0513,0.0033,0.2844,0.0001,0.0664,0.1372,0.0002,0.2009,0.7577,0.1165,1.6941,2.4304,0.2859,4.4866,
379,0.0058,0.2183,0.5944,0.0547,0.0026,0.2941,0.0001,0.0644,0.1399,0.0002,0.1917,0.7641,0.1286,1.7202,2.3688,0.2898,4.4511,
380,0.0065,0.2103,0.5851,0.0594,0.0043,0.2371,0.0001,0.0656,0.1293,0.0003,0.1675,0.6811,0.1155,1.6088,2.2891,0.3255,4.2955,
381,0.0061,0.2104,0.6357,0.062,0.004,0.2375,0.0001,0.0722,0.1337,0.0002,0.1737,0.7001,0.1217,1.6834,2.3826,0.2816,4.4174,
382,0.0061,0.2198,0.6117,0.0625,0.0037,0.2505,0.0001,0.0692,0.1359,0.0002,0.1846,0.7197,0.1117,1.6775,2.3679,0.2982,4.4134,
383,0.0059,0.2213,0.6171,0.0621,0.0043,0.2463,0.0001,0.0747,0.1302,0.0002,0.1769,0.7099,0.1156,1.6802,2.3465,0.2874,4.3845,
384,0.0063,0.2632,0.6117,0.0694,0.0018,0.2499,0.0001,0.0664,0.1302,0.0003,0.1784,0.7113,0.134,1.7388,4.2012,0.2969,6.3115,
385,0.0062,0.2305,0.6307,0.0577,0.0035,0.3024,0.0001,0.0742,0.1272,0.0002,0.1833,0.7659,0.1282,1.7728,2.4229,0.2926,4.5635,
386,0.0062,0.2168,0.6343,0.0625,0.0046,0.3085,0.0001,0.0788,0.1343,0.0002,0.1924,0.7965,0.133,1.7978,2.5235,0.2903,4.6865,
387,0.006,0.2239,0.5822,0.0715,0.004,0.2403,0.0001,0.0685,0.1345,0.0002,0.1979,0.7361,0.1387,1.7017,4.0433,0.4489,6.2743,
388,0.0066,0.2159,0.606,0.0616,0.0018,0.2401,0.0001,0.0689,0.128,0.0002,0.1817,0.6968,0.1244,1.6624,3.3116,0.5318,5.5839,
389,0.006,0.2175,0.5798,0.0621,0.0022,0.3037,0.0001,0.0631,0.1286,0.0003,0.1671,0.7465,0.1231,1.6828,3.3095,0.2921,5.3578,
390,0.0058,0.2312,0.6283,0.058,0.0042,0.2283,0.0001,0.0683,0.1245,0.0001,0.1761,0.6702,0.1171,1.6641,2.2665,0.2909,4.2913,
391,0.0061,0.2082,0.5905,0.058,0.0018,0.2969,0.0001,0.0796,0.138,0.0002,0.1915,0.7876,0.1366,1.7407,3.8222,0.5049,6.1397,
392,0.0063,0.1956,0.6075,0.0561,0.0022,0.2329,0.0001,0.0689,0.1107,0.0002,0.1737,0.6594,0.1324,1.6197,3.5903,0.299,5.5824,
393,0.0062,0.2232,0.6605,0.0582,0.0038,0.2442,0.0001,0.0747,0.1379,0.0002,0.1693,0.7019,0.1136,1.7172,3.8242,0.2865,5.9059,
394,0.006,0.2213,0.6028,0.059,0.003,0.2453,0.0001,0.0708,0.143,0.0002,0.1795,0.7115,0.1263,1.676,3.3996,0.4563,5.6032,
395,0.0064,0.2336,0.6026,0.0573,0.0034,0.2604,0.0001,0.0755,0.1409,0.0002,0.1879,0.7372,0.1209,1.7083,2.8772,0.4361,5.0922,
396,0.0059,0.2276,0.589,0.0664,0.0041,0.2388,0.0001,0.0732,0.135,0.0001,0.181,0.7106,0.1297,1.6693,2.2413,0.3237,4.3083,
397,0.006,0.2114,0.5818,0.0594,0.0019,0.2347,0,0.0668,0.1283,0.0002,0.1662,0.6691,0.1045,1.5818,2.4469,0.4314,4.5324,
398,0.0061,0.2169,0.5742,0.0576,0.0037,0.2545,0.0001,0.0643,0.1356,0.0002,0.1896,0.7181,0.1193,1.6433,2.2534,0.2901,4.2569,
399,0.006,0.2106,0.5807,0.0591,0.0033,0.2892,0.0001,0.082,0.1443,0.0002,0.1781,0.7721,0.1151,1.6907,2.4422,0.2904,4.4938,
400,0.0061,0.1673,0.5873,0.0512,0.0047,0.2795,0.0001,0.0768,0.1261,0.0002,0.1659,0.7188,0.1112,1.6013,3.082,0.2945,5.0544,
401,0.006,0.2292,0.6162,0.0587,0.002,0.2815,0.0001,0.0647,0.1234,0.0002,0.1792,0.7209,0.1288,1.7112,4.0091,0.5049,6.2994,
402,0.0061,0.2089,0.5685,0.0688,0.0017,0.2792,0.0001,0.0765,0.1286,0.0002,0.1817,0.7482,0.1142,1.6533,2.6268,0.3013,4.6554,
403,0.0062,0.2076,0.6116,0.0604,0.0019,0.3098,0,0.077,0.1435,0.0002,0.1754,0.7831,0.1229,1.7402,2.5874,0.2974,4.7022,
404,0.006,0.2373,0.5946,0.0547,0.0042,0.281,0.0001,0.0745,0.1274,0.0002,0.1855,0.7464,0.1196,1.718,2.2925,0.3037,4.3846,
405,0.0061,0.2154,0.5916,0.0599,0.0041,0.2523,0.0001,0.0607,0.1353,0.0002,0.1797,0.7033,0.1315,1.6605,2.5525,0.2963,4.5847,
406,0.006,0.2077,0.6059,0.0572,0.0041,0.3001,0.0001,0.07,0.1283,0.0003,0.1902,0.7686,0.1102,1.7227,2.2562,0.2994,4.3509,
407,0.006,0.2052,0.6023,0.0591,0.0037,0.3001,0.0001,0.0745,0.1291,0.0002,0.1776,0.7609,0.1172,1.7033,2.2822,0.2983,4.3545,
408,0.0066,0.1942,0.6333,0.076,0.004,0.302,0.0002,0.0713,0.1309,0.0002,0.1786,0.7785,0.1177,1.7406,3.0199,0.3032,5.1381,
409,0.0061,0.2221,0.6744,0.0561,0.0018,0.3015,0.0001,0.0624,0.1408,0.0002,0.1942,0.768,0.1213,1.8025,2.5335,0.3125,4.7272,
410,0.006,0.234,0.6175,0.0727,0.0016,0.3086,0.0001,0.0653,0.1394,0.0002,0.1856,0.7847,0.1376,1.7873,3.0842,0.3013,5.2446,
411,0.0059,0.2203,0.615,0.0595,0.0021,0.3182,0.0001,0.0755,0.1406,0.0002,0.1845,0.7944,0.1326,1.7763,2.3476,0.3187,4.5157,
412,0.0061,0.2159,0.618,0.0619,0.0015,0.308,0,0.0593,0.1366,0.0002,0.1701,0.7476,0.1322,1.7275,2.6409,0.3044,4.7457,
413,0.0059,0.2187,0.6164,0.0649,0.0017,0.2923,0.0001,0.0642,0.1354,0.0002,0.1848,0.7554,0.1299,1.7361,2.3205,0.3179,4.4443,
414,0.0062,0.2112,0.5861,0.0599,0.0027,0.2714,0.0001,0.0593,0.1307,0.0001,0.1863,0.7199,0.1226,1.6562,2.3287,0.3164,4.3709,
415,0.006,0.206,0.6223,0.0574,0.0043,0.3092,0.0001,0.0685,0.136,0.0002,0.18,0.771,0.1141,1.7274,2.3335,0.3161,4.4468,
416,0.0068,0.0952,0.6158,0.059,0.0043,0.2723,0.0001,0.0719,0.1201,0.0002,0.1733,0.7154,0.1441,1.59,3.8813,0.4535,6.0037,
417,0.0058,0.2203,0.6313,0.0664,0.002,0.2945,0.0001,0.0773,0.136,0.0002,0.1986,0.7859,0.1236,1.7752,3.4968,0.3164,5.6653,
418,0.0062,0.2287,0.5884,0.0657,0.0029,0.2871,0.0001,0.0672,0.1286,0.0002,0.1861,0.7512,0.1293,1.716,2.3525,0.317,4.4555,
419,0.0062,0.2238,0.588,0.0573,0.0035,0.3142,0.0001,0.0698,0.1467,0.0002,0.1731,0.7863,0.1215,1.7364,2.467,0.3198,4.5931,
420,0.006,0.217,0.5951,0.0575,0.0037,0.3127,0.0001,0.0731,0.1387,0.0002,0.1802,0.7844,0.1231,1.7333,2.4506,0.3132,4.5679,
421,0.006,0.2237,0.6211,0.0645,0.0016,0.2857,0.0001,0.0655,0.1459,0.0002,0.1803,0.7586,0.1171,1.7365,2.3766,0.3185,4.5042,
422,0.006,0.2234,0.5838,0.0586,0.0034,0.2934,0,0.0664,0.133,0.0002,0.1712,0.7408,0.1255,1.69,2.3713,0.3146,4.446,
423,0.0058,0.2127,0.6071,0.0648,0.0053,0.2566,0.0001,0.08,0.1413,0.0002,0.1902,0.7597,0.1234,1.7175,2.6127,0.3154,4.7166,
424,0.0065,0.1817,0.5979,0.0537,0.0015,0.2752,0.0001,0.0649,0.121,0.0001,0.1633,0.6874,0.1054,1.5885,4.0461,0.5187,6.23,
425,0.006,0.2394,0.6374,0.0608,0.0015,0.3001,0,0.0585,0.1325,0.0001,0.1784,0.7402,0.107,1.736,2.7312,0.3274,4.8658,
426,0.0059,0.2216,0.5979,0.0588,0.0014,0.3026,0.0001,0.0726,0.1428,0.0001,0.1742,0.7615,0.1162,1.7083,2.4662,0.3274,4.5707,
427,0.006,0.2138,0.5811,0.0606,0.0032,0.3137,0,0.072,0.1335,0.0001,0.1744,0.7678,0.1218,1.6972,2.5646,0.3225,4.6544,
428,0.006,0.2148,0.5765,0.0515,0.0025,0.2803,0.0001,0.0727,0.1339,0.0002,0.18,0.7311,0.1305,1.6644,2.3679,0.3181,4.4198,
429,0.0059,0.2192,0.6344,0.0625,0.004,0.3096,0.0001,0.0705,0.1337,0.0002,0.1777,0.7736,0.1271,1.7707,2.3812,0.3231,4.5455,
430,0.0061,0.2119,0.6015,0.0646,0.0017,0.2907,0.0001,0.074,0.1325,0.0002,0.1843,0.7626,0.1269,1.7186,2.386,0.3253,4.5006,
431,0.006,0.2108,0.5951,0.0607,0.0023,0.2576,0.0001,0.0708,0.1341,0.0002,0.1949,0.7408,0.1169,1.6793,2.3885,0.3158,4.4547,
432,0.0061,0.1752,0.5806,0.0584,0.003,0.2774,0.0001,0.0688,0.1208,0.0002,0.1667,0.7096,0.1283,1.6103,2.9562,0.3224,4.9641,
433,0.006,0.2202,0.5882,0.0552,0.0017,0.2387,0.0001,0.0724,0.1312,0.0002,0.1834,0.6949,0.1127,1.6323,3.5439,0.3144,5.5631,
434,0.006,0.2148,0.5816,0.0602,0.0038,0.2774,0.0001,0.0744,0.1273,0.0001,0.1796,0.7333,0.1248,1.669,2.4759,0.317,4.5325,
435,0.0059,0.1965,0.5953,0.0562,0.0021,0.2461,0.0001,0.0607,0.1315,0.0002,0.1898,0.7024,0.1327,1.6425,2.383,0.3198,4.416,
436,0.0061,0.2068,0.6017,0.0565,0.0028,0.2338,0.0001,0.0754,0.1391,0.0001,0.1808,0.7029,0.1241,1.6517,2.4383,0.3279,4.4907,
437,0.0059,0.2125,0.6049,0.0587,0.0015,0.242,0.0001,0.0612,0.1249,0.0002,0.1663,0.6691,0.108,1.6082,2.366,0.3217,4.3669,
438,0.0072,0.2081,0.5809,0.0562,0.0016,0.2335,0.0001,0.0665,0.1309,0.0001,0.1758,0.6747,0.1175,1.5963,3.2084,0.3126,5.188,
439,0.0059,0.2184,0.5724,0.056,0.0016,0.2267,0,0.0753,0.1327,0.0002,0.1732,0.6787,0.117,1.6007,2.3786,0.3215,4.3874,
440,0.0067,0.1715,0.5919,0.0559,0.0021,0.2821,0.0001,0.0773,0.1159,0.0002,0.1717,0.7186,0.1094,1.6076,2.7592,0.3259,4.772,
441,0.0063,0.2155,0.5852,0.0544,0.0031,0.2292,0.0001,0.0681,0.131,0.0002,0.1859,0.6832,0.1214,1.6215,3.094,0.3199,5.1096,
442,0.0062,0.2108,0.6051,0.0606,0.0022,0.235,0.0001,0.0674,0.1324,0.0002,0.1837,0.6923,0.1116,1.6333,2.4319,0.32,4.4595,
443,0.0061,0.2044,0.5781,0.0552,0.0017,0.2757,0.0001,0.0623,0.1231,0.0002,0.1816,0.7108,0.1233,1.6313,2.4309,0.3237,4.4592,
444,0.006,0.2123,0.5696,0.0598,0.0034,0.2754,0.0001,0.0726,0.1291,0.0002,0.1779,0.731,0.1287,1.6559,2.4222,0.3236,4.477,
445,0.0058,0.2124,0.5883,0.0519,0.0019,0.2338,0,0.0683,0.127,0.0002,0.1714,0.6653,0.1147,1.5974,2.3636,0.3217,4.3579,
446,0.0061,0.2178,0.5878,0.0675,0.004,0.2375,0.0001,0.0789,0.1362,0.0002,0.1761,0.7193,0.1376,1.6813,2.3833,0.3138,4.4529,
447,0.006,0.2146,0.5691,0.0537,0.0025,0.2308,0.0001,0.0603,0.132,0.0002,0.1722,0.6659,0.1139,1.5773,2.3836,0.3104,4.3412,
448,0.0061,0.169,0.5906,0.0556,0.0038,0.2332,0,0.0617,0.1205,0.0001,0.1794,0.6678,0.1157,1.5587,4.1961,0.5282,6.3586,
449,0.006,0.2265,0.5962,0.0532,0.0015,0.2239,0.0001,0.061,0.1275,0.0002,0.1752,0.655,0.1091,1.6021,2.2854,0.313,4.2718,
450,0.0059,0.2074,0.5705,0.0577,0.0018,0.2232,0,0.0703,0.132,0.0002,0.1706,0.6684,0.1265,1.586,2.2662,0.3077,4.2327,
451,0.0059,0.208,0.5855,0.0615,0.0016,0.2351,0.0001,0.0696,0.1334,0.0001,0.1674,0.6816,0.1251,1.6151,2.2732,0.3055,4.2673,
452,0.0059,0.219,0.5752,0.0552,0.0017,0.2792,0.0001,0.0611,0.1317,0.0002,0.183,0.7228,0.1265,1.6573,2.4332,0.3153,4.4793,
453,0.006,0.218,0.6044,0.0517,0.0065,0.232,0,0.0709,0.1361,0.0002,0.1851,0.6979,0.1252,1.6587,2.2912,0.3049,4.3261,
454,0.006,0.2068,0.5639,0.0532,0.0016,0.2287,0,0.059,0.1313,0.0002,0.1723,0.6544,0.1155,1.5557,2.2475,0.3049,4.1788,
455,0.0065,0.2128,0.5884,0.058,0.0022,0.2371,0.0001,0.0797,0.1299,0.0002,0.1912,0.7117,0.1084,1.6358,2.3014,0.3105,4.3189,
456,0.0065,0.1695,0.6077,0.0562,0.002,0.2302,0.0001,0.0598,0.1373,0.0002,0.1802,0.6817,0.1134,1.5875,3.8321,0.3125,5.8092,
457,0.0058,0.2246,0.6028,0.0575,0.0017,0.2643,0.0001,0.0708,0.1417,0.0002,0.1815,0.7304,0.1252,1.6964,2.5002,0.3091,4.5793,
458,0.006,0.2213,0.5715,0.0637,0.0017,0.25,0.0001,0.0628,0.1319,0.0001,0.1832,0.7027,0.1234,1.6335,2.9787,0.303,4.9915,
459,0.006,0.2118,0.6015,0.0583,0.0036,0.2463,0.0001,0.0686,0.1282,0.0002,0.1801,0.7006,0.1323,1.6637,2.477,0.3095,4.5197,
460,0.0059,0.216,0.6103,0.0659,0.0022,0.2403,0,0.0686,0.1309,0.0002,0.1717,0.6938,0.1204,1.6552,2.2807,0.305,4.3155,
461,0.0062,0.2224,0.5725,0.0552,0.0023,0.2698,0,0.0684,0.1289,0.0002,0.1773,0.7137,0.1161,1.6417,2.2278,0.3047,4.2503,
462,0.0058,0.2152,0.573,0.0584,0.0041,0.2273,0.0001,0.0621,0.1282,0.0001,0.1647,0.6599,0.1285,1.5917,2.4542,0.3058,4.4288,
463,0.006,0.2188,0.6043,0.0573,0.0037,0.2376,0.0001,0.0665,0.1296,0.0002,0.182,0.6931,0.107,1.638,2.2059,0.3068,4.2204,
464,0.006,0.0877,0.6218,0.0599,0.0023,0.2413,0.0001,0.0914,0.1164,0.0002,0.1694,0.6922,0.1207,1.5404,3.8573,0.3098,5.7835,
465,0.0062,0.229,0.6202,0.0626,0.0033,0.2543,0.0001,0.0653,0.1303,0.0002,0.189,0.7206,0.1128,1.7,2.2786,0.297,4.3471,
466,0.0059,0.2117,0.6082,0.07,0.0018,0.2418,0.0001,0.0768,0.1331,0.0002,0.196,0.736,0.1178,1.6894,2.8422,0.2986,4.9032,
467,0.006,0.2211,0.6343,0.0558,0.0044,0.2319,0.0001,0.0783,0.1285,0.0001,0.1834,0.7024,0.1118,1.6843,2.2296,0.307,4.2905,
468,0.0059,0.2284,0.6157,0.059,0.004,0.2501,0.0001,0.0764,0.1275,0.0002,0.1869,0.7214,0.1273,1.713,2.4894,0.3004,4.5741,
469,0.0061,0.2236,0.6316,0.0624,0.0018,0.2858,0.0001,0.0663,0.1331,0.0002,0.1762,0.7397,0.1207,1.7333,2.2213,0.3056,4.3311,
470,0.006,0.2086,0.5828,0.0581,0.0034,0.2276,0.0001,0.0847,0.1401,0.0002,0.1839,0.7162,0.1255,1.6499,2.479,0.3069,4.5054,
471,0.006,0.223,0.5861,0.0584,0.0022,0.2996,0.0001,0.079,0.132,0.0003,0.1777,0.7728,0.122,1.7227,2.2216,0.302,4.3162,
472,0.006,0.1787,0.6056,0.0602,0.0019,0.2811,0.0001,0.0624,0.1163,0.0002,0.1689,0.7046,0.1236,1.629,3.4214,0.3048,5.4306,
473,0.0059,0.232,0.6083,0.0582,0.0018,0.2457,0.0001,0.0839,0.1295,0.0002,0.1805,0.7187,0.1362,1.729,3.115,0.2993,5.2145,
474,0.0061,0.2203,0.5893,0.0564,0.003,0.2394,0.0001,0.0829,0.1369,0.0001,0.1906,0.7252,0.1208,1.6721,2.2047,0.3046,4.2516,
475,0.0058,0.2216,0.6429,0.0579,0.0017,0.2292,0.0001,0.067,0.1264,0.0001,0.1861,0.6828,0.1119,1.6741,2.1703,0.3008,4.2145,
476,0.0059,0.2068,0.6007,0.0585,0.0042,0.2825,0.0001,0.0709,0.1272,0.0002,0.1849,0.7411,0.1158,1.681,2.1808,0.2972,4.2291,
477,0.0061,0.2251,0.5618,0.0547,0.0033,0.3079,0.0001,0.0821,0.1356,0.0002,0.1816,0.785,0.1111,1.6981,2.5727,0.4099,4.7536,
478,0.0059,0.2285,0.6245,0.0602,0.0037,0.2445,0.0002,0.0802,0.1308,0.0002,0.1926,0.7381,0.1328,1.7498,2.781,0.5037,5.1061,
479,0.0063,0.2206,0.6093,0.0564,0.0016,0.2337,0.0001,0.0724,0.1367,0.0003,0.1886,0.7117,0.1391,1.7008,4.007,0.5054,6.2877,
480,0.007,0.1834,0.5908,0.0598,0.0022,0.2325,0,0.07,0.1202,0.0002,0.1681,0.6672,0.1275,1.5904,2.6927,0.3069,4.6714,
481,0.0062,0.2248,0.6377,0.057,0.0019,0.2307,0.0001,0.069,0.1214,0.0002,0.179,0.6727,0.1215,1.6722,2.5426,0.3015,4.5937,
482,0.0061,0.2192,0.6212,0.0635,0.0021,0.3039,0.0001,0.0814,0.1334,0.0002,0.1793,0.7819,0.126,1.7664,2.3208,0.306,4.4706,
483,0.006,0.2258,0.5888,0.0635,0.0017,0.3036,0.0001,0.064,0.1357,0.0002,0.1894,0.7708,0.13,1.734,2.3283,0.3014,4.438,
484,0.0059,0.2153,0.6039,0.0557,0.0021,0.2353,0.0001,0.0615,0.1313,0.0002,0.1797,0.6816,0.1344,1.6519,2.2661,0.3013,4.2914,
485,0.0061,0.2149,0.5736,0.054,0.0038,0.2332,0.0001,0.0756,0.1305,0.0002,0.1703,0.6811,0.1208,1.6052,2.2547,0.3045,4.2349,
486,0.006,0.2125,0.6032,0.0584,0.0043,0.2816,0.0001,0.0785,0.1319,0.0002,0.1873,0.7565,0.1205,1.7098,2.1817,0.298,4.2585,
487,0.0059,0.2044,0.5632,0.062,0.0033,0.2435,0,0.0623,0.1267,0.0002,0.1769,0.6895,0.1263,1.5988,2.2092,0.2986,4.1768,
488,0.0065,0.1679,0.5884,0.0619,0.0048,0.2454,0.0001,0.0594,0.1245,0.0002,0.1812,0.69,0.1239,1.591,4.1404,0.4912,6.3004,
489,0.0062,0.2329,0.6066,0.0519,0.0018,0.2746,0.0001,0.0603,0.1247,0.0001,0.1714,0.6934,0.1277,1.6743,3.014,0.3108,5.0748,
490,0.0059,0.2162,0.5665,0.0575,0.004,0.2673,0.0001,0.0579,0.1268,0.0002,0.1711,0.6956,0.122,1.6127,2.5746,0.3329,4.597,
491,0.0065,0.2335,0.6264,0.0578,0.0033,0.2343,0.0001,0.0652,0.1325,0.0002,0.1774,0.6873,0.1328,1.7004,2.4927,0.2978,4.5666,
492,0.0061,0.2245,0.6396,0.0576,0.0056,0.2388,0.0001,0.078,0.1346,0.0002,0.2007,0.7383,0.1245,1.7481,2.2922,0.3106,4.4235,
493,0.0067,0.219,0.6216,0.053,0.0037,0.2432,0.0001,0.0658,0.1291,0.0001,0.1848,0.6943,0.1289,1.6839,3.346,0.3053,5.4064,
494,0.0055,0.2269,0.6314,0.0538,0.0066,0.296,0,0.059,0.1281,0.0001,0.1662,0.7228,0.1252,1.7217,2.2277,0.3101,4.329,
495,0.006,0.208,0.6164,0.0583,0.0029,0.2831,0,0.0635,0.1278,0.0002,0.1763,0.7243,0.1214,1.6856,2.4422,0.3082,4.5057,
496,0.006,0.1748,0.6052,0.0563,0.0015,0.2305,0.0001,0.0671,0.1227,0.0002,0.2027,0.69,0.1218,1.6043,3.8649,0.4355,5.9714,
497,0.0057,0.2236,0.6005,0.0577,0.0024,0.2297,0.0001,0.0673,0.1378,0.0002,0.1843,0.6869,0.1098,1.6318,2.273,0.3127,4.2866,
498,0.0058,0.2095,0.6046,0.0597,0.0014,0.2823,0.0001,0.0671,0.1268,0.0002,0.1673,0.7155,0.1159,1.6566,2.2784,0.3189,4.3237,
499,0.0059,0.2183,0.5614,0.0539,0.0015,0.2249,0.0001,0.0571,0.1257,0.0001,0.1636,0.6345,0.1242,1.5497,2.2694,0.3143,4.2026,
500,0.0059,0.2059,0.5762,0.0571,0.0013,0.2343,0,0.0593,0.1307,0.0002,0.1701,0.6605,0.11,1.5638,2.2157,0.3416,4.1898,
501,0.0063,0.2128,0.559,0.0502,0.0031,0.2594,0.0001,0.0623,0.1308,0.0002,0.1735,0.69,0.1129,1.5868,2.3697,0.3015,4.3271,
502,0.0063,0.2232,0.598,0.0613,0.0038,0.2997,0,0.066,0.1478,0.0003,0.197,0.7895,0.1282,1.7547,2.2374,0.3142,4.3763,
503,0.0061,0.2083,0.5826,0.061,0.0035,0.2338,0.0001,0.0673,0.1328,0.0002,0.1885,0.7028,0.1145,1.6238,3.269,0.3133,5.2858,
504,0.0061,0.0893,0.6734,0.0563,0.0025,0.2497,0.0001,0.0759,0.118,0.0002,0.191,0.7111,0.1203,1.6158,4.0053,0.5021,6.1981,
505,0.0063,0.2393,0.6313,0.0578,0.0041,0.2861,0.0001,0.0629,0.1243,0.0002,0.1926,0.7424,0.1287,1.7558,2.3616,0.3216,4.5112,
506,0.0062,0.2124,0.5741,0.0582,0.002,0.2746,0.0001,0.0655,0.1281,0.0002,0.1883,0.728,0.1259,1.6552,2.3434,0.322,4.3947,
507,0.0064,0.208,0.5699,0.059,0.0016,0.2315,0,0.0669,0.1283,0.0002,0.1782,0.693,0.1314,1.6151,2.3245,0.3169,4.3311,
508,0.0061,0.2094,0.5645,0.0576,0.0019,0.2314,0.0001,0.0595,0.1279,0.0001,0.1702,0.6594,0.1101,1.556,3.9845,0.5008,6.1164,
509,0.0065,0.2164,0.5958,0.0516,0.0016,0.2869,0.0001,0.0637,0.1268,0.0002,0.1707,0.7132,0.1295,1.6699,3.9739,0.315,6.0317,
510,0.0059,0.2066,0.5724,0.0571,0.0019,0.2699,0.0001,0.0695,0.1281,0.0002,0.1722,0.7109,0.1113,1.6161,3.6847,0.5154,5.8864,
511,0.006,0.2217,0.571,0.0599,0.0019,0.2329,0.0001,0.0601,0.1277,0.0002,0.1665,0.6601,0.1335,1.6008,2.5102,0.3156,4.4963,
512,0.0065,0.1744,0.6189,0.0544,0.0023,0.2719,0.0001,0.0679,0.122,0.0002,0.1947,0.7314,0.128,1.6737,2.9988,0.3456,5.0991,
513,0.0063,0.2304,0.6152,0.0573,0.0032,0.2872,0.0001,0.0659,0.1282,0.0001,0.1739,0.7309,0.1191,1.7137,4.0119,0.515,6.3163,
514,0.0061,0.2166,0.5996,0.0609,0.0036,0.2914,0.0001,0.0756,0.1254,0.0003,0.1802,0.7568,0.1316,1.721,2.3875,0.3133,4.4958,
515,0.0062,0.2092,0.5874,0.0634,0.0018,0.2355,0.0001,0.0677,0.1264,0.0001,0.1802,0.6869,0.1296,1.6269,4.0788,0.5718,6.3543,
516,0.0062,0.2166,0.5831,0.0516,0.0019,0.2336,0.0001,0.0713,0.1295,0.0002,0.1784,0.6789,0.1183,1.6105,3.2548,0.299,5.2363,
517,0.0059,0.2122,0.5666,0.0577,0.0018,0.2775,0.0001,0.0704,0.1321,0.0002,0.1806,0.7334,0.132,1.6613,2.2559,0.3214,4.3085,
518,0.0059,0.2132,0.5748,0.0504,0.0035,0.2187,0,0.062,0.1297,0.0002,0.19,0.6678,0.1254,1.5944,4.0252,0.4885,6.1797,
519,0.0061,0.2151,0.5662,0.0539,0.0017,0.2516,0.0001,0.0662,0.1253,0.0002,0.1874,0.7024,0.1443,1.6435,2.2942,0.3174,4.3264,
