0,0.0197,0.2063,0.7586,0.052,0.0023,0.2339,0.0002,0.0773,0.1405,0.0002,0.264,0.7911,0.1357,1.9264,9.605,0.9028,12.5992,
1,0.0165,0.2548,0.7335,0.057,0.0032,0.2406,0.0001,0.0687,0.1386,0.0002,0.2621,0.7888,0.134,1.9413,5.1104,0.7932,8.0425,
2,0.0165,0.2302,0.73,0.0542,0.0036,0.2352,0.0001,0.0709,0.1459,0.0002,0.2575,0.7853,0.1231,1.8955,5.315,0.7968,8.2016,
3,0.0164,0.2475,0.7361,0.0597,0.0019,0.234,0.0001,0.0686,0.1452,0.0001,0.2546,0.7802,0.1171,1.9087,5.0951,0.7879,7.9849,
4,0.0167,0.2874,0.7748,0.0454,0.0019,0.2328,0.0001,0.0659,0.1402,0.0001,0.2492,0.7517,0.1312,1.9774,5.1019,0.7975,8.0718,
5,0.0162,0.2889,0.7528,0.0456,0.0021,0.238,0.0001,0.0665,0.1445,0.0002,0.2455,0.76,0.1322,1.9613,5.2713,0.8006,8.2302,
6,0.0162,0.244,0.7336,0.0476,0.0016,0.2342,0.0001,0.0846,0.1453,0.0002,0.2556,0.7848,0.1304,1.919,5.2324,0.8836,8.2303,
7,0.0162,0.2273,0.7223,0.0569,0.0016,0.2897,0.0001,0.0622,0.1298,0.0002,0.2516,0.8015,0.1104,1.8851,5.335,0.9234,8.3557,
8,0.0277,0.1137,0.7669,0.0585,0.0026,0.2878,0.0001,0.0764,0.1393,0.0003,0.261,0.846,0.1414,1.9115,8.2514,0.9262,11.3186,
9,0.0186,0.2412,0.7816,0.054,0.0044,0.3269,0.0001,0.0895,0.1489,0.0003,0.2527,0.895,0.1236,2.0734,6.0083,0.9285,9.2334,
10,0.0174,0.2294,0.7474,0.0588,0.0023,0.2953,0.0001,0.0835,0.1547,0.0002,0.2494,0.8614,0.1229,1.9893,5.3299,0.9237,8.4604,
11,0.0175,0.2419,0.7397,0.0601,0.0033,0.2974,0.0001,0.0649,0.1445,0.0002,0.2491,0.8379,0.1207,1.9703,5.4159,0.9092,8.5148,
12,0.0175,0.234,0.7395,0.0528,0.0019,0.2467,0,0.0748,0.1402,0.0001,0.2607,0.793,0.1278,1.9242,5.4059,0.8983,8.4425,
13,0.0171,0.2374,0.7327,0.056,0.0017,0.2974,0.0001,0.0682,0.1457,0.0003,0.2565,0.843,0.1191,1.9602,5.4928,0.89,8.5498,
14,0.0172,0.2396,0.7819,0.0587,0.0029,0.3072,0.0001,0.083,0.1523,0.0002,0.2481,0.8703,0.1162,2.0374,5.5526,0.8899,8.6865,
15,0.0168,0.2217,0.7374,0.0569,0.0019,0.3095,0.0001,0.0661,0.1514,0.0001,0.2587,0.8624,0.12,1.968,5.548,0.8852,8.6072,
16,0.026,0.2749,0.7446,0.0607,0.0026,0.2538,0.0001,0.0748,0.1525,0.0002,0.2663,0.8304,0.1387,2.0313,9.3349,0.9102,12.5038,
17,0.0161,0.2431,0.767,0.0561,0.0036,0.297,0.0001,0.074,0.1502,0.0001,0.2588,0.8595,0.1315,2.0286,5.7457,0.9261,8.9115,
18,0.0182,0.2383,0.7232,0.0589,0.0023,0.3041,0.0001,0.0631,0.1521,0.0002,0.2517,0.8499,0.1175,1.9574,5.7392,0.9469,8.8523,
19,0.017,0.2265,0.7244,0.0627,0.0034,0.3142,0.0001,0.0856,0.1551,0.0002,0.2526,0.8907,0.1184,1.9883,5.8259,0.9276,8.9522,
20,0.0159,0.2338,0.7433,0.059,0.0043,0.3162,0.0001,0.0649,0.1649,0.0002,0.2612,0.8877,0.1155,2.0088,5.8325,0.968,9.0237,
21,0.0164,0.2522,0.739,0.0554,0.0021,0.3107,0.0001,0.0723,0.1547,0.0002,0.2736,0.8851,0.1201,2.0269,5.9536,0.9341,9.121,
22,0.0189,0.2276,0.7374,0.0529,0.0035,0.2972,0.0001,0.0674,0.159,0.0002,0.2603,0.8567,0.121,1.9741,6.0913,0.939,9.2178,
23,0.0168,0.239,0.7145,0.0551,0.0036,0.2479,0.0001,0.0732,0.1538,0.0003,0.252,0.8025,0.1198,1.9038,6.0338,0.9421,9.0892,
24,0.0179,0.2143,0.7538,0.056,0.0019,0.3145,0.0001,0.0761,0.1483,0.0002,0.2555,0.8724,0.1161,1.9893,10.8458,1.7258,14.783,
25,0.0182,0.2559,0.7624,0.0523,0.0025,0.306,0.0001,0.0749,0.1633,0.0002,0.2762,0.8942,0.1302,2.0733,8.7669,0.9492,12.0089,
26,0.017,0.2873,0.6862,0.0501,0.0014,0.2486,0.0001,0.0628,0.1545,0.0002,0.255,0.7812,0.121,1.8992,6.398,0.9381,9.4417,
27,0.016,0.309,0.6946,0.0472,0.0015,0.2981,0,0.0613,0.1496,0.0001,0.2446,0.8103,0.1165,1.952,6.5022,0.9473,9.6082,
28,0.0196,0.2331,0.7643,0.0575,0.0021,0.3205,0.0001,0.0686,0.1596,0.0001,0.252,0.8788,0.1146,2.0216,6.681,1.3892,10.2988,
29,0.0161,0.2435,0.7361,0.0548,0.0026,0.3162,0.0001,0.0663,0.1608,0.0002,0.2527,0.8723,0.1191,1.9976,6.59,0.9562,9.7521,
30,0.0169,0.228,0.7459,0.0505,0.0033,0.2667,0.0001,0.0644,0.1643,0.0002,0.2502,0.8159,0.1177,1.9356,6.8534,0.9795,9.9844,
31,0.0167,0.2396,0.7282,0.0563,0.0018,0.3057,0.0001,0.0628,0.1581,0.0002,0.255,0.8501,0.116,1.9619,6.9207,0.989,10.0794,
32,0.0221,0.208,0.7419,0.0611,0.0015,0.2968,0.0001,0.0709,0.1535,0.0002,0.244,0.8369,0.119,1.941,11.8439,1.6371,15.6272,
33,0.0182,0.3333,0.7507,0.0557,0.0019,0.3113,0.0001,0.0887,0.1583,0.0002,0.2648,0.8927,0.1209,2.1262,8.8296,0.9878,12.2063,
34,0.0191,0.3423,0.7152,0.0538,0.0014,0.2913,0,0.0585,0.1549,0.0001,0.2554,0.8236,0.1245,2.0332,7.1061,1.0168,10.3632,
35,0.0171,0.3143,0.6942,0.0518,0.0014,0.289,0.0001,0.0611,0.1543,0.0002,0.2527,0.8181,0.1339,1.9832,7.0976,1.0056,10.2919,
36,0.0187,0.2871,0.754,0.0558,0.0016,0.3002,0.0001,0.0703,0.1584,0.0001,0.276,0.8732,0.1305,2.0732,7.1556,1.0159,10.451,
37,0.0179,0.2894,0.7057,0.0548,0.0014,0.3078,0,0.0662,0.158,0.0002,0.2534,0.8552,0.1158,1.9911,7.3612,1.0021,10.5612,
38,0.0168,0.2947,0.6998,0.0568,0.0014,0.304,0.0001,0.0606,0.1612,0.0001,0.2636,0.8554,0.1166,1.991,7.4317,0.9989,10.6277,
39,0.0207,0.3059,0.7245,0.0526,0.0015,0.2979,0.0001,0.0626,0.1669,0.0002,0.253,0.8428,0.1095,2.0117,7.3605,0.9997,10.5748,
40,0.0179,0.1982,0.7376,0.0583,0.0018,0.2984,0,0.0841,0.147,0.0002,0.2584,0.8596,0.1325,1.9558,11.1924,0.9952,14.34,
41,0.0166,0.2402,0.777,0.0574,0.0037,0.3483,0.0001,0.0906,0.1679,0.0002,0.2713,0.9657,0.1385,2.151,7.8898,1.006,11.2517,
42,0.0166,0.3015,0.7518,0.0566,0.0036,0.3134,0.0001,0.067,0.1602,0.0002,0.2581,0.8815,0.1247,2.0861,7.6694,1.0094,10.9672,
43,0.0166,0.2877,0.7296,0.0555,0.0023,0.3352,0.0001,0.0675,0.1621,0.0002,0.2689,0.9117,0.1194,2.0756,7.6588,1.0142,10.9486,
44,0.0166,0.2782,0.7519,0.0557,0.002,0.3139,0.0001,0.0674,0.1614,0.0002,0.259,0.8763,0.1264,2.0598,7.7702,1.022,11.0524,
45,0.0171,0.2335,0.7521,0.0599,0.0019,0.3201,0.0001,0.0674,0.1572,0.0002,0.2667,0.8909,0.1146,2.0215,7.8698,1.0278,11.1176,
46,0.017,0.2431,0.7456,0.0556,0.003,0.3108,0.0001,0.0645,0.1556,0.0002,0.2553,0.8589,0.1253,2.0018,7.863,1.0281,11.0935,
47,0.0169,0.2415,0.7123,0.0551,0.0016,0.296,0.0001,0.0621,0.1555,0.0001,0.2751,0.8551,0.1202,1.9597,7.9632,1.0495,11.1717,
48,0.0169,0.1168,0.741,0.0587,0.0064,0.3172,0.0001,0.0744,0.1501,0.0002,0.2855,0.9143,0.1229,1.9272,14.4839,1.899,18.5064,
49,0.0154,0.2523,0.7428,0.055,0.0039,0.3345,0,0.0702,0.1588,0.0001,0.2834,0.9245,0.1349,2.0843,8.1175,1.0505,11.4546,
50,0.0163,0.2352,0.7831,0.058,0.0037,0.3152,0.0001,0.0726,0.1606,0.0002,0.2814,0.9109,0.1298,2.0882,8.1681,1.0601,11.5168,
51,0.019,0.2956,0.7343,0.0659,0.0032,0.3143,0.0001,0.0715,0.1534,0.0002,0.2907,0.9178,0.1285,2.1095,8.2458,1.071,11.6232,
52,0.0185,0.3001,0.7163,0.0583,0.0015,0.2889,0.0001,0.069,0.1536,0.0001,0.2658,0.8464,0.1207,2.0129,8.2556,1.0689,11.5332,
53,0.0162,0.277,0.6856,0.0515,0.0014,0.3026,0,0.0678,0.1611,0.0002,0.2603,0.8532,0.1134,1.9533,8.3502,1.0714,11.5702,
54,0.0138,0.2845,0.7227,0.0557,0.0015,0.2991,0,0.0597,0.1579,0.0002,0.2561,0.8382,0.1175,1.9842,8.3862,1.0799,11.648,
55,0.0134,0.2839,0.6962,0.054,0.0015,0.3078,0.0001,0.0601,0.1565,0.0001,0.27,0.8581,0.1148,1.9737,8.3669,1.0973,11.6342,
56,0.017,0.1994,0.7448,0.054,0.0018,0.3033,0.0001,0.0654,0.1479,0.0001,0.2885,0.8728,0.1342,1.9814,15.4007,2.0505,19.6286,
57,0.0126,0.3036,0.7764,0.059,0.0022,0.316,0.0001,0.0763,0.1647,0.0003,0.2901,0.9273,0.1372,2.1719,8.4258,1.0956,11.8903,
58,0.0128,0.2925,0.7574,0.0521,0.0015,0.293,0.0001,0.0743,0.1594,0.0002,0.2823,0.8773,0.1254,2.0768,9.613,1.7647,13.6564,
59,0.0173,0.3254,0.7531,0.0526,0.0017,0.3018,0.0001,0.0732,0.1572,0.0003,0.2902,0.8947,0.137,2.1392,10.378,1.7855,14.503,
60,0.0185,0.3052,0.7382,0.0561,0.0037,0.3126,0.0001,0.0664,0.1636,0.0001,0.2781,0.8993,0.1374,2.1104,8.9421,1.094,12.3474,
61,0.0181,0.2925,0.7381,0.0546,0.0019,0.3093,0.0001,0.0824,0.1551,0.0002,0.2704,0.8915,0.1218,2.0724,9.7035,1.1072,13.0828,
62,0.0164,0.4503,0.7981,0.0558,0.0036,0.302,0.0001,0.0878,0.1629,0.0001,0.2731,0.9036,0.129,2.311,10.1527,1.1242,13.7866,
63,0.017,0.296,0.7649,0.0495,0.0031,0.3242,0.0001,0.0742,0.1576,0.0002,0.2857,0.9093,0.1372,2.1451,10.4794,1.1082,13.9306,
64,0.0262,0.2101,0.7509,0.0576,0.0032,0.3029,0.0001,0.081,0.1556,0.0002,0.2853,0.9049,0.1316,2.0378,13.7885,1.9981,18.0414,
65,0.0195,0.3066,0.7742,0.055,0.0034,0.3067,0.0001,0.0703,0.1584,0.0002,0.2863,0.8949,0.1251,2.1354,10.6749,1.2051,14.2209,
66,0.0155,0.2438,0.6994,0.0487,0.0014,0.29,0.0001,0.0687,0.155,0.0001,0.265,0.8372,0.1123,1.9144,11.1168,1.1054,14.3339,
67,0.0131,0.2881,0.695,0.0486,0.0015,0.2922,0.0001,0.0816,0.159,0.0002,0.2798,0.9107,0.1306,2.0437,11.1476,1.1134,14.5062,
68,0.0143,0.2995,0.7411,0.0512,0.0015,0.3094,0.0001,0.0621,0.1516,0.0002,0.2716,0.857,0.1376,2.0608,10.8213,1.1099,14.1975,
69,0.0162,0.2978,0.7123,0.0539,0.0015,0.2939,0.0001,0.0719,0.1526,0.0001,0.2718,0.8558,0.1293,2.0207,10.5214,1.099,13.8448,
70,0.0179,0.3527,0.7393,0.0506,0.0023,0.2966,0.0001,0.0731,0.1574,0.0002,0.2748,0.8695,0.1352,2.1311,10.8787,1.1093,14.3164,
71,0.0214,0.3217,0.7478,0.0493,0.0016,0.2983,0.0001,0.0736,0.1521,0.0002,0.2892,0.8803,0.1344,2.1214,12.3498,1.1382,15.8076,
72,0.0243,0.1178,0.7645,0.0521,0.0024,0.3025,0.0001,0.0752,0.1462,0.0002,0.2626,0.8602,0.1307,1.9117,11.5309,1.1344,14.7854,
73,0.0195,0.2578,0.7249,0.0655,0.0024,0.3123,0.0001,0.0673,0.1522,0.0002,0.2867,0.9035,0.1412,2.0589,10.1791,1.1262,13.5682,
74,0.0207,0.2926,0.74,0.0561,0.0028,0.3118,0.0001,0.068,0.1521,0.0002,0.3026,0.9078,0.1228,2.0945,8.6318,1.1219,12.055,
75,0.0184,0.2925,0.7155,0.0556,0.002,0.3027,0.0001,0.0632,0.1526,0.0002,0.2876,0.8809,0.1187,2.0369,9.4155,1.1285,12.7852,
76,0.0187,0.2895,0.7651,0.0608,0.0018,0.32,0.0001,0.0892,0.1626,0.0002,0.276,0.9306,0.1326,2.148,8.5261,1.1144,11.9868,
77,0.0169,0.2763,0.7485,0.0573,0.0018,0.299,0.0001,0.0665,0.1521,0.0002,0.2809,0.8697,0.1246,2.0465,9.9043,1.1082,13.2593,
78,0.0161,0.361,0.7502,0.0527,0.002,0.2947,0.0001,0.0658,0.1598,0.0002,0.2736,0.8659,0.1347,2.14,9.2136,1.8178,13.3708,
79,0.0165,0.3628,0.7361,0.0562,0.0039,0.3075,0.0001,0.0642,0.1539,0.0002,0.2663,0.873,0.1191,2.1197,8.8226,2.0554,13.1948,
80,0.0266,0.2027,0.7456,0.0709,0.0038,0.2974,0.0001,0.0786,0.1513,0.0002,0.287,0.902,0.124,2.0175,10.5562,1.1138,13.9036,
81,0.0206,0.3486,0.7721,0.057,0.002,0.3146,0.0001,0.0871,0.1548,0.0001,0.2701,0.9036,0.122,2.1803,14.2442,2.0047,18.6342,
82,0.0194,0.2971,0.7515,0.0609,0.0035,0.2991,0.0001,0.0756,0.156,0.0002,0.2786,0.8923,0.1261,2.1001,14.2327,1.8248,18.3582,
83,0.0161,0.2915,0.7595,0.0604,0.0016,0.3001,0.0001,0.0719,0.151,0.0001,0.2705,0.8656,0.1324,2.0779,11.6588,1.1221,15.0609,
84,0.0167,0.3952,0.7603,0.0545,0.0034,0.2763,0.0001,0.0698,0.1591,0.0002,0.2911,0.8741,0.1399,2.2012,8.832,1.5808,12.8124,
85,0.0176,0.2947,0.7485,0.0498,0.0019,0.2895,0.0001,0.071,0.1536,0.0002,0.2712,0.8506,0.1275,2.0497,10.6187,1.9072,14.7799,
86,0.0172,0.288,0.7482,0.0587,0.0048,0.3026,0.0001,0.0774,0.1574,0.0002,0.2914,0.9129,0.1356,2.1163,8.6707,1.1578,12.1445,
87,0.017,0.3077,0.7266,0.0599,0.0015,0.2952,0.0001,0.0639,0.1523,0.0002,0.2842,0.8662,0.1232,2.0502,8.8704,1.1295,12.2476,
88,0.0172,0.2058,0.758,0.0542,0.0019,0.2917,0.0001,0.0779,0.1483,0.0002,0.2906,0.8845,0.1343,2.0152,14.1702,1.1407,17.5186,
89,0.0166,0.4263,0.7626,0.0556,0.0033,0.2994,0.0001,0.0685,0.1551,0.0001,0.2889,0.8895,0.1311,2.2432,8.8038,1.1398,12.3865,
90,0.0177,0.3036,0.7215,0.0593,0.0038,0.2675,0.0001,0.0684,0.1575,0.0002,0.2881,0.8637,0.126,2.0427,8.73,1.1545,12.1265,
91,0.0172,0.3183,0.7446,0.0589,0.0032,0.2892,0.0001,0.0752,0.1572,0.0002,0.2856,0.888,0.1268,2.1084,8.6741,1.1321,12.1167,
92,0.017,0.3493,0.7475,0.0566,0.0035,0.3091,0.0001,0.0648,0.1565,0.0002,0.2794,0.8868,0.1173,2.1303,8.7137,1.1275,12.1713,
93,0.0178,0.2984,0.7396,0.0544,0.0054,0.3118,0.0001,0.0993,0.1632,0.0002,0.2728,0.9265,0.135,2.1298,8.6801,1.1367,12.1447,
94,0.0176,0.355,0.7446,0.053,0.0015,0.2886,0.0001,0.0715,0.1593,0.0002,0.2765,0.8626,0.1286,2.1182,8.687,1.1287,12.136,
95,0.0185,0.2792,0.7525,0.0572,0.0043,0.303,0.0001,0.0674,0.1519,0.0002,0.2656,0.8688,0.1272,2.0573,8.8389,1.1334,12.2286,
96,0.0271,0.2076,0.745,0.0591,0.0029,0.2367,0.0001,0.0679,0.1498,0.0002,0.275,0.8104,0.1262,1.9314,16.2696,2.0979,20.5181,
97,0.0161,0.2475,0.7393,0.0526,0.0018,0.2964,0.0002,0.0827,0.1581,0.0002,0.2774,0.8851,0.1317,2.0321,8.7791,1.1315,12.142,
98,0.0161,0.2937,0.7464,0.0544,0.0018,0.2961,0.0001,0.0622,0.1555,0.0002,0.275,0.8576,0.1296,2.0584,8.7029,1.1364,12.0962,
99,0.0181,0.3996,0.714,0.052,0.0034,0.3061,0.0001,0.0651,0.1536,0.0003,0.2759,0.8725,0.1259,2.1418,8.6297,1.1302,12.099,
100,0.0181,0.284,0.738,0.0518,0.0017,0.3029,0.0001,0.0743,0.1516,0.0001,0.2745,0.8689,0.1377,2.0612,8.6794,1.1363,12.0904,
101,0.0184,0.3618,0.7538,0.0667,0.0022,0.3,0.0001,0.0726,0.1568,0.0002,0.278,0.8932,0.1239,2.1658,9.2337,1.1386,12.7376,
102,0.0168,0.2912,0.7294,0.0539,0.003,0.3083,0.0001,0.0648,0.1505,0.0001,0.2814,0.8773,0.1273,2.0524,8.7214,1.1352,12.1064,
103,0.0165,0.2905,0.729,0.0564,0.0034,0.2989,0.0001,0.0701,0.1594,0.0001,0.2865,0.8891,0.1399,2.0811,8.6466,1.1399,12.0702,
104,0.0268,0.1141,0.7552,0.0548,0.0019,0.2437,0.0001,0.0689,0.1437,0.0002,0.2781,0.8044,0.1437,1.8599,16.4756,1.3816,19.9335,
105,0.0161,0.2945,0.7495,0.0562,0.0021,0.3106,0.0001,0.0874,0.1545,0.0001,0.2759,0.9014,0.1284,2.1047,8.6908,1.1369,12.1306,
106,0.0189,0.2857,0.7411,0.0531,0.0038,0.3095,0.0001,0.0659,0.1583,0.0002,0.2804,0.8893,0.1255,2.0733,9.0344,1.1361,12.4416,
107,0.0177,0.3712,0.7599,0.0543,0.0028,0.2511,0.0001,0.0653,0.1499,0.0001,0.273,0.814,0.1357,2.1108,8.6921,1.141,12.1425,
108,0.018,0.3915,0.7387,0.0736,0.0031,0.3037,0.0001,0.0638,0.1531,0.0001,0.2797,0.8903,0.1273,2.1815,8.7664,1.1418,12.2871,
109,0.0178,0.2828,0.7201,0.0535,0.0017,0.294,0,0.0603,0.1509,0.0002,0.2655,0.8366,0.1092,1.9789,8.8536,1.1402,12.1748,
110,0.0164,0.2981,0.7247,0.049,0.0016,0.2908,0.0001,0.0587,0.1529,0.0002,0.2772,0.8436,0.1133,2.0115,8.7044,1.1364,12.0489,
111,0.018,0.284,0.7202,0.0552,0.0016,0.3007,0.0001,0.0597,0.1528,0.0066,0.2815,0.868,0.1218,2.0207,8.7717,1.1401,12.1299,
112,0.0192,0.263,0.7781,0.0588,0.0022,0.2558,0,0.0722,0.155,0.0002,0.2961,0.8596,0.1384,2.0763,16.4142,2.126,20.8198,
113,0.0166,0.3024,0.7382,0.054,0.0037,0.3043,0.0001,0.0632,0.152,0.0087,0.2827,0.8856,0.1324,2.0895,8.7886,1.1409,12.2181,
114,0.018,0.2991,0.7173,0.0528,0.0056,0.3112,0.0001,0.0616,0.1571,0.0081,0.2657,0.8799,0.1124,2.0387,8.7073,1.1504,12.097,
115,0.0183,0.3643,0.7453,0.0541,0.0046,0.2557,0.0001,0.0644,0.1571,0.0002,0.2688,0.8227,0.1189,2.0822,8.7149,1.1507,12.1412,
116,0.0179,0.2817,0.7537,0.0525,0.0051,0.2641,0.0001,0.0645,0.1575,0.0002,0.2806,0.8433,0.1245,2.033,8.6933,1.137,12.061,
117,0.0178,0.2311,0.7353,0.0545,0.003,0.2517,0.0002,0.0635,0.1555,0.0002,0.2756,0.8191,0.1188,1.9326,8.7751,1.1442,12.0496,
118,0.0181,0.324,0.7134,0.0524,0.0016,0.3026,0.0001,0.0621,0.15,0.0058,0.2782,0.8667,0.129,2.0643,8.8707,1.1519,12.2885,
119,0.018,0.4511,0.7261,0.0558,0.003,0.267,0.0002,0.0658,0.1597,0.0002,0.2777,0.8494,0.136,2.193,8.7391,1.1476,12.2775,
120,0.0246,0.1204,0.7639,0.0579,0.0022,0.2426,0.0001,0.0753,0.1457,0.0001,0.2828,0.8214,0.1372,1.8857,15.9685,2.0637,20.1393,
121,0.018,0.3144,0.7645,0.0553,0.0046,0.2471,0.0001,0.0665,0.1672,0.0002,0.2776,0.8385,0.1221,2.0688,8.7476,1.1477,12.1712,
122,0.0188,0.2819,0.7359,0.0577,0.0028,0.2518,0.0001,0.0676,0.1557,0.0002,0.2689,0.8218,0.1282,1.9977,8.7115,1.1336,12.0425,
123,0.017,0.4362,0.7524,0.0526,0.0018,0.2496,0.0001,0.0637,0.1523,0.0002,0.2738,0.8094,0.134,2.1613,8.7952,1.1442,12.2991,
124,0.0182,0.3833,0.7501,0.0537,0.0034,0.2534,0.0001,0.0677,0.1562,0.0002,0.2776,0.832,0.1437,2.1376,8.6735,1.1316,12.1407,
125,0.0179,0.2877,0.7185,0.057,0.0029,0.3075,0.0001,0.0636,0.1552,0.0001,0.2676,0.8694,0.1241,2.0287,8.6925,1.1433,12.0622,
126,0.0165,0.3416,0.7338,0.0567,0.0025,0.2498,0.0001,0.0634,0.1521,0.0002,0.2702,0.8048,0.1198,2.0282,8.9037,1.1451,12.2789,
127,0.0193,0.2505,0.7509,0.0541,0.0016,0.2419,0.0001,0.0624,0.1507,0.0002,0.2785,0.803,0.1177,1.9554,8.6976,1.1449,11.9961,
128,0.0176,0.2011,0.7288,0.047,0.0017,0.2338,0.0001,0.0744,0.1546,0.0002,0.2896,0.8241,0.1378,1.9241,15.6171,2.0596,19.8093,
129,0.0179,0.3069,0.7553,0.0536,0.0018,0.2505,0.0001,0.0747,0.1539,0.0002,0.2799,0.8321,0.1178,2.0413,9.0822,1.1479,12.4783,
130,0.018,0.2927,0.7063,0.0611,0.0015,0.2415,0,0.0699,0.1508,0.0001,0.2761,0.8093,0.1312,1.9648,8.6948,1.149,12.0072,
131,0.0146,0.2862,0.7086,0.059,0.0035,0.2659,0.0001,0.0632,0.1533,0.0002,0.2867,0.8539,0.1228,1.9964,8.7256,1.1464,12.0713,
132,0.0146,0.3293,0.7247,0.0512,0.0028,0.3061,0.0001,0.0671,0.1501,0.0002,0.272,0.86,0.1154,2.055,8.7948,1.1463,12.1947,
133,0.0162,0.3866,0.7516,0.0541,0.0029,0.3079,0.0001,0.0662,0.1645,0.0002,0.2792,0.8951,0.1278,2.1887,8.7972,1.1461,12.3334,
134,0.0236,0.282,0.7499,0.0563,0.0039,0.2545,0.0001,0.0827,0.1641,0.0002,0.2783,0.8578,0.1323,2.0979,8.7608,1.1423,12.2006,
135,0.018,0.2772,0.7259,0.0583,0.0018,0.3214,0.0001,0.0671,0.1529,0.0002,0.2736,0.8868,0.1204,2.042,8.8177,1.1479,12.2069,
136,0.0165,0.1969,0.7148,0.0506,0.0014,0.2686,0.0001,0.059,0.1394,0.0001,0.2842,0.8121,0.133,1.8847,11.6156,1.1411,14.832,
137,0.0142,0.2363,0.7518,0.0517,0.0014,0.2381,0.0001,0.0824,0.1546,0.0001,0.2757,0.8116,0.1303,1.9502,8.8245,1.1504,12.1223,
138,0.0137,0.303,0.7601,0.0581,0.0023,0.3119,0.0001,0.072,0.1543,0.0002,0.2814,0.8957,0.128,2.1146,9.5792,1.1428,13.042,
139,0.0143,0.2966,0.7618,0.058,0.0018,0.2579,0.0001,0.0663,0.1557,0.0002,0.2876,0.8437,0.1248,2.0529,8.8121,1.148,12.2123,
140,0.0183,0.2893,0.7439,0.0543,0.0055,0.3068,0.0001,0.0696,0.1514,0.0002,0.2828,0.8891,0.1393,2.0911,8.7839,1.1558,12.2306,
141,0.0186,0.2833,0.706,0.057,0.0015,0.2479,0.0001,0.0726,0.1497,0.0002,0.2727,0.8111,0.1259,1.957,8.7793,1.1466,12.0818,
142,0.018,0.2334,0.7578,0.054,0.0016,0.2458,0.0001,0.0687,0.1506,0.0001,0.2756,0.8045,0.1284,1.9496,8.75,1.1499,12.0479,
143,0.0136,0.2721,0.7208,0.0518,0.0015,0.241,0.0001,0.064,0.1489,0.0001,0.2795,0.7948,0.1143,1.9224,8.778,1.1478,12.0468,
144,0.0135,0.1253,0.7607,0.0559,0.0018,0.2524,0.0001,0.085,0.1505,0.0003,0.2769,0.8419,0.1285,1.8848,13.8241,1.1431,17.0506,
145,0.0138,0.2977,0.7592,0.0605,0.0032,0.3623,0.0001,0.108,0.1563,0.0002,0.2747,0.9837,0.1253,2.192,8.7421,1.146,12.2781,
146,0.0185,0.2909,0.7508,0.0531,0.0056,0.3013,0.0001,0.069,0.1524,0.0002,0.2857,0.8862,0.1276,2.0844,8.974,1.1404,12.3976,
147,0.0178,0.3055,0.7641,0.0552,0.0016,0.2467,0.0001,0.078,0.1556,0.0002,0.2768,0.8284,0.1256,2.0549,8.8528,1.1433,12.2507,
148,0.0168,0.2982,0.7484,0.0533,0.0019,0.3093,0.0001,0.0665,0.1478,0.0001,0.2772,0.8698,0.1258,2.0721,9.1633,1.1449,12.5848,
149,0.0186,0.2983,0.7362,0.0521,0.0015,0.2411,0.0001,0.0607,0.1523,0.0002,0.2727,0.7898,0.1269,1.981,8.7796,1.1528,12.1126,
150,0.0188,0.2807,0.7246,0.0509,0.0014,0.2437,0,0.0697,0.1537,0.0002,0.2815,0.8135,0.1183,1.9657,8.8103,1.1478,12.1248,
151,0.0187,0.3011,0.7514,0.0525,0.0024,0.2812,0.0001,0.0808,0.1589,0.0001,0.2761,0.8709,0.1185,2.0716,8.7877,1.1448,12.2046,
152,0.0227,0.1696,0.7496,0.0576,0.0018,0.2458,0.0001,0.0792,0.1482,0.0002,0.2784,0.8264,0.1393,1.926,16.2287,2.065,20.4381,
153,0.0166,0.3054,0.7383,0.0537,0.0015,0.2712,0.0001,0.068,0.151,0.0001,0.275,0.829,0.1228,2.024,8.8216,1.1495,12.1986,
154,0.0179,0.2933,0.7112,0.0529,0.0016,0.2437,0.0001,0.0613,0.1493,0.0002,0.2675,0.7865,0.115,1.9334,8.7709,1.1416,12.0454,
155,0.0185,0.2934,0.7092,0.0547,0.0015,0.2502,0.0001,0.064,0.1513,0.0001,0.2681,0.799,0.1164,1.9446,8.7541,1.1402,12.036,
156,0.0166,0.2886,0.7583,0.0555,0.004,0.3106,0.0001,0.0676,0.1517,0.0002,0.2755,0.8858,0.1183,2.0802,8.8281,1.14,12.2454,
157,0.0178,0.3392,0.7302,0.0525,0.0031,0.2547,0,0.0672,0.1551,0.0002,0.284,0.8345,0.1429,2.0767,8.9198,1.1534,12.3538,
158,0.0183,0.4288,0.7528,0.0563,0.0016,0.2387,0.0001,0.0624,0.1531,0.0002,0.2727,0.7949,0.1194,2.1233,8.8696,1.1554,12.347,
159,0.0191,0.3263,0.7149,0.0509,0.0015,0.2882,0.0001,0.0627,0.1504,0.0001,0.2879,0.8529,0.119,2.0396,8.8891,1.144,12.2718,
160,0.017,0.2034,0.7796,0.053,0.0028,0.2562,0.0001,0.0764,0.1431,0.0002,0.2739,0.8256,0.137,1.9794,15.4783,2.0664,19.7264,
161,0.0179,0.2526,0.7576,0.0571,0.0025,0.305,0.0001,0.0637,0.1562,0.0002,0.2753,0.874,0.1359,2.0536,8.9405,1.1651,12.3676,
162,0.0188,0.3007,0.747,0.0573,0.0043,0.252,0.0001,0.0728,0.1539,0.0002,0.2635,0.8231,0.1363,2.038,8.8523,1.1523,12.2431,
163,0.0173,0.2828,0.7383,0.0553,0.0023,0.2559,0.0001,0.0646,0.1544,0.0002,0.2682,0.817,0.1147,1.9825,8.9478,1.1552,12.2849,
164,0.0187,0.3,0.7142,0.0614,0.0022,0.3007,0.0001,0.0647,0.1568,0.0001,0.2903,0.892,0.1227,2.0603,11.8453,2.0322,16.1402,
165,0.0174,0.3042,0.7481,0.0537,0.002,0.2525,0.0001,0.077,0.1631,0.0002,0.2927,0.8586,0.1491,2.0916,11.4623,1.1458,14.8996,
166,0.0186,0.2873,0.7487,0.0599,0.0034,0.3049,0.0001,0.0656,0.1559,0.0002,0.2828,0.89,0.1318,2.0867,10.7319,1.1411,14.1598,
167,0.019,0.3822,0.7428,0.0648,0.0037,0.302,0.0001,0.0707,0.1579,0.0002,0.2803,0.9152,0.1323,2.2046,11.4886,1.1576,15.0509,
168,0.0287,0.2105,0.7581,0.0621,0.0019,0.2558,0.0002,0.076,0.1498,0.0002,0.2876,0.8501,0.1381,1.9989,15.959,1.7991,19.9802,
169,0.0186,0.3015,0.7455,0.0624,0.0025,0.3046,0.0001,0.0691,0.157,0.0001,0.2882,0.9045,0.1438,2.1276,12.1947,1.9603,16.4985,
170,0.0169,0.3081,0.7698,0.0586,0.0038,0.2436,0,0.0677,0.151,0.0002,0.2729,0.8083,0.1243,2.0383,12.7643,1.1419,16.1583,
171,0.0175,0.2994,0.7323,0.0573,0.0023,0.2607,0.0001,0.0762,0.1528,0.0002,0.283,0.8493,0.1343,2.047,10.5138,2.072,14.833,
172,0.0184,0.2996,0.7642,0.0541,0.0021,0.2444,0.0001,0.0718,0.1517,0.0002,0.2767,0.8168,0.1272,2.0395,10.4877,1.9453,14.675,
173,0.0174,0.3001,0.7237,0.0565,0.0041,0.2902,0.0001,0.0727,0.1545,0.0002,0.2746,0.8751,0.143,2.0715,9.0888,1.9956,13.3561,
174,0.0184,0.291,0.7543,0.0568,0.0022,0.2503,0.0001,0.0907,0.153,0.0002,0.2732,0.8422,0.1321,2.0504,8.9382,1.1404,12.334,
175,0.0183,0.2509,0.7458,0.0565,0.0018,0.2974,0.0001,0.0639,0.1558,0.0002,0.2777,0.87,0.1273,2.026,10.1764,1.1495,13.5501,
176,0.0182,0.2124,0.7593,0.0476,0.0022,0.2424,0.0001,0.0752,0.1463,0.0002,0.2719,0.8033,0.122,1.9307,15.4353,1.9579,19.5305,
177,0.018,0.2607,0.7931,0.0639,0.0019,0.256,0.0002,0.0677,0.1561,0.0002,0.281,0.8443,0.128,2.0557,10.057,1.166,13.4816,
178,0.0181,0.2915,0.7523,0.0547,0.002,0.2553,0,0.0702,0.1564,0.0003,0.2936,0.8496,0.1307,2.0549,9.7477,1.1484,13.1522,
179,0.0181,0.2444,0.7636,0.0565,0.0018,0.2937,0.0001,0.0708,0.156,0.0002,0.2873,0.8846,0.1284,2.0519,8.805,1.1535,12.2117,
180,0.0195,0.3866,0.7615,0.054,0.0021,0.3187,0.0001,0.0675,0.1593,0.0002,0.2816,0.8981,0.126,2.2051,8.7854,1.1414,12.3315,
181,0.0176,0.2813,0.7411,0.0559,0.0041,0.2471,0.0001,0.0683,0.1579,0.0002,0.2896,0.8401,0.1286,2.0236,8.759,1.1435,12.1255,
182,0.0188,0.3457,0.7401,0.058,0.0022,0.243,0.0001,0.0745,0.1538,0.0002,0.2792,0.8269,0.1346,2.0779,8.8642,1.1565,12.3013,
183,0.0204,0.3113,0.7757,0.0561,0.0074,0.2742,0.0001,0.095,0.1633,0.0002,0.2941,0.9168,0.1335,2.1752,9.0028,1.1496,12.5553,
184,0.0256,0.1125,0.7518,0.057,0.0021,0.2562,0.0001,0.0678,0.1497,0.0002,0.2696,0.8212,0.1358,1.8619,13.5229,1.8422,17.4502,
185,0.0184,0.3004,0.7497,0.0537,0.0019,0.2549,0.0001,0.0741,0.1544,0.0002,0.2876,0.8421,0.1347,2.0584,8.7974,1.1346,12.1962,
186,0.0173,0.3049,0.7401,0.0619,0.0018,0.2455,0.0002,0.0645,0.1596,0.0001,0.2836,0.8335,0.1311,2.0393,8.7635,1.1441,12.1449,
187,0.0187,0.3163,0.7361,0.0538,0.0032,0.2509,0.0001,0.0755,0.1574,0.0002,0.2838,0.8395,0.1335,2.0564,8.7506,1.1388,12.1421,
188,0.0181,0.2925,0.7504,0.0592,0.0034,0.3018,0.0001,0.0709,0.1575,0.0002,0.2677,0.8777,0.1339,2.0848,8.8839,1.1574,12.3294,
189,0.018,0.2478,0.7595,0.06,0.004,0.2585,0.0001,0.0899,0.1619,0.0001,0.266,0.8612,0.1166,2.0156,9.515,1.1551,12.8888,
190,0.0183,0.2923,0.7501,0.0489,0.0016,0.2271,0.0001,0.0696,0.1545,0.0001,0.2783,0.7949,0.1336,2.0027,9.0952,1.1393,12.4368,
191,0.0181,0.2794,0.7352,0.0577,0.0016,0.2416,0,0.0648,0.1516,0.0001,0.2809,0.8081,0.1296,1.9788,9.0372,1.1592,12.3759,
192,0.0269,0.1204,0.7661,0.0559,0.0026,0.2462,0.0001,0.0736,0.1479,0.0002,0.2712,0.8141,0.1404,1.8841,13.0232,1.1642,16.2913,
193,0.0199,0.3079,0.7557,0.0592,0.0031,0.2589,0,0.0672,0.1627,0.0002,0.2903,0.8623,0.1264,2.0857,8.8128,1.1463,12.2522,
194,0.0183,0.2912,0.7364,0.061,0.0022,0.2562,0.0001,0.0761,0.1536,0.0002,0.2734,0.8383,0.1267,2.0215,8.848,1.1426,12.2184,
195,0.0188,0.3701,0.7523,0.0609,0.0023,0.2456,0.0001,0.0689,0.1534,0.0002,0.2833,0.8323,0.1372,2.1245,8.8035,1.1488,12.2747,
196,0.0175,0.2832,0.7236,0.0634,0.0035,0.2493,0.0001,0.0686,0.1536,0.0002,0.2683,0.8239,0.1172,1.9766,8.8366,1.1524,12.1675,
197,0.0185,0.2947,0.7283,0.0559,0.0033,0.2521,0.0001,0.0751,0.1524,0.0002,0.2744,0.8312,0.1168,2.0006,8.7837,1.1445,12.1281,
198,0.0179,0.3792,0.7432,0.0522,0.0016,0.233,0.0001,0.062,0.1484,0.0001,0.2689,0.7757,0.1295,2.0577,8.7921,1.1487,12.198,
199,0.0176,0.3492,0.7239,0.048,0.0016,0.2947,0.0001,0.0618,0.1526,0.0002,0.2705,0.839,0.1307,2.0701,9.5787,1.1416,12.993,
200,0.0159,0.2232,0.7753,0.0563,0.0015,0.2816,0.0001,0.0664,0.1597,0.0002,0.2804,0.8551,0.1453,2.0535,15.6865,1.9486,19.8747,
201,0.0181,0.3185,0.7718,0.0586,0.0023,0.2642,0.0001,0.0788,0.1666,0.0002,0.3007,0.891,0.1458,2.161,10.9512,1.307,14.6223,
202,0.0187,0.3084,0.7932,0.0583,0.0042,0.3081,0.0001,0.0774,0.1633,0.0002,0.2898,0.9292,0.1521,2.2169,10.2305,1.2064,13.8602,
203,0.0205,0.3181,0.7733,0.0574,0.0031,0.3558,0.0001,0.0733,0.1553,0.0002,0.3159,0.9829,0.1593,2.2717,11.8764,1.2063,15.5641,
204,0.021,0.3911,0.8313,0.0603,0.0022,0.2833,0.0001,0.0819,0.1667,0.0002,0.3014,0.9189,0.1501,2.3341,10.5481,1.1704,14.2738,
205,0.0204,0.2674,0.7792,0.0607,0.0022,0.2669,0.0002,0.0732,0.1604,0.0002,0.31,0.8918,0.1559,2.1281,9.0508,1.1567,12.5481,
206,0.0171,0.364,0.773,0.057,0.0057,0.2634,0.0001,0.0803,0.1659,0.0002,0.2951,0.8953,0.1435,2.2051,9.0435,1.1453,12.5923,
207,0.0141,0.2904,0.7923,0.0661,0.0075,0.3233,0.0001,0.0858,0.1615,0.0003,0.2929,0.9603,0.1446,2.2168,9.0887,1.1387,12.6466,
208,0.028,0.2021,0.7431,0.0506,0.0022,0.2485,0.0001,0.0777,0.1618,0.0002,0.2901,0.8515,0.1395,1.9771,15.8882,2.0225,20.0901,
209,0.0181,0.3428,0.7629,0.0572,0.0028,0.2996,0.0002,0.0891,0.1618,0.0002,0.2801,0.9078,0.1329,2.1753,8.8558,1.1546,12.3902,
210,0.0179,0.4003,0.7835,0.0601,0.0022,0.2659,0.0001,0.0841,0.1676,0.0002,0.294,0.8992,0.1497,2.2633,8.7805,1.1366,12.3805,
211,0.0186,0.3081,0.7574,0.0524,0.003,0.2598,0.0001,0.0668,0.1595,0.0002,0.2772,0.8411,0.1269,2.068,9.9733,1.1351,13.3788,
212,0.0225,0.3029,0.7727,0.057,0.006,0.2688,0.0001,0.0923,0.1575,0.0002,0.2829,0.8903,0.1393,2.1425,8.7426,1.141,12.2254,
213,0.0184,0.2312,0.7588,0.0562,0.0039,0.2891,0.0001,0.0669,0.1547,0.0002,0.2894,0.8797,0.1417,2.0441,9.9198,1.1455,13.3126,
214,0.0183,0.299,0.7611,0.0555,0.0018,0.2609,0.0001,0.0706,0.1601,0.0003,0.3055,0.8742,0.1354,2.1029,8.8297,1.1423,12.2748,
215,0.0187,0.3281,0.7501,0.0544,0.0021,0.2731,0.0002,0.0771,0.1695,0.0002,0.2888,0.8886,0.1241,2.1247,9.5411,1.1434,13.0134,
216,0.018,0.212,0.7451,0.0541,0.0018,0.2361,0.0001,0.0763,0.1457,0.0002,0.2828,0.8107,0.128,1.9301,12.2519,1.1579,15.5554,
217,0.0217,0.2579,0.7532,0.0602,0.0024,0.3005,0.0001,0.0705,0.1577,0.0002,0.2895,0.8989,0.1384,2.0849,10.7093,1.1551,14.1628,
218,0.0193,0.303,0.7431,0.0657,0.0023,0.2578,0.0001,0.0693,0.1559,0.0002,0.2895,0.8573,0.131,2.0692,9.3015,1.1345,12.709,
219,0.0177,0.2822,0.7664,0.0626,0.0034,0.3079,0.0001,0.0866,0.158,0.0002,0.277,0.9102,0.1345,2.1233,8.8342,1.1533,12.3093,
220,0.0187,0.2873,0.7493,0.061,0.0032,0.2495,0.0001,0.0685,0.1525,0.0001,0.2751,0.8258,0.121,2.0164,8.7102,1.1384,12.0637,
221,0.0177,0.3236,0.7673,0.0515,0.0019,0.2566,0.0001,0.07,0.159,0.0001,0.2748,0.8331,0.1215,2.0751,8.7671,1.1433,12.1844,
222,0.0188,0.3222,0.7474,0.053,0.0019,0.3066,0,0.066,0.1546,0.0002,0.2757,0.8766,0.125,2.1036,8.8022,1.1421,12.2537,
223,0.0183,0.2444,0.7605,0.058,0.0031,0.2504,0.0001,0.0704,0.1516,0.0002,0.2734,0.8267,0.1297,1.9904,8.8339,1.1546,12.1776,
224,0.0257,0.2115,0.7421,0.0575,0.0024,0.2466,0,0.0786,0.1475,0.0001,0.2751,0.8254,0.1243,1.944,12.107,1.1432,15.3923,
225,0.0194,0.3518,0.7421,0.053,0.0033,0.2472,0.0001,0.0734,0.1549,0.0002,0.2773,0.8252,0.1188,2.0723,8.8416,1.1468,12.2647,
226,0.0186,0.3018,0.7667,0.0551,0.0048,0.2596,0.0001,0.0676,0.157,0.0002,0.2914,0.8537,0.1368,2.0923,8.7815,1.1586,12.2322,
227,0.0185,0.2776,0.7362,0.0554,0.0016,0.2825,0.0001,0.074,0.1579,0.0002,0.2712,0.8574,0.1313,2.0322,8.7997,1.1393,12.1731,
228,0.018,0.2385,0.7446,0.0634,0.0065,0.2636,0.0001,0.0693,0.1567,0.0001,0.2958,0.8703,0.1407,2.0203,9.1104,1.1387,12.4742,
229,0.0185,0.3001,0.7695,0.0575,0.0024,0.2519,0.0001,0.0769,0.1588,0.0002,0.2725,0.835,0.1345,2.0696,9.0045,1.1391,12.4166,
230,0.0181,0.2954,0.7768,0.0583,0.004,0.3102,0.0002,0.0881,0.166,0.0002,0.31,0.964,0.1526,2.2209,13.3418,2.1206,17.883,
231,0.0193,0.3184,0.7846,0.0526,0.0049,0.268,0.0001,0.0929,0.1562,0.0002,0.294,0.8917,0.1467,2.1794,9.2801,1.1453,12.8126,
232,0.0269,0.2096,0.7509,0.0571,0.0021,0.2563,0.0001,0.0744,0.1448,0.0002,0.2672,0.8175,0.1405,1.962,13.2566,1.1613,16.5723,
233,0.0182,0.3101,0.8184,0.0561,0.0018,0.3009,0.0001,0.0797,0.1553,0.0003,0.2792,0.8903,0.1224,2.1746,10.2491,1.9594,14.6134,
234,0.018,0.3293,0.7683,0.0595,0.0025,0.2545,0.0001,0.0894,0.1541,0.0002,0.274,0.8518,0.127,2.1111,11.6728,1.1517,15.1448,
235,0.0186,0.3248,0.806,0.0576,0.0024,0.2916,0.0001,0.0923,0.1696,0.0002,0.3136,0.9535,0.1482,2.2642,13.8245,1.3898,17.6833,
236,0.0195,0.3185,0.7955,0.0574,0.0016,0.3102,0,0.0762,0.1578,0.0002,0.2993,0.9222,0.1327,2.203,9.3712,1.1555,12.9238,
237,0.0181,0.297,0.8821,0.0658,0.0045,0.2728,0.0001,0.097,0.161,0.0002,0.2763,0.9023,0.1379,2.2533,8.8612,1.1493,12.4624,
238,0.0179,0.285,0.7964,0.0563,0.0017,0.3051,0.0001,0.0881,0.1701,0.0002,0.293,0.934,0.1411,2.1891,8.9358,1.1471,12.4714,
239,0.018,0.2812,0.7532,0.0568,0.0041,0.2576,0.0001,0.0676,0.1583,0.0002,0.2753,0.8414,0.1356,2.0415,8.8255,1.1568,12.2236,
240,0.0198,0.2103,0.7831,0.0596,0.0027,0.2652,0.0001,0.0735,0.157,0.0002,0.304,0.8855,0.1444,2.0649,12.6512,1.582,16.4814,
241,0.0213,0.2534,0.8007,0.0568,0.0017,0.26,0.0001,0.0727,0.1557,0.0002,0.2765,0.8417,0.1337,2.0678,11.1065,1.1406,14.5267,
242,0.0199,0.3161,0.7648,0.0557,0.0023,0.3012,0.0001,0.0777,0.1579,0.0002,0.2903,0.9026,0.1257,2.1412,9.0175,1.1514,12.5243,
243,0.0219,0.3058,0.7832,0.0558,0.0036,0.2617,0.0001,0.0791,0.1572,0.0002,0.2886,0.8676,0.137,2.1311,8.7759,1.1417,12.2552,
244,0.0185,0.2836,0.8093,0.0532,0.0034,0.2595,0.0001,0.0713,0.1585,0.0002,0.2786,0.8449,0.1178,2.0893,9.0473,1.151,12.4916,
245,0.0182,0.2989,0.7861,0.0632,0.0038,0.264,0.0001,0.091,0.1582,0.0002,0.2886,0.8928,0.1471,2.1579,8.711,1.1337,12.2028,
246,0.0178,0.3028,0.7688,0.0616,0.0033,0.2633,0.0001,0.0674,0.1582,0.0002,0.2814,0.8569,0.1421,2.1033,8.784,1.1456,12.2327,
247,0.02,0.2338,0.7555,0.0569,0.002,0.254,0.0001,0.0683,0.1597,0.0003,0.2841,0.8469,0.1517,2.0259,9.0076,1.1389,12.3748,
248,0.0261,0.2054,0.7786,0.056,0.002,0.2719,0.0002,0.0702,0.1478,0.0002,0.2832,0.8547,0.1332,2.0178,15.6024,1.8209,19.6505,
249,0.0191,0.3051,0.7715,0.0572,0.0031,0.3048,0.0001,0.0753,0.1554,0.0002,0.2729,0.8886,0.1294,2.1259,8.7431,1.1325,12.1994,
250,0.0189,0.3167,0.7653,0.0587,0.0045,0.2803,0.0001,0.0694,0.174,0.0002,0.3107,0.9299,0.1373,2.1855,11.6524,1.1347,15.1763,
251,0.0183,0.305,0.7516,0.0622,0.0037,0.252,0.0001,0.0839,0.161,0.0002,0.274,0.8536,0.1221,2.0614,8.7434,1.1368,12.145,
252,0.0179,0.2805,0.7566,0.0626,0.0064,0.2626,0.0001,0.095,0.1621,0.0003,0.2833,0.8964,0.133,2.0944,13.3803,1.5677,17.2511,
253,0.014,0.3065,0.7434,0.0566,0.0016,0.2382,0.0001,0.0616,0.1507,0.0002,0.2929,0.8144,0.1386,2.0322,8.7478,1.1366,12.1132,
254,0.0183,0.3542,0.7971,0.054,0.0022,0.2584,0.0001,0.0701,0.155,0.0002,0.2846,0.8429,0.1326,2.1597,8.7288,1.1355,12.2225,
255,0.0185,0.2973,0.7325,0.0553,0.0034,0.2689,0.0001,0.0716,0.1695,0.0002,0.2986,0.8908,0.1575,2.1096,9.1438,1.1382,12.5925,
256,0.0294,0.1271,0.7657,0.0573,0.0018,0.2331,0.0001,0.0776,0.1579,0.0002,0.2698,0.8164,0.1379,1.8954,13.3103,1.6223,17.0442,
257,0.0183,0.3277,0.7526,0.0598,0.0022,0.2504,0.0001,0.0769,0.1562,0.0003,0.2811,0.845,0.1303,2.0865,8.866,1.3037,12.4735,
258,0.0179,0.3192,0.7587,0.0615,0.006,0.2786,0.0002,0.0933,0.1637,0.0002,0.2865,0.9113,0.1354,2.1552,10.8632,1.1487,14.3708,
259,0.0183,0.3075,0.7726,0.0568,0.0018,0.3018,0.0001,0.0734,0.1565,0.0002,0.2839,0.887,0.1273,2.1288,10.5608,1.1266,14.0171,
260,0.0183,0.2984,0.757,0.0628,0.0077,0.28,0.0002,0.0777,0.1638,0.0003,0.288,0.9051,0.1363,2.1276,8.7326,1.1527,12.2128,
261,0.0185,0.3885,0.7505,0.0534,0.0025,0.2638,0.0002,0.0704,0.1634,0.0002,0.2904,0.8702,0.1303,2.1725,8.7505,1.1448,12.2682,
262,0.019,0.3507,0.757,0.0551,0.003,0.2748,0.0001,0.0691,0.1545,0.0002,0.2953,0.875,0.1316,2.149,8.7442,1.1398,12.2396,
263,0.0187,0.2841,0.7446,0.0573,0.0053,0.3185,0.0001,0.0843,0.1626,0.0002,0.2747,0.9208,0.125,2.1044,8.7354,1.1369,12.1753,
264,0.0189,0.2133,0.7791,0.0606,0.0022,0.2983,0.0001,0.0753,0.1459,0.0001,0.2599,0.8619,0.1305,2.0186,14.6023,2.15,18.9704,
265,0.0202,0.2632,0.7874,0.0565,0.0027,0.33,0.0001,0.0734,0.1696,0.0002,0.3095,0.9677,0.1613,2.2164,13.4664,2.0302,17.9171,
266,0.0167,0.3045,0.7528,0.055,0.0026,0.2604,0.0001,0.0768,0.1603,0.0002,0.2846,0.8612,0.1184,2.0644,13.1431,2.0095,17.4136,
267,0.018,0.3079,0.756,0.0546,0.0019,0.3011,0.0001,0.0748,0.1607,0.0002,0.2694,0.8807,0.1266,2.1013,11.7247,1.8451,15.8778,
268,0.0189,0.3784,0.7634,0.0629,0.0022,0.2517,0,0.0745,0.1516,0.0002,0.2742,0.8337,0.1266,2.1344,11.2755,1.1448,14.7537,
269,0.0183,0.4792,0.763,0.0594,0.0045,0.2508,0.0001,0.0751,0.1637,0.0002,0.3023,0.8747,0.1379,2.2877,10.5564,1.1389,14.1828,
270,0.0185,0.2919,0.7662,0.0531,0.0017,0.241,0.0001,0.0771,0.1496,0.0002,0.2819,0.8185,0.1321,2.0401,9.939,2.0541,14.2403,
271,0.0183,0.3357,0.7564,0.0559,0.0052,0.2771,0.0001,0.074,0.1628,0.0002,0.2903,0.8924,0.1433,2.1642,11.4281,1.9485,15.7363,
272,0.018,0.2102,0.7758,0.0587,0.0021,0.2476,0.0001,0.0658,0.1626,0.0002,0.2635,0.818,0.134,1.9719,15.4916,1.7209,19.3877,
273,0.0193,0.2646,0.7887,0.0574,0.0022,0.3082,0.0001,0.0745,0.1578,0.0002,0.2741,0.8935,0.1203,2.1,10.1426,1.9269,14.3769,
274,0.019,0.3145,0.7913,0.0548,0.0042,0.2701,0.0001,0.082,0.166,0.0004,0.2915,0.8946,0.1304,2.1662,9.3614,1.1324,12.8628,
275,0.0183,0.3033,0.7955,0.0574,0.003,0.317,0.0001,0.0717,0.1595,0.0002,0.2956,0.9275,0.1319,2.1941,9.8251,1.1253,13.3442,
276,0.023,0.2906,0.7481,0.0543,0.0027,0.2734,0.0001,0.0745,0.1681,0.0003,0.289,0.8852,0.1327,2.0968,10.2533,1.4254,13.975,
277,0.0171,0.3014,0.7907,0.0613,0.0038,0.2972,0.0001,0.0768,0.1588,0.0001,0.2819,0.9054,0.1387,2.1693,9.8305,1.129,13.3278,
278,0.0145,0.286,0.7538,0.0609,0.0024,0.2625,0.0002,0.0828,0.1636,0.0002,0.288,0.8809,0.1392,2.088,10.7111,1.1285,14.1288,
279,0.0185,0.314,0.7555,0.0564,0.0034,0.2729,0.0001,0.0753,0.1637,0.0002,0.308,0.8962,0.1332,2.1324,12.786,1.9886,17.1082,
280,0.0262,0.2625,0.7748,0.0598,0.0021,0.2555,0.0001,0.0824,0.1572,0.0003,0.2985,0.8733,0.129,2.0821,14.6952,1.6382,18.6261,
281,0.0193,0.3909,0.8426,0.0575,0.0034,0.3185,0.0001,0.0807,0.1581,0.0002,0.2785,0.9222,0.1474,2.3371,8.7762,1.1352,12.4478,
282,0.0184,0.2474,0.7655,0.0557,0.01,0.3208,0.0001,0.0699,0.1557,0.0001,0.2911,0.9264,0.1423,2.1153,9.5657,1.1339,13.0185,
283,0.0179,0.3379,0.7896,0.0535,0.0019,0.2817,0.0001,0.0871,0.1682,0.0002,0.3125,0.9297,0.1257,2.2192,9.649,1.9534,14.0239,
284,0.0187,0.3777,0.7649,0.0609,0.0015,0.2495,0.0001,0.0747,0.156,0.0002,0.2884,0.8401,0.1358,2.1453,9.0978,1.1319,12.5702,
285,0.0137,0.3662,0.7058,0.0502,0.0015,0.251,0.0001,0.0634,0.146,0.0002,0.2765,0.7966,0.131,2.0204,8.9276,1.1391,12.2895,
286,0.0137,0.3013,0.7316,0.0553,0.002,0.3133,0.0001,0.0833,0.1589,0.0002,0.2788,0.9129,0.1418,2.1168,8.7458,1.1337,12.1972,
287,0.0181,0.2987,0.7688,0.053,0.0034,0.2999,0.0001,0.08,0.1631,0.0002,0.2632,0.8802,0.1166,2.0964,8.7326,1.136,12.1657,
288,0.0262,0.1155,0.7213,0.0605,0.0022,0.2566,0.0001,0.0783,0.1473,0.0002,0.2719,0.832,0.1431,1.8544,13.4636,1.9035,17.4414,
289,0.0186,0.3147,0.7769,0.0597,0.0019,0.2529,0.0001,0.0762,0.1529,0.0002,0.2899,0.8516,0.1264,2.1008,12.4033,1.3504,16.0631,
290,0.0193,0.3068,0.7769,0.0569,0.0047,0.2969,0.0001,0.0671,0.1644,0.0001,0.2924,0.9049,0.1393,2.1615,8.7255,1.1394,12.2245,
291,0.0185,0.2887,0.7027,0.053,0.0016,0.2416,0.0001,0.0656,0.1532,0.0002,0.2696,0.7932,0.1283,1.9376,8.7993,1.1512,12.0957,
292,0.0137,0.2405,0.7227,0.0541,0.0017,0.3043,0.0001,0.0667,0.1605,0.0002,0.2955,0.897,0.1291,2.0134,9.6344,1.1245,12.9721,
293,0.0138,0.2947,0.7594,0.0556,0.0016,0.2473,0.0001,0.0666,0.1524,0.0001,0.2734,0.8067,0.1333,2.0174,8.6852,1.1326,12.0318,
294,0.0191,0.3478,0.735,0.0549,0.0041,0.2526,0.0002,0.0639,0.1519,0.0002,0.2718,0.8199,0.1362,2.0693,8.7065,1.1334,12.1079,
295,0.0191,0.295,0.7347,0.0541,0.0029,0.257,0.0001,0.0687,0.1544,0.0001,0.2764,0.8329,0.1403,2.0341,8.8119,1.1454,12.1906,
296,0.0287,0.2088,0.7416,0.0555,0.0043,0.2909,0.0001,0.0784,0.1438,0.0002,0.2878,0.8792,0.1404,2.012,13.2019,1.1584,16.5725,
297,0.0186,0.3231,0.8214,0.0656,0.0034,0.325,0.0001,0.0871,0.1621,0.0003,0.3063,0.9787,0.1505,2.3094,8.8696,1.1532,12.5355,
298,0.0181,0.3159,0.7808,0.0558,0.0023,0.2682,0.0002,0.0691,0.1569,0.0002,0.2889,0.8647,0.1295,2.1241,8.794,1.1383,12.26,
299,0.0188,0.2928,0.762,0.0584,0.0113,0.2729,0.0001,0.0837,0.1657,0.0003,0.291,0.9081,0.1157,2.1094,8.8395,1.1541,12.3072,
300,0.0184,0.3016,0.7828,0.0623,0.0036,0.2533,0.0002,0.0727,0.1523,0.0002,0.2915,0.857,0.1427,2.1331,8.7626,1.1231,12.2243,
301,0.0183,0.2967,0.7256,0.0528,0.0022,0.2564,0.0001,0.066,0.1553,0.0002,0.2762,0.8273,0.1216,2.0025,8.69,1.1371,12.0295,
302,0.0185,0.2375,0.735,0.0538,0.0037,0.3128,0.0001,0.0681,0.1549,0.0002,0.2691,0.8819,0.1163,1.9993,8.6683,1.1343,12.0048,
303,0.0179,0.2802,0.7624,0.0494,0.0021,0.2499,0.0001,0.0789,0.1674,0.0002,0.2828,0.8504,0.1296,2.0544,8.715,1.1356,12.1052,
304,0.0276,0.2625,0.77,0.0628,0.0035,0.3021,0.0001,0.0758,0.173,0.0003,0.281,0.9289,0.137,2.1431,11.4013,1.1324,14.8782,
305,0.0196,0.3044,0.7541,0.0496,0.0018,0.2634,0.0001,0.075,0.1574,0.0002,0.2816,0.8463,0.1284,2.0653,8.8114,1.1436,12.2301,
306,0.0215,0.3027,0.7329,0.0569,0.0024,0.2563,0.0001,0.0685,0.1562,0.0002,0.2697,0.8264,0.1191,2.015,8.7441,1.151,12.1217,
307,0.0186,0.2399,0.7486,0.0532,0.0026,0.3117,0.0001,0.0699,0.1542,0.0002,0.2699,0.8785,0.1387,2.0359,9.3096,1.1343,12.6872,
308,0.018,0.2952,0.7415,0.055,0.0031,0.2548,0.0001,0.0729,0.1641,0.0002,0.2987,0.8688,0.137,2.0722,8.7746,1.1352,12.1804,
309,0.0185,0.3412,0.7644,0.0632,0.0037,0.3066,0.0001,0.0854,0.161,0.0002,0.2811,0.9209,0.1276,2.1856,8.7725,1.1459,12.3074,
310,0.0181,0.4724,0.7636,0.0661,0.0026,0.271,0.0001,0.0914,0.1686,0.0003,0.3018,0.9297,0.127,2.3251,8.8105,1.436,12.7729,
311,0.0186,0.297,0.7346,0.0595,0.0016,0.2545,0.0001,0.0678,0.1555,0.0001,0.2692,0.8173,0.1231,2.0012,9.2079,1.1439,12.5525,
312,0.0184,0.1058,0.7803,0.0544,0.0028,0.2374,0,0.0756,0.1484,0.0001,0.2884,0.8207,0.1306,1.8699,13.4442,1.1294,16.6391,
313,0.0194,0.4108,0.7687,0.0494,0.002,0.2568,0.0002,0.0784,0.159,0.0002,0.2955,0.8617,0.1576,2.2346,10.0161,1.1379,13.5947,
314,0.0174,0.2994,0.7725,0.0634,0.0033,0.3307,0.0001,0.0721,0.1602,0.0001,0.2958,0.9495,0.1308,2.1866,8.6671,1.1065,12.1606,
315,0.0186,0.3142,0.799,0.0571,0.0051,0.3327,0.0001,0.0929,0.1603,0.0002,0.2863,0.9519,0.1372,2.2354,8.7452,1.1348,12.315,
316,0.0178,0.2884,0.7675,0.0712,0.0048,0.2512,0.0001,0.0729,0.1673,0.0002,0.2919,0.8838,0.1285,2.1019,8.6985,1.1244,12.127,
317,0.0187,0.2877,0.8221,0.065,0.0016,0.2561,0.0001,0.0712,0.1572,0.0002,0.2768,0.8378,0.115,2.0925,9.0764,1.1255,12.4951,
318,0.0182,0.2905,0.7919,0.0595,0.0034,0.276,0.0002,0.0728,0.16,0.0002,0.2868,0.8816,0.1417,2.1408,8.6631,1.1323,12.139,
319,0.0182,0.2931,0.8044,0.0608,0.0052,0.2815,0.0002,0.0868,0.1636,0.0003,0.2842,0.9097,0.148,2.1894,8.6896,1.1316,12.2094,
320,0.0264,0.2104,0.7841,0.0596,0.0018,0.2462,0.0001,0.0782,0.1477,0.0001,0.2875,0.8398,0.1176,1.9938,12.2422,1.1301,15.5841,
321,0.0203,0.305,0.7679,0.057,0.0026,0.2536,0,0.0786,0.1594,0.0002,0.2833,0.8549,0.122,2.0854,12.21,1.1528,15.6622,
322,0.0243,0.3205,0.8037,0.055,0.0044,0.2611,0.0001,0.08,0.1563,0.0002,0.2913,0.8689,0.1375,2.1697,8.7193,1.1494,12.2417,
323,0.0181,0.3007,0.7749,0.0563,0.0033,0.3272,0.0002,0.0885,0.1633,0.0002,0.2883,0.9506,0.1403,2.201,8.6521,1.1317,12.1886,
324,0.0194,0.3092,0.782,0.0658,0.0032,0.2687,0.0002,0.0731,0.17,0.0003,0.2931,0.8973,0.1317,2.1585,8.7586,1.1448,12.2632,
325,0.0179,0.2829,0.7735,0.0557,0.0021,0.2815,0.0001,0.0893,0.159,0.0002,0.2837,0.8955,0.1306,2.1125,8.6673,1.1258,12.1068,
326,0.0182,0.2936,0.7529,0.0559,0.0034,0.3116,0.0001,0.0827,0.1641,0.0002,0.2898,0.9234,0.1371,2.1363,8.6222,1.1234,12.0831,
327,0.0184,0.2809,0.7837,0.0584,0.0036,0.2513,0.0001,0.0705,0.1578,0.0001,0.2942,0.8574,0.128,2.0837,8.6961,1.1368,12.125,
328,0.0267,0.1174,0.756,0.0639,0.0038,0.2531,0.0001,0.0776,0.1531,0.0002,0.2785,0.8547,0.1258,1.8984,13.2467,1.7275,17.0923,
329,0.0168,0.3063,0.7676,0.0612,0.0018,0.2486,0.0001,0.0665,0.1562,0.0002,0.2766,0.8282,0.1273,2.0617,9.0165,1.1405,12.4267,
330,0.0185,0.3723,0.7941,0.0594,0.0025,0.252,0.0001,0.0871,0.1629,0.0003,0.2752,0.8603,0.1398,2.1981,9.0662,1.1273,12.5951,
331,0.0189,0.3084,0.7765,0.0592,0.004,0.3247,0.0001,0.0721,0.165,0.0002,0.2957,0.9468,0.1378,2.2035,8.9086,1.1316,12.4462,
332,0.0188,0.2789,0.7774,0.058,0.0032,0.2757,0.0001,0.0697,0.1641,0.0002,0.3081,0.905,0.1521,2.1465,9.5436,1.1087,13.0028,
333,0.0179,0.2929,0.7293,0.0512,0.0025,0.2392,0.0002,0.0763,0.1563,0.0001,0.298,0.8545,0.1515,2.063,9.0408,1.1293,12.4329,
334,0.0186,0.3045,0.7326,0.0558,0.0015,0.2532,0.0001,0.0664,0.1571,0.0001,0.2592,0.8023,0.1311,1.9971,8.6349,1.1214,11.9544,
335,0.019,0.3725,0.7617,0.0583,0.0035,0.3125,0,0.0945,0.1652,0.0003,0.2891,0.9412,0.1272,2.2317,8.6404,1.1332,12.2043,
336,0.0204,0.2123,0.7696,0.057,0.0024,0.2526,0.0001,0.0775,0.1461,0.0002,0.2766,0.8297,0.1373,1.9826,15.3822,1.136,18.6947,
337,0.0228,0.3178,0.779,0.0576,0.0031,0.2473,0.0001,0.0723,0.1666,0.0002,0.2932,0.8571,0.1405,2.1333,9.3575,1.1416,12.8453,
338,0.0188,0.3288,0.7891,0.061,0.002,0.2701,0.0001,0.0844,0.1661,0.0002,0.2928,0.8987,0.1189,2.1714,9.0557,1.142,12.5729,
339,0.0191,0.2913,0.7949,0.0617,0.0045,0.3299,0.0001,0.0704,0.1667,0.0003,0.2902,0.9466,0.1365,2.2039,8.6789,1.1326,12.2178,
340,0.0182,0.2894,0.7901,0.0577,0.0032,0.2469,0.0001,0.0653,0.1563,0.0002,0.2648,0.8105,0.1181,2.0393,8.716,1.1345,12.0914,
341,0.0176,0.3217,0.7197,0.0518,0.0015,0.2411,0.0001,0.061,0.1498,0.0002,0.2688,0.784,0.1143,1.9696,8.6737,1.127,11.9701,
342,0.0193,0.291,0.7309,0.0663,0.0017,0.2841,0.0001,0.0684,0.1586,0.0002,0.2723,0.8701,0.1285,2.0512,8.6777,1.1329,12.0612,
343,0.0167,0.2992,0.767,0.0589,0.0036,0.3065,0.0001,0.0666,0.1558,0.0003,0.2685,0.8785,0.1167,2.0894,8.9666,1.1297,12.3836,
344,0.0183,0.2082,0.7358,0.0634,0.0066,0.2949,0.0001,0.0802,0.1474,0.0002,0.2868,0.9009,0.1384,2.0145,14.0959,1.9127,18.2277,
345,0.0189,0.3103,0.774,0.0557,0.0019,0.262,0.0001,0.0759,0.1546,0.0002,0.287,0.8575,0.1368,2.1125,9.5234,1.1361,12.9797,
346,0.0183,0.3494,0.7465,0.0572,0.0068,0.2495,0.0001,0.073,0.1591,0.0002,0.292,0.8593,0.1389,2.1235,8.7123,1.14,12.1754,
347,0.0185,0.2958,0.7507,0.0556,0.0032,0.2662,0.0001,0.0673,0.1513,0.0002,0.2763,0.8382,0.121,2.0391,8.6055,1.1233,11.9692,
348,0.0184,0.3685,0.7261,0.054,0.0039,0.2703,0.0001,0.0668,0.1657,0.0002,0.2995,0.8852,0.1147,2.1234,8.7105,1.1248,12.1604,
349,0.0178,0.2931,0.7589,0.0567,0.0016,0.2455,0.0001,0.0629,0.1538,0.0001,0.2682,0.7993,0.1174,1.9982,8.6248,1.1122,11.9341,
350,0.0189,0.2891,0.7223,0.0568,0.0039,0.2676,0.0001,0.0647,0.1569,0.0002,0.2822,0.8504,0.1282,2.0225,8.7533,1.102,12.0805,
351,0.0181,0.292,0.7944,0.0684,0.0024,0.2838,0.0001,0.0963,0.1645,0.0002,0.2776,0.9179,0.1238,2.1606,8.7341,1.1308,12.2249,
352,0.0175,0.2111,0.7639,0.0566,0.0018,0.2937,0.0001,0.067,0.1518,0.0002,0.2699,0.863,0.1392,2.0087,15.1041,2.008,19.2992,
353,0.0177,0.363,0.7584,0.0586,0.0026,0.2581,0.0001,0.0763,0.158,0.0001,0.268,0.8371,0.1232,2.1154,8.7961,1.1343,12.2598,
354,0.0228,0.2999,0.8062,0.0568,0.0024,0.2618,0.0001,0.069,0.1705,0.0003,0.3003,0.8825,0.1444,2.1743,8.7927,1.132,12.3013,
355,0.0181,0.3066,0.7324,0.0514,0.0015,0.2464,0.0001,0.0628,0.1533,0.0001,0.2769,0.8019,0.1221,1.9922,8.6976,1.1267,12.0149,
356,0.018,0.2291,0.7608,0.0611,0.0034,0.2788,0.0001,0.0886,0.1601,0.0001,0.2875,0.898,0.127,2.0479,8.7202,1.1447,12.113,
357,0.0184,0.2796,0.7704,0.0667,0.003,0.2623,0.0001,0.0737,0.1579,0.0001,0.2922,0.8729,0.1394,2.0934,9.0828,1.1278,12.5102,
358,0.0182,0.293,0.7663,0.059,0.0027,0.2561,0.0001,0.0804,0.1742,0.0003,0.3004,0.8977,0.1672,2.154,9.7001,1.8547,13.9219,
359,0.0178,0.3184,0.7784,0.0603,0.0031,0.2717,0.0001,0.0715,0.1589,0.0002,0.28,0.8713,0.1432,2.1468,10.8212,1.1363,14.3068,
360,0.0259,0.2065,0.7793,0.0567,0.0025,0.2843,0.0001,0.0757,0.1468,0.0003,0.2789,0.8668,0.1338,2.0298,14.2809,1.1326,17.6413,
361,0.0183,0.3121,0.7412,0.0597,0.0021,0.2562,0,0.0768,0.166,0.0002,0.2776,0.8583,0.1406,2.0863,8.6812,1.129,12.0982,
362,0.0206,0.3093,0.7726,0.059,0.0023,0.2589,0.0001,0.0686,0.1551,0.0003,0.2653,0.8285,0.1263,2.0757,8.6033,1.1129,11.9995,
363,0.018,0.2955,0.738,0.0585,0.0034,0.2578,0.0001,0.0638,0.1543,0.0001,0.2686,0.8252,0.1362,2.0255,8.7235,1.1259,12.0746,
364,0.018,0.2823,0.7787,0.0563,0.0054,0.2761,0.0001,0.0737,0.1714,0.0002,0.29,0.8999,0.1593,2.1521,8.9679,1.1229,12.443,
365,0.0182,0.2978,0.733,0.0682,0.0047,0.2877,0.0001,0.07,0.1558,0.0002,0.2732,0.8766,0.1334,2.0716,8.6243,1.3289,12.2275,
366,0.0179,0.2502,0.7732,0.057,0.002,0.273,0.0001,0.0699,0.1553,0.0002,0.2813,0.8528,0.1152,2.04,8.6869,1.1366,12.0624,
367,0.0189,0.2975,0.7547,0.0564,0.002,0.3014,0.0001,0.0788,0.1614,0.0001,0.2652,0.8812,0.1157,2.0794,8.7333,1.1291,12.1462,
368,0.0169,0.1055,0.7255,0.0542,0.0016,0.2367,0.0001,0.0731,0.1416,0.0002,0.2721,0.7909,0.1311,1.7795,12.2271,1.1259,15.3296,
369,0.0179,0.3048,0.7328,0.0578,0.0056,0.3133,0.0001,0.092,0.1656,0.0003,0.3031,0.9625,0.1408,2.1707,8.6884,1.1271,12.1855,
370,0.0186,0.3531,0.7431,0.0542,0.0029,0.2941,0.0001,0.065,0.1569,0.0001,0.2909,0.8775,0.1378,2.1413,9.2048,1.1421,12.6911,
371,0.0181,0.3298,0.7552,0.0515,0.0015,0.244,0.0001,0.0676,0.1592,0.0001,0.2812,0.8211,0.1351,2.0745,8.6395,1.121,12.0382,
372,0.0184,0.2928,0.7802,0.0534,0.0017,0.2486,0.0001,0.0749,0.1671,0.0003,0.2708,0.833,0.1239,2.062,12.8781,1.9431,17.0826,
373,0.0179,0.2888,0.7062,0.0538,0.0014,0.2389,0,0.0628,0.1572,0.0003,0.2837,0.8095,0.131,1.9596,11.0112,1.1161,14.2886,
374,0.0191,0.3429,0.7188,0.0518,0.0016,0.2333,0.0001,0.0779,0.1564,0.0002,0.2744,0.8053,0.1351,2.0315,11.3005,1.1234,14.6559,
375,0.0178,0.2864,0.7633,0.0579,0.0024,0.2459,0.0001,0.073,0.1507,0.0002,0.2677,0.8066,0.1217,2.0044,11.1591,1.1244,14.4883,
376,0.0186,0.2109,0.7212,0.0554,0.0015,0.2798,0.0001,0.0694,0.1475,0.0001,0.2544,0.8164,0.1306,1.9064,13.3628,1.8381,17.3007,
377,0.019,0.2456,0.7279,0.0537,0.0014,0.2456,0.0001,0.0882,0.1525,0.0002,0.273,0.8229,0.1233,1.945,10.3418,1.1502,13.6375,
378,0.0184,0.306,0.7202,0.0531,0.0014,0.2243,0,0.0631,0.1495,0.0001,0.2777,0.7771,0.1252,1.9572,12.545,1.1214,15.8228,
379,0.0182,0.3215,0.7477,0.0635,0.0036,0.2697,0.0001,0.0777,0.16,0.0003,0.3009,0.9026,0.1565,2.1578,8.8645,1.84,13.0755,
380,0.0186,0.2571,0.7585,0.0542,0.0017,0.2531,0.0002,0.0774,0.1563,0.0002,0.2722,0.831,0.1324,2.0134,9.8574,1.1155,13.1867,
381,0.0187,0.2827,0.7918,0.0562,0.0033,0.2571,0.0001,0.0849,0.1568,0.0003,0.2871,0.8652,0.1357,2.1074,10.5102,1.1257,13.9424,
382,0.0192,0.2803,0.7881,0.0635,0.0029,0.2528,0.0001,0.0792,0.1549,0.0001,0.2798,0.8435,0.1352,2.0766,10.4922,1.1168,13.8878,
383,0.0185,0.305,0.7804,0.0569,0.0019,0.2608,0.0001,0.0773,0.1637,0.0002,0.29,0.8685,0.1355,2.1223,11.1993,1.1148,14.6389,
384,0.0266,0.115,0.7533,0.057,0.0018,0.2602,0.0001,0.0844,0.1484,0.0002,0.2592,0.8309,0.1388,1.8812,12.562,1.7952,16.4467,
385,0.0188,0.2465,0.7482,0.0564,0.0021,0.2499,0.0001,0.0737,0.1488,0.0002,0.2705,0.8195,0.1345,1.9796,9.21,1.1458,12.5476,
386,0.019,0.3025,0.7623,0.0583,0.0018,0.2653,0,0.0735,0.1569,0.0002,0.2923,0.864,0.1383,2.1005,12.2811,1.1438,15.7349,
387,0.0171,0.3117,0.7516,0.056,0.0038,0.2879,0.0001,0.0632,0.1578,0.0001,0.2845,0.8619,0.1258,2.0792,9.9235,1.8132,14.0122,
388,0.0144,0.2911,0.6943,0.0568,0.0014,0.2377,0.0001,0.0667,0.1471,0.0001,0.2656,0.7837,0.1204,1.9115,8.8532,1.1277,12.0914,
389,0.0137,0.2285,0.704,0.0561,0.0014,0.286,0,0.0583,0.152,0.0001,0.2609,0.8225,0.1145,1.889,9.8131,1.1168,13.0202,
390,0.0136,0.2872,0.7319,0.0505,0.0024,0.2427,0.0001,0.0659,0.1541,0.0001,0.2903,0.8177,0.1335,1.9935,9.0475,1.1269,12.3678,
391,0.014,0.2912,0.8025,0.0709,0.0059,0.2707,0.0001,0.0871,0.1707,0.0003,0.2842,0.9166,0.1332,2.1744,10.2916,1.1214,13.7888,
392,0.0276,0.2029,0.8353,0.0587,0.0025,0.2576,0.0001,0.08,0.1466,0.0002,0.2914,0.8558,0.1465,2.0823,13.5754,1.8742,17.7504,
393,0.0166,0.3818,0.7415,0.0554,0.0015,0.2373,0.0001,0.0825,0.1592,0.0002,0.2748,0.8228,0.1248,2.0988,8.7568,1.1275,12.1821,
394,0.0173,0.2872,0.7795,0.0535,0.0039,0.2552,0.0001,0.0738,0.1548,0.0003,0.2769,0.8382,0.1292,2.0618,8.6256,1.1201,12.0073,
395,0.0188,0.3022,0.7408,0.0564,0.0034,0.2957,0.0001,0.0936,0.1639,0.0002,0.3005,0.9296,0.1377,2.14,13.9797,1.6629,17.9884,
396,0.0191,0.3792,0.7625,0.057,0.0027,0.2624,0.0001,0.0719,0.163,0.0002,0.2725,0.8445,0.1321,2.1481,13.6928,1.556,17.605,
397,0.0179,0.3,0.7254,0.0608,0.0036,0.2535,0.0001,0.0757,0.1527,0.0002,0.2776,0.8431,0.1328,2.0314,8.567,1.113,11.9113,
398,0.0179,0.3686,0.764,0.0577,0.0039,0.2594,0.0001,0.0904,0.1547,0.0002,0.2603,0.8441,0.1168,2.1221,10.7635,1.1101,14.1962,
399,0.0182,0.2915,0.7448,0.0548,0.0016,0.2632,0.0001,0.0858,0.1628,0.0002,0.2914,0.8798,0.1431,2.0903,8.9691,1.1214,12.3954,
400,0.0255,0.2022,0.7566,0.0566,0.0034,0.2684,0.0002,0.0695,0.153,0.0003,0.2775,0.8489,0.1363,1.9854,14.0226,1.1358,17.3627,
401,0.0205,0.3095,0.7662,0.0584,0.0024,0.2588,0.0001,0.0772,0.1547,0.0002,0.2874,0.8573,0.1267,2.0936,8.668,1.1172,12.0945,
402,0.0193,0.2976,0.7596,0.055,0.0019,0.2591,0.0001,0.0764,0.1565,0.0002,0.2761,0.8424,0.1275,2.0579,10.8226,1.1112,14.2003,
403,0.0188,0.3963,0.8166,0.0629,0.007,0.2538,0.0001,0.0869,0.1595,0.0003,0.3045,0.9014,0.1557,2.3056,9.3735,1.1123,12.9956,
404,0.0181,0.2975,0.7495,0.0558,0.0064,0.2695,0.0001,0.0727,0.1571,0.0002,0.2851,0.8671,0.1356,2.0821,9.6603,1.1161,13.0625,
405,0.0186,0.3192,0.8077,0.0544,0.0019,0.2508,0.0001,0.0896,0.1593,0.0002,0.2684,0.8441,0.1174,2.1203,11.5266,1.1165,14.9644,
406,0.0184,0.2938,0.7345,0.0512,0.0017,0.2586,0.0001,0.0748,0.1618,0.0002,0.3031,0.8702,0.1383,2.0726,8.6284,1.1072,12.0079,
407,0.0187,0.2917,0.7666,0.0576,0.0034,0.2525,0.0001,0.0689,0.1533,0.0002,0.2839,0.841,0.127,2.0565,8.6266,1.1135,11.9974,
408,0.0187,0.1199,0.7676,0.0617,0.0022,0.2489,0.0001,0.0817,0.1541,0.0001,0.2771,0.8443,0.1254,1.8928,11.2534,1.1135,14.4696,
409,0.0182,0.2525,0.7557,0.0609,0.0025,0.2522,0.0002,0.0673,0.1537,0.0001,0.2669,0.822,0.135,1.9977,8.6974,1.1188,12.0233,
410,0.0204,0.3875,0.7406,0.0626,0.0016,0.2609,0.0001,0.0684,0.153,0.0002,0.2704,0.8386,0.1209,2.1185,8.6697,1.1225,12.1177,
411,0.0187,0.281,0.7418,0.056,0.002,0.2532,0.0001,0.0658,0.1571,0.0002,0.2652,0.813,0.119,1.9863,9.0191,1.107,12.3129,
412,0.0146,0.2238,0.7232,0.0533,0.0014,0.2364,0.0001,0.063,0.157,0.0001,0.2751,0.7954,0.1372,1.9001,8.5972,1.1149,11.8144,
413,0.0143,0.2256,0.697,0.0541,0.0014,0.2441,0,0.0606,0.1521,0.0002,0.2677,0.789,0.1265,1.8589,13.1063,1.1195,16.2893,
414,0.0139,0.316,0.7798,0.0603,0.0041,0.2568,0.0001,0.0882,0.1611,0.0003,0.2944,0.8867,0.1463,2.1563,12.9859,1.8728,17.2225,
415,0.019,0.303,0.7472,0.0551,0.0017,0.2416,0.0001,0.076,0.1558,0.0002,0.272,0.8204,0.128,2.0316,13.8578,1.7048,17.8012,
416,0.0263,0.2793,0.7762,0.0547,0.0021,0.2438,0.0001,0.066,0.1563,0.0002,0.2747,0.8188,0.1482,2.0689,15.0192,1.8218,19.122,
417,0.0167,0.3199,0.754,0.055,0.0015,0.235,0.0001,0.06,0.1524,0.0001,0.2699,0.7832,0.113,1.9985,9.1882,1.1114,12.4973,
418,0.0231,0.3688,0.8073,0.0569,0.0034,0.273,0.0001,0.0895,0.158,0.0002,0.3063,0.9098,0.1583,2.2849,9.7767,1.9472,14.2169,
419,0.0188,0.3107,0.8146,0.0589,0.0016,0.2575,0.0001,0.0722,0.1511,0.0001,0.2773,0.8283,0.139,2.1223,9.3992,1.1108,12.8238,
420,0.0189,0.2972,0.8043,0.0586,0.0034,0.2378,0.0001,0.0761,0.1544,0.0002,0.2724,0.8137,0.1323,2.0802,8.6161,1.1084,12.0087,
421,0.0181,0.3554,0.7139,0.0477,0.0015,0.2409,0.0001,0.0622,0.1472,0.0002,0.27,0.7795,0.1149,1.9915,8.6061,1.1089,11.9054,
422,0.016,0.3041,0.7595,0.0582,0.0041,0.2686,0.0001,0.0772,0.1582,0.0002,0.2825,0.8723,0.119,2.0858,8.5976,1.1045,11.9914,
423,0.0148,0.3005,0.7527,0.0581,0.0017,0.2513,0.0001,0.0659,0.1502,0.0002,0.2824,0.8274,0.1253,2.0359,8.543,1.0996,11.8792,
424,0.0325,0.1153,0.7431,0.0459,0.0022,0.2539,0.0001,0.0754,0.1498,0.0002,0.2749,0.8233,0.1338,1.8624,12.6876,1.4921,16.263,
425,0.0184,0.3736,0.7683,0.0604,0.0036,0.2578,0.0001,0.0753,0.1504,0.0002,0.2937,0.8615,0.1346,2.1676,10.1054,1.1088,13.5906,
426,0.0187,0.3041,0.77,0.0591,0.0022,0.2477,0.0001,0.074,0.1608,0.0002,0.2705,0.8363,0.1284,2.0691,8.572,1.1057,11.9476,
427,0.019,0.3001,0.7474,0.0552,0.0018,0.2681,0.0001,0.0675,0.1528,0.0002,0.2702,0.8352,0.1235,2.0375,8.8081,1.1171,12.1643,
428,0.0191,0.4269,0.7433,0.0532,0.0053,0.2474,0.0001,0.0663,0.1527,0.0001,0.2639,0.8074,0.1172,2.1276,8.5677,1.1015,11.9978,
429,0.0186,0.3,0.7233,0.0552,0.0017,0.2538,0.0001,0.065,0.152,0.0001,0.266,0.8108,0.1155,1.9803,8.5256,1.103,11.8091,
430,0.0186,0.2826,0.7604,0.0557,0.0015,0.2425,0.0001,0.0625,0.1475,0.0001,0.2681,0.7876,0.1125,1.9743,8.5733,1.1064,11.8579,
431,0.0181,0.2968,0.7223,0.0548,0.0017,0.2443,0.0001,0.0725,0.1487,0.0002,0.2641,0.7959,0.1182,1.9612,8.7769,1.0855,12.0238,
432,0.0182,0.2082,0.7161,0.0488,0.0064,0.3067,0.0001,0.0748,0.1465,0.0002,0.2552,0.8519,0.1251,1.9292,10.6348,1.1119,13.8651,
433,0.0196,0.247,0.7418,0.0573,0.0022,0.254,0.0001,0.085,0.15,0.0002,0.2744,0.8411,0.135,1.9969,8.6203,1.1039,11.9359,
434,0.0199,0.3184,0.7222,0.0539,0.0014,0.2471,0.0001,0.0749,0.1511,0.0002,0.2634,0.8018,0.1183,1.9915,10.698,1.0893,13.9867,
435,0.0182,0.3478,0.7352,0.0523,0.0016,0.2424,0.0001,0.0801,0.1655,0.0002,0.2776,0.8311,0.1246,2.0654,8.5702,1.1101,11.9439,
436,0.0183,0.278,0.7332,0.0529,0.0016,0.2369,0,0.06,0.1466,0.0001,0.2647,0.7727,0.1113,1.9221,8.5882,1.109,11.819,
437,0.0179,0.2294,0.7449,0.057,0.0024,0.2561,0.0002,0.0631,0.1488,0.0002,0.2711,0.8125,0.1142,1.9275,8.5772,1.1017,11.8097,
438,0.019,0.2866,0.754,0.0692,0.0077,0.2683,0.0001,0.0757,0.1561,0.0002,0.2838,0.8858,0.1311,2.0934,8.6088,1.0924,11.9973,
439,0.0184,0.2969,0.75,0.0523,0.0029,0.2439,0.0001,0.0795,0.1546,0.0003,0.2917,0.8433,0.1428,2.0683,8.6097,1.0994,11.9861,
440,0.0173,0.1088,0.7214,0.0561,0.0014,0.2382,0.0001,0.0735,0.1384,0.0002,0.2789,0.7952,0.1252,1.7754,13.4568,1.5801,16.998,
441,0.0187,0.2973,0.7501,0.0638,0.0021,0.2384,0.0001,0.0736,0.1491,0.0003,0.2784,0.8207,0.1336,2.0333,8.51,1.1019,11.8439,
442,0.0181,0.2904,0.7601,0.0578,0.0038,0.3008,0.0001,0.0668,0.1509,0.0002,0.2715,0.8749,0.1199,2.075,8.5376,1.099,11.9121,
443,0.0224,0.277,0.7675,0.0587,0.0042,0.3004,0.0001,0.0845,0.1591,0.0002,0.2773,0.904,0.122,2.1048,8.4184,1.0773,11.8004,
444,0.0186,0.3783,0.766,0.0685,0.0031,0.2623,0.0001,0.0665,0.1574,0.0002,0.2736,0.8563,0.1392,2.1765,9.062,1.1,12.5393,
445,0.0172,0.3724,0.7522,0.0557,0.0015,0.2455,0.0001,0.07,0.153,0.0002,0.2698,0.8048,0.1323,2.0887,8.5759,1.0943,11.9592,
446,0.0146,0.3213,0.7675,0.0528,0.0035,0.2536,0.0001,0.0667,0.1505,0.0001,0.2813,0.8282,0.1347,2.0764,8.5431,1.1012,11.9205,
447,0.0141,0.2862,0.7443,0.0615,0.0034,0.2535,0.0001,0.0712,0.149,0.0002,0.2722,0.8308,0.119,2.0062,12.8649,1.5956,16.6665,
448,0.0286,0.202,0.746,0.0622,0.0023,0.2412,0.0001,0.0627,0.1491,0.0002,0.2734,0.8134,0.1255,1.9278,13.2066,1.5738,16.933,
449,0.0186,0.3344,0.7717,0.0548,0.0018,0.2504,0.0001,0.0678,0.1546,0.0002,0.2814,0.8275,0.1268,2.0935,9.5378,1.0767,12.9136,
450,0.0186,0.2959,0.7297,0.0528,0.0031,0.2489,0.0001,0.0629,0.1492,0.0002,0.2695,0.8045,0.126,1.9862,8.4244,1.0795,11.6899,
451,0.0184,0.4672,0.7472,0.0644,0.0014,0.2351,0.0001,0.0682,0.147,0.0001,0.2647,0.7906,0.1292,2.1662,8.5066,1.1003,11.975,
452,0.0188,0.3615,0.7657,0.0596,0.0068,0.2599,0.0001,0.0669,0.1615,0.0002,0.2875,0.8681,0.1358,2.1649,8.4959,1.0935,11.9545,
453,0.0196,0.2918,0.7408,0.0562,0.0034,0.239,0.0001,0.0741,0.1712,0.0002,0.2825,0.8468,0.1277,2.0396,9.1349,1.1108,12.4894,
454,0.0195,0.3198,0.7647,0.0521,0.002,0.257,0.0001,0.0714,0.1496,0.0003,0.2781,0.8292,0.1355,2.0826,11.5979,1.1046,14.9862,
455,0.0188,0.2875,0.7543,0.0577,0.0052,0.2613,0.0001,0.0844,0.1583,0.0002,0.2862,0.8743,0.1371,2.082,8.4475,1.0845,11.8166,
456,0.0245,0.2068,0.7323,0.0718,0.002,0.246,0,0.067,0.1453,0.0002,0.2839,0.8344,0.1351,1.9486,11.4354,1.4048,15.0084,
457,0.0219,0.3463,0.7468,0.0592,0.0022,0.293,0.0001,0.0688,0.1533,0.0002,0.2736,0.8681,0.1296,2.1249,8.6299,1.1135,12.0806,
458,0.0184,0.2952,0.729,0.0572,0.003,0.31,0.0001,0.0643,0.1532,0.0002,0.2617,0.868,0.1212,2.0441,8.5707,1.0938,11.9083,
459,0.0189,0.2799,0.7689,0.0599,0.002,0.2725,0.0002,0.0865,0.1602,0.0003,0.2795,0.8912,0.1228,2.0951,11.6267,1.4641,15.3928,
460,0.0199,0.3736,0.7863,0.0565,0.0019,0.2694,0.0001,0.0936,0.164,0.0002,0.2746,0.876,0.1254,2.1921,12.4203,1.2996,16.1158,
461,0.0214,0.3109,0.8484,0.0575,0.0024,0.2793,0.0001,0.1043,0.1613,0.0002,0.2778,0.9097,0.1371,2.2469,11.762,1.9305,16.1512,
462,0.0239,0.305,0.802,0.0636,0.0025,0.274,0.0001,0.0794,0.1639,0.0002,0.2758,0.8811,0.1426,2.1702,12.3527,1.8768,16.6239,
463,0.0185,0.3121,0.8131,0.0558,0.0017,0.27,0.0001,0.0673,0.1632,0.0002,0.3191,0.8874,0.1177,2.1639,12.3725,1.3952,16.1498,
464,0.0177,0.2147,0.7447,0.0562,0.0033,0.2448,0.0001,0.0787,0.1543,0.0002,0.277,0.8337,0.1273,1.9536,13.0272,1.9504,17.1134,
465,0.0201,0.2649,0.7567,0.0578,0.0022,0.2445,0.0001,0.0741,0.153,0.0001,0.2828,0.8311,0.1351,2.0194,14.2138,2.0338,18.4806,
466,0.0167,0.323,0.7732,0.0679,0.0033,0.315,0.0002,0.0817,0.153,0.0002,0.2885,0.9425,0.13,2.2044,11.1641,1.2276,14.7994,
467,0.0175,0.3392,0.8023,0.0591,0.0053,0.2733,0.0001,0.0899,0.1633,0.0002,0.2898,0.9051,0.1121,2.1911,12.4119,1.9699,16.7855,
468,0.0163,0.3216,0.7542,0.0642,0.0038,0.2573,0.0001,0.0809,0.158,0.0001,0.2886,0.8732,0.1225,2.1023,12.8724,1.6589,16.8362,
469,0.0137,0.3104,0.8114,0.062,0.0062,0.2889,0.0002,0.0979,0.1648,0.0002,0.3072,0.9521,0.1593,2.264,13.5037,1.8488,17.8251,
470,0.0179,0.3745,0.7737,0.0517,0.0028,0.2709,0.0002,0.0741,0.1671,0.0002,0.3193,0.9151,0.1504,2.2507,12.9314,1.8871,17.2736,
471,0.0189,0.3348,0.8361,0.068,0.0029,0.2784,0.0002,0.0857,0.1677,0.0002,0.2884,0.9179,0.1322,2.2561,12.9454,1.5265,16.9243,
472,0.0176,0.1218,0.7614,0.0582,0.0019,0.2531,0.0001,0.0808,0.1461,0.0003,0.2883,0.8474,0.1283,1.8944,13.5089,1.3713,16.9678,
473,0.0198,0.3249,0.7649,0.0596,0.0022,0.2602,0.0001,0.0744,0.1559,0.0002,0.2905,0.859,0.1242,2.106,10.853,2.0785,15.2465,
474,0.0204,0.3074,0.732,0.0541,0.0019,0.2938,0.0001,0.0747,0.1528,0.0002,0.2733,0.869,0.1352,2.0777,13.9125,1.8828,18.0778,
475,0.0184,0.3594,0.7671,0.0623,0.0047,0.2564,0.0001,0.0681,0.154,0.0002,0.2996,0.8632,0.1365,2.1589,11.6899,1.6227,15.6765,
476,0.0186,0.3095,0.7827,0.0569,0.0032,0.2482,0.0001,0.0763,0.1475,0.0002,0.2988,0.8471,0.1681,2.1402,11.3836,1.4931,15.2178,
477,0.0207,0.398,0.8042,0.0652,0.0046,0.2649,0.0002,0.0845,0.1527,0.0002,0.2867,0.8816,0.1341,2.2581,12.625,1.5549,16.6448,
478,0.0188,0.3225,0.8517,0.0575,0.0025,0.2564,0.0001,0.0759,0.1539,0.0002,0.2683,0.8281,0.1169,2.1524,12.9521,1.3934,16.702,
479,0.0181,0.3697,0.7879,0.0604,0.0022,0.3249,0.0001,0.0881,0.1626,0.0002,0.2987,0.9606,0.1518,2.3077,12.0711,1.628,16.2116,
480,0.0261,0.1164,0.773,0.0558,0.0018,0.29,0.0001,0.0731,0.1437,0.0002,0.2848,0.866,0.1426,1.9409,13.4091,1.0889,16.6414,
481,0.0188,0.2527,0.7582,0.057,0.0025,0.2549,0.0001,0.0792,0.1554,0.0002,0.2756,0.8388,0.1401,2.0226,11.6347,1.6081,15.4753,
482,0.0197,0.3597,0.8329,0.0645,0.0025,0.3154,0.0001,0.0969,0.1753,0.0001,0.3042,0.9829,0.155,2.3656,13.6539,1.0992,17.3128,
483,0.0187,0.3233,0.7809,0.058,0.0025,0.2576,0.0001,0.0723,0.1522,0.0002,0.2724,0.8293,0.1204,2.0852,14.6043,1.9336,18.8279,
484,0.0191,0.3811,0.7514,0.0536,0.0019,0.2499,0.0001,0.0784,0.1534,0.0002,0.2846,0.8341,0.1331,2.131,11.8472,1.838,16.0159,
485,0.016,0.2463,0.7445,0.0592,0.0017,0.3034,0.0001,0.0805,0.158,0.0002,0.2827,0.9005,0.1437,2.0656,8.8772,1.0809,12.2259,
486,0.0154,0.2989,0.8341,0.0615,0.0048,0.2858,0.0001,0.0941,0.164,0.0002,0.2825,0.9198,0.1446,2.2262,12.9391,1.6174,16.9932,
487,0.0173,0.2622,0.7506,0.0502,0.0016,0.2731,0,0.0794,0.1544,0.0002,0.2675,0.8351,0.1414,2.0145,9.4585,1.1014,12.7791,
488,0.0168,0.2077,0.7697,0.0556,0.0031,0.285,0,0.0757,0.1391,0.0002,0.2734,0.8425,0.1228,1.9736,11.3152,1.0882,14.5581,
489,0.017,0.2628,0.7455,0.0663,0.0023,0.2542,0.0001,0.0653,0.1556,0.0002,0.2724,0.8329,0.1391,2.0122,8.6176,1.0742,11.9168,
490,0.0205,0.4509,0.7784,0.0573,0.0032,0.2573,0.0001,0.0687,0.1575,0.0001,0.2767,0.84,0.1559,2.26,14.2632,1.0661,17.7971,
491,0.0184,0.3414,0.8203,0.0599,0.0024,0.321,0.0001,0.0679,0.168,0.0002,0.2905,0.9324,0.1258,2.2551,8.5225,1.2483,12.2347,
492,0.0184,0.3055,0.7661,0.0574,0.0016,0.254,0.0001,0.0661,0.1561,0.0002,0.2726,0.8178,0.1184,2.0385,8.3697,1.0576,11.665,
493,0.0178,0.2827,0.7461,0.0579,0.0031,0.2581,0.0001,0.0976,0.1635,0.0002,0.2741,0.8796,0.1269,2.068,8.3667,1.0503,11.6862,
494,0.0185,0.2906,0.7874,0.0596,0.0029,0.276,0.0001,0.0728,0.1637,0.0002,0.284,0.8857,0.1332,2.1297,8.5501,1.0576,11.9409,
495,0.0178,0.2461,0.7364,0.0532,0.0025,0.2673,0.0002,0.0697,0.1594,0.0002,0.292,0.8658,0.1283,2.0131,10.2029,1.0583,13.4788,
496,0.0289,0.1162,0.7592,0.0596,0.0019,0.2477,0.0001,0.068,0.1436,0.0002,0.2784,0.8186,0.1298,1.8694,11.5996,1.5315,15.2116,
497,0.0172,0.3111,0.806,0.0694,0.0019,0.3478,0.0001,0.0815,0.1624,0.0002,0.2892,0.9695,0.1283,2.247,11.3899,1.1123,14.9565,
498,0.0185,0.3249,0.7741,0.0534,0.0034,0.2592,0.0001,0.0733,0.1509,0.0002,0.2837,0.8428,0.1353,2.108,8.4484,1.0749,11.8366,
499,0.0189,0.2851,0.787,0.0715,0.0037,0.3117,0.0001,0.0899,0.1527,0.0002,0.2678,0.9283,0.1222,2.1523,8.5016,1.0702,11.9248,
500,0.0185,0.3164,0.7267,0.0519,0.0016,0.3014,0,0.0664,0.1481,0.0002,0.2718,0.8556,0.114,2.0396,8.6242,1.0711,11.9339,
501,0.0179,0.2924,0.7479,0.0539,0.0016,0.2509,0.0001,0.0657,0.1468,0.0002,0.275,0.8044,0.1181,1.9906,8.4504,1.075,11.7158,
502,0.0184,0.3029,0.8162,0.0534,0.0016,0.2587,0.0001,0.0835,0.1525,0.0002,0.2672,0.8266,0.1277,2.1041,8.5355,1.0522,11.8924,
503,0.0184,0.2979,0.7659,0.0535,0.0039,0.3121,0.0001,0.0717,0.1532,0.0001,0.2722,0.8801,0.1312,2.1034,8.5811,1.0645,11.9471,
504,0.0171,0.2422,0.7347,0.0545,0.0015,0.2268,0.0001,0.066,0.1415,0.0001,0.284,0.7873,0.1372,1.9274,9.4539,1.0834,12.6482,
505,0.0184,0.2504,0.7537,0.0573,0.0016,0.2529,0.0001,0.0657,0.1491,0.0002,0.2823,0.8199,0.1333,1.987,13.7992,1.0647,17.0561,
506,0.0185,0.3116,0.7917,0.0674,0.0056,0.2768,0.0001,0.0722,0.1581,0.0003,0.2858,0.8936,0.139,2.1693,8.5966,1.0606,12.0308,
507,0.0179,0.3049,0.8049,0.0689,0.0024,0.2757,0.0001,0.0882,0.1617,0.0002,0.3005,0.9224,0.1546,2.2231,8.5543,1.0556,12.0354,
508,0.018,0.3143,0.75,0.0465,0.0028,0.3087,0.0001,0.0737,0.1517,0.0002,0.2776,0.8784,0.1341,2.1087,8.8222,1.0561,12.1935,
509,0.0186,0.298,0.771,0.054,0.0034,0.2738,0.0001,0.0778,0.1615,0.0003,0.279,0.8712,0.1306,2.1016,8.3978,1.0586,11.7596,
510,0.0185,0.2359,0.7643,0.0669,0.0034,0.2562,0.0001,0.0716,0.1522,0.0001,0.2691,0.8381,0.1226,1.9952,12.2192,1.0444,15.4627,
511,0.0184,0.3652,0.7721,0.0575,0.0034,0.2644,0.0001,0.0901,0.1623,0.0002,0.2821,0.884,0.1835,2.2383,8.5524,1.0359,12.0313,
512,0.0185,0.2079,0.7687,0.0545,0.0064,0.3027,0.0001,0.0739,0.1459,0.0002,0.2833,0.8885,0.1405,2.0406,10.4906,1.0505,13.7832,
513,0.0177,0.2504,0.7557,0.062,0.0023,0.255,0.0001,0.0687,0.1532,0.0002,0.2906,0.8512,0.1376,2.0236,8.4725,1.0658,11.775,
514,0.0179,0.2943,0.7493,0.0599,0.0026,0.3213,0.0001,0.0921,0.1592,0.0002,0.2734,0.9254,0.1356,2.1334,9.367,1.0499,12.7565,
515,0.0174,0.2895,0.7684,0.064,0.0028,0.3195,0.0001,0.0867,0.154,0.0002,0.2688,0.9157,0.1352,2.1402,8.3683,1.0571,11.7652,
516,0.0186,0.3725,0.748,0.0588,0.0031,0.3115,0.0001,0.0668,0.1551,0.0002,0.2648,0.8783,0.1169,2.1463,9.1123,1.0602,12.5238,
517,0.0186,0.3817,0.7756,0.0599,0.0021,0.2699,0.0001,0.076,0.1566,0.0002,0.276,0.8621,0.1379,2.1898,8.5225,1.048,11.9626,
518,0.0177,0.3243,0.7828,0.0583,0.0029,0.3201,0.0001,0.0766,0.1549,0.0002,0.2845,0.9207,0.1445,2.2027,9.3439,1.0484,12.8016,
519,0.0177,0.3226,0.7922,0.0608,0.0037,0.3571,0.0001,0.0921,0.1508,0.0003,0.2804,0.9673,0.1255,2.2407,8.2715,1.0331,11.7445,
