0,0.0347,0.1689,0.3704,0.369,0.1557,0.1977,0.1625,0.5253,0.0002,0.0002,0.0876,0.2237,1.766,1.8053,5.128,0.4535,7.4876,
1,0.0292,0.3295,0.3745,0.3206,0.1659,0.2171,0.1671,0.5531,0.0002,0.0002,0.0766,0.2035,1.8662,1.8984,2.9251,0.4588,5.4026,
2,0.0309,0.3225,0.3512,0.3067,0.1675,0.2152,0.1695,0.5554,0.0002,0.0001,0.0759,0.1892,1.8115,1.8456,3.4553,0.4585,5.8785,
3,0.0309,0.3105,0.3536,0.3085,0.1604,0.1706,0.168,0.5019,0.0002,0.0002,0.0664,0.1897,1.7393,1.7729,2.8943,0.4576,5.2369,
4,0.0308,0.2954,0.3393,0.3063,0.161,0.1692,0.1693,0.5026,0.0002,0.0001,0.0727,0.1955,1.7194,1.7528,2.9039,0.4593,5.2279,
5,0.0302,0.3019,0.3423,0.3028,0.1611,0.1713,0.1718,0.5091,0.0002,0.0002,0.0813,0.2117,1.7573,1.7902,2.903,0.4562,5.2621,
6,0.032,0.2993,0.3477,0.3161,0.1575,0.1665,0.1679,0.495,0.0001,0.0002,0.0768,0.191,1.7337,1.7683,2.8833,0.5405,5.3039,
7,0.0304,0.2961,0.3444,0.2974,0.1936,0.2219,0.1949,0.6132,0.0002,0.0002,0.0802,0.2163,1.8639,1.8977,2.978,0.5444,5.5521,
8,0.0294,0.2063,0.3668,0.343,0.1828,0.2173,0.1845,0.5879,0.0002,0.0002,0.0769,0.1865,1.7827,1.816,5.4481,0.8212,8.2059,
9,0.0302,0.3236,0.3664,0.3197,0.1763,0.1726,0.1838,0.5359,0.0002,0.0001,0.0774,0.2118,1.8438,1.8769,2.9477,0.5269,5.4772,
10,0.031,0.3122,0.3525,0.2983,0.1923,0.2185,0.1963,0.61,0.0002,0.0002,0.0664,0.1902,1.8397,1.8734,2.9358,0.5273,5.4562,
11,0.0316,0.2968,0.3468,0.2993,0.1982,0.2193,0.2037,0.6242,0.0002,0.0001,0.0782,0.1989,1.853,1.8873,2.9468,0.5245,5.4816,
12,0.0321,0.3036,0.3503,0.301,0.1915,0.1683,0.199,0.5623,0.0001,0.0001,0.0762,0.2019,1.8054,1.8401,2.9777,0.5349,5.4733,
13,0.0299,0.2987,0.3479,0.3021,0.1877,0.211,0.1994,0.6011,0.0002,0.0001,0.0772,0.195,1.8304,1.8631,3.0662,0.553,5.6037,
14,0.0294,0.3056,0.3654,0.3067,0.1933,0.2105,0.1997,0.6065,0.0001,0.0001,0.0653,0.1875,1.8468,1.879,3.0624,0.5451,5.6072,
15,0.0293,0.3087,0.3484,0.3084,0.189,0.2129,0.1973,0.6022,0.0002,0.0002,0.0776,0.2019,1.8565,1.8886,3.1347,0.556,5.6991,
16,0.0313,0.168,0.3688,0.3324,0.1907,0.2256,0.234,0.6546,0.0001,0.0002,0.0784,0.2006,1.8145,1.8491,4.2995,0.5535,6.8301,
17,0.0307,0.3166,0.3763,0.3367,0.1955,0.1937,0.2009,0.5979,0.0003,0.0001,0.0823,0.2009,1.9306,1.9649,3.299,0.5376,5.9329,
18,0.0305,0.3184,0.3657,0.3299,0.1877,0.2334,0.1978,0.6261,0.0003,0.0002,0.0796,0.2093,1.9459,1.9797,3.3001,0.5418,5.9505,
19,0.0306,0.3366,0.3615,0.3286,0.1887,0.2379,0.1983,0.6326,0.0002,0.0002,0.0717,0.2173,1.9645,1.9982,3.3155,0.5367,5.9785,
20,0.0303,0.3049,0.3655,0.3369,0.2096,0.2349,0.2227,0.6771,0.0003,0.0002,0.0851,0.2097,1.9947,2.0282,3.3793,0.5411,6.079,
21,0.0311,0.3059,0.3937,0.3321,0.2184,0.2374,0.2287,0.692,0.0002,0.0001,0.0878,0.2083,2.0391,2.0733,3.3266,0.5346,6.0587,
22,0.0289,0.308,0.3753,0.3275,0.2176,0.2289,0.2272,0.6832,0.0003,0.0001,0.0848,0.2021,1.9989,2.0308,3.4248,0.5414,6.1184,
23,0.0295,0.3049,0.3729,0.3311,0.2139,0.1841,0.221,0.6252,0.0002,0.0002,0.0786,0.2045,1.9347,1.9673,3.3525,0.5543,5.9956,
24,0.0316,0.1706,0.3631,0.3304,0.2007,0.2408,0.2081,0.6556,0.0002,0.0001,0.1006,0.3143,1.9522,1.9885,4.5975,0.5504,7.2602,
25,0.03,0.321,0.3718,0.3264,0.2164,0.2196,0.2246,0.6639,0.0001,0.0002,0.0779,0.2161,1.9958,2.029,3.5719,0.5506,6.2764,
26,0.0303,0.3241,0.3649,0.3376,0.2089,0.1971,0.22,0.6343,0.0003,0.0001,0.0873,0.2088,1.9762,2.0094,3.8844,0.5499,6.5712,
27,0.0299,0.3085,0.3615,0.3176,0.2093,0.2128,0.2148,0.6401,0.0002,0.0001,0.077,0.2044,1.9242,1.9572,3.877,0.5583,6.5145,
28,0.0294,0.3048,0.361,0.3313,0.2204,0.2334,0.2372,0.7013,0.0003,0.0002,0.0831,0.2069,2.0088,2.0412,3.6042,0.5549,6.3213,
29,0.0302,0.3114,0.3636,0.3118,0.2159,0.2131,0.2229,0.6548,0.0002,0.0001,0.0701,0.203,1.9259,1.959,3.6326,0.5708,6.2828,
30,0.03,0.3052,0.354,0.3068,0.2238,0.2117,0.228,0.6664,0.0002,0.0002,0.076,0.2011,1.9194,1.9522,3.713,0.5385,6.3243,
31,0.0315,0.3067,0.3435,0.2979,0.2193,0.1674,0.226,0.6156,0.0002,0.0001,0.0761,0.2024,1.8518,1.886,3.7096,0.536,6.251,
32,0.0311,0.1793,0.3583,0.3112,0.212,0.2635,0.2221,0.7024,0.0002,0.0001,0.0699,0.3227,1.9552,1.9905,6.7746,0.5715,9.4594,
33,0.0294,0.3197,0.3689,0.3323,0.2165,0.2401,0.2307,0.6978,0.0002,0.0002,0.0856,0.2118,2.0327,2.0653,3.9413,0.5507,6.721,
34,0.0297,0.3172,0.3558,0.31,0.2193,0.2201,0.2265,0.669,0.0002,0.0002,0.0647,0.2031,1.9284,1.9608,3.9364,0.5454,6.5629,
35,0.0319,0.3101,0.3647,0.3162,0.2205,0.2164,0.2292,0.6694,0.0002,0.0001,0.0746,0.2046,1.9518,1.9866,4.4655,0.562,7.134,
36,0.0301,0.3217,0.3577,0.3075,0.2135,0.211,0.2263,0.654,0.0002,0.0002,0.078,0.2222,1.9528,1.9857,4.0381,0.5505,6.6966,
37,0.0299,0.3021,0.3506,0.3065,0.2135,0.219,0.2241,0.6596,0.0001,0.0002,0.0756,0.2089,1.9132,1.9459,4.0599,0.552,6.6795,
38,0.0295,0.3037,0.3516,0.3051,0.2132,0.2084,0.2204,0.6448,0.0002,0.0001,0.0744,0.2043,1.8931,1.9254,4.0654,0.5568,6.6652,
39,0.0305,0.3089,0.3564,0.3109,0.2149,0.202,0.2239,0.6439,0.0001,0.0002,0.0771,0.2023,1.9078,1.9411,4.1798,0.5656,6.8084,
40,0.0302,0.172,0.3552,0.3536,0.1996,0.2171,0.2166,0.6365,0.0002,0.0002,0.0798,0.2603,1.8736,1.9083,7.0019,0.5669,9.5943,
41,0.0298,0.3267,0.3697,0.3382,0.2157,0.2257,0.235,0.6847,0.0003,0.0002,0.0747,0.2118,2.0246,2.0574,4.2888,0.5638,7.0317,
42,0.0295,0.314,0.3821,0.3167,0.2168,0.2148,0.2285,0.6631,0.0002,0.0001,0.0748,0.2045,1.9695,2.0021,4.2628,0.5687,6.952,
43,0.0296,0.3104,0.3492,0.3009,0.2123,0.2093,0.2203,0.6448,0.0001,0.0001,0.0696,0.2061,1.889,1.9212,4.3298,0.5738,6.942,
44,0.0292,0.3058,0.3652,0.3063,0.2167,0.2145,0.2241,0.6587,0.0002,0.0001,0.0748,0.206,1.9294,1.9615,4.4449,1.0794,7.6014,
45,0.0312,0.3215,0.3583,0.3039,0.2146,0.2113,0.2282,0.657,0.0002,0.0001,0.0672,0.2052,1.9218,1.9558,7.6505,0.5806,10.3021,
46,0.03,0.2979,0.348,0.3038,0.212,0.2125,0.2208,0.6483,0.0002,0.0001,0.0654,0.2079,1.881,1.9139,7.0719,0.5888,9.6929,
47,0.0293,0.3121,0.3746,0.35,0.2212,0.2313,0.2316,0.6924,0.0003,0.0001,0.0857,0.2085,2.0426,2.075,4.4446,0.5878,7.222,
48,0.0312,0.2696,0.366,0.3814,0.2147,0.2515,0.23,0.7038,0.0003,0.0002,0.0741,0.2167,2.0314,2.067,5.912,0.5961,8.6985,
49,0.0305,0.3381,0.3857,0.3337,0.222,0.2323,0.2342,0.6962,0.0003,0.0002,0.0835,0.2156,2.0703,2.1043,6.7432,0.6062,9.5764,
50,0.0302,0.3181,0.3767,0.338,0.2252,0.2393,0.2304,0.7015,0.0002,0.0002,0.066,0.2157,2.0313,2.0647,5.0633,1.0744,8.3265,
51,0.0298,0.3165,0.3668,0.3346,0.2238,0.225,0.2377,0.6945,0.0003,0.0002,0.0714,0.2237,2.0261,2.059,5.3271,0.6032,8.1064,
52,0.0295,0.306,0.3658,0.3393,0.2207,0.2232,0.2378,0.6892,0.0002,0.0002,0.0776,0.213,2.0086,2.0411,6.7528,0.601,9.5119,
53,0.0291,0.3127,0.3669,0.3356,0.2183,0.2249,0.2352,0.6866,0.0003,0.0002,0.0833,0.2108,2.0138,2.0459,4.5243,0.6194,7.3068,
54,0.0294,0.3156,0.3651,0.3375,0.2236,0.2311,0.2367,0.6999,0.0002,0.0002,0.0705,0.2038,2.008,2.0405,7.0008,0.9334,10.0941,
55,0.0305,0.316,0.368,0.324,0.221,0.2339,0.2359,0.6994,0.0002,0.0001,0.0834,0.2054,2.0122,2.0459,7.4252,1.1016,10.6921,
56,0.0294,0.2003,0.3694,0.3378,0.2066,0.2352,0.2219,0.6721,0.0003,0.0002,0.0741,0.2083,1.8797,1.9138,6.7416,0.6127,9.386,
57,0.0303,0.3392,0.3921,0.3509,0.2181,0.2437,0.2279,0.6955,0.0002,0.0002,0.0772,0.2354,2.1111,2.1447,4.9952,0.6155,7.8782,
58,0.0306,0.3125,0.3742,0.3344,0.2171,0.2378,0.228,0.689,0.0002,0.0002,0.0837,0.2166,2.0277,2.0616,5.06,0.6228,7.869,
59,0.0299,0.3116,0.3648,0.3348,0.2151,0.2262,0.2317,0.6813,0.0002,0.0001,0.0746,0.2087,1.9899,2.0227,4.6273,0.6311,7.4014,
60,0.0293,0.3042,0.3663,0.3314,0.2129,0.2164,0.2283,0.6608,0.0002,0.0002,0.0761,0.203,1.9522,1.9843,6.8479,0.6117,9.5603,
61,0.0329,0.3076,0.3576,0.2997,0.2127,0.2151,0.2266,0.6573,0.0001,0.0002,0.0685,0.2011,1.9014,1.937,4.6211,0.6129,7.2871,
62,0.0293,0.3011,0.3526,0.3123,0.2192,0.2165,0.2303,0.6689,0.0001,0.0002,0.0768,0.2192,1.9416,1.9737,6.6016,0.6189,9.3118,
63,0.0311,0.3014,0.3495,0.3011,0.213,0.2084,0.2209,0.6453,0.0002,0.0002,0.0773,0.2046,1.8878,1.9215,4.5523,0.6117,7.2015,
64,0.031,0.1679,0.3609,0.364,0.2098,0.2314,0.2315,0.6804,0.0003,0.0002,0.0577,0.2203,1.8669,1.902,6.1476,0.6148,8.7816,
65,0.0299,0.3134,0.3724,0.3175,0.2134,0.2258,0.225,0.667,0.0002,0.0001,0.0772,0.2096,1.9663,1.999,5.918,1.1062,9.1416,
66,0.0296,0.3223,0.3711,0.366,0.2145,0.2502,0.2285,0.7027,0.0003,0.0002,0.0757,0.2117,2.0661,2.0987,5.4764,0.7911,8.4895,
67,0.0304,0.3327,0.3795,0.34,0.2145,0.2321,0.2358,0.6891,0.0002,0.0002,0.0876,0.2214,2.1075,2.1415,5.3161,0.6403,8.227,
68,0.0318,0.3225,0.3891,0.3496,0.215,0.2433,0.2279,0.6923,0.0003,0.0002,0.086,0.2065,2.069,2.1048,7.5015,0.6305,10.3612,
69,0.0294,0.4054,0.3835,0.3145,0.2129,0.2325,0.2253,0.6789,0.0002,0.0001,0.0722,0.2239,2.0956,2.1283,5.5288,0.6139,8.3877,
70,0.0293,0.3603,0.3625,0.3132,0.2162,0.2342,0.225,0.6845,0.0003,0.0002,0.0831,0.2111,2.0286,2.0609,5.2738,0.6222,8.0777,
71,0.0295,0.3121,0.3637,0.3428,0.215,0.2318,0.2262,0.6808,0.0002,0.0002,0.0791,0.2122,2.0068,2.0394,4.5934,0.6172,7.3678,
72,0.0349,0.3468,0.3841,0.3383,0.2135,0.2287,0.2187,0.6674,0.0002,0.0002,0.0759,0.2128,2.0427,2.0825,5.5203,0.6439,8.3793,
73,0.0313,0.3409,0.3825,0.3491,0.2162,0.2373,0.225,0.6864,0.0003,0.0001,0.0826,0.2201,2.0823,2.1169,5.3519,0.621,8.2106,
74,0.0294,0.3157,0.3654,0.3229,0.2125,0.218,0.2227,0.6565,0.0002,0.0002,0.0657,0.2127,1.9522,1.9845,5.6777,0.6227,8.4039,
75,0.03,0.3728,0.36,0.3057,0.2056,0.212,0.2206,0.6415,0.0002,0.0002,0.072,0.2028,1.963,1.9974,6.2195,0.8084,9.1469,
76,0.0298,0.357,0.3684,0.3036,0.2173,0.2161,0.2332,0.6695,0.0002,0.0001,0.0765,0.2101,1.996,2.0285,4.6225,0.6206,7.3893,
77,0.0303,0.2971,0.3403,0.3072,0.2129,0.215,0.2328,0.6638,0.0001,0.0002,0.0724,0.2109,1.8996,1.9324,5.2445,0.6215,7.9152,
78,0.0301,0.3133,0.3518,0.3113,0.2203,0.1684,0.2393,0.631,0.0002,0.0002,0.0769,0.2207,1.9155,1.9481,4.6406,0.6238,7.3301,
79,0.0295,0.3162,0.3625,0.3106,0.2181,0.2207,0.2266,0.6684,0.0001,0.0002,0.0789,0.212,1.9587,1.9909,5.2961,0.6231,8.028,
80,0.0309,0.1704,0.3723,0.3401,0.2071,0.2201,0.2137,0.6461,0.0002,0.0002,0.0927,0.264,1.8999,1.9354,6.6965,0.6291,9.3819,
81,0.0303,0.3528,0.3685,0.3391,0.2122,0.1855,0.2252,0.6292,0.0002,0.0002,0.06,0.2117,1.9789,2.0124,4.7012,0.6717,7.5084,
82,0.0309,0.3304,0.3747,0.3334,0.216,0.2482,0.2347,0.7056,0.0002,0.0001,0.0726,0.2089,2.0454,2.0796,8.6241,1.1589,11.9885,
83,0.0308,0.3752,0.3816,0.3312,0.219,0.2269,0.2287,0.6804,0.0002,0.0002,0.0895,0.2227,2.1012,2.1353,7.7656,1.1301,11.1566,
84,0.0297,0.3836,0.3683,0.336,0.2231,0.2381,0.2309,0.6993,0.0002,0.0002,0.0862,0.2209,2.1126,2.1454,6.6644,0.6208,9.5493,
85,0.0289,0.3782,0.3583,0.3233,0.2153,0.1803,0.2297,0.6324,0.0002,0.0002,0.0639,0.212,1.984,2.0159,4.6418,0.6294,7.4047,
86,0.0287,0.3088,0.3802,0.3222,0.2158,0.2409,0.2356,0.7008,0.0003,0.0001,0.0834,0.2068,2.0196,2.0511,5.282,0.6233,8.0774,
87,0.0289,0.3157,0.3677,0.3301,0.2187,0.2404,0.2366,0.7046,0.0002,0.0002,0.085,0.2114,2.0338,2.0657,4.6816,0.6304,7.4978,
88,0.034,0.2413,0.361,0.3227,0.2259,0.1915,0.2195,0.6447,0.0003,0.0001,0.0698,0.2667,1.9259,1.9646,6.3925,0.6319,9.123,
89,0.0335,0.318,0.3755,0.337,0.2171,0.2379,0.2276,0.69,0.0003,0.0001,0.0837,0.2152,2.0376,2.0743,5.912,0.628,8.7413,
90,0.0294,0.337,0.356,0.3134,0.2098,0.2126,0.2307,0.6562,0.0002,0.0001,0.0684,0.2004,1.9441,1.9766,4.6417,0.6267,7.3648,
91,0.0308,0.3068,0.3506,0.3021,0.217,0.1682,0.2228,0.611,0.0002,0.0001,0.0675,0.2183,1.8682,1.9027,6.7226,1.1509,9.898,
92,0.0292,0.3204,0.3694,0.331,0.2109,0.204,0.2247,0.6427,0.0002,0.0002,0.0784,0.2088,1.9615,1.9935,5.5986,1.0274,8.7435,
93,0.0291,0.3591,0.3752,0.3204,0.2117,0.2241,0.2352,0.675,0.0002,0.0001,0.0632,0.2076,2.015,2.0476,4.6567,0.6298,7.4569,
94,0.0298,0.3078,0.3628,0.3105,0.2188,0.1723,0.2269,0.6212,0.0002,0.0002,0.078,0.2114,1.905,1.9379,4.6648,0.6742,7.3959,
95,0.0322,0.3265,0.3709,0.3714,0.227,0.2089,0.2303,0.6793,0.0003,0.0002,0.096,0.2334,2.0963,2.1316,5.3243,0.6185,8.1968,
96,0.0311,0.2549,0.3681,0.3529,0.2324,0.1958,0.2258,0.6613,0.0003,0.0002,0.0885,0.2296,1.9746,2.0102,6.0323,0.6366,8.804,
97,0.0311,0.3396,0.3866,0.3567,0.2259,0.2411,0.2347,0.7099,0.0003,0.0002,0.0911,0.2324,2.1311,2.1655,5.6064,0.6242,8.5195,
98,0.0295,0.3207,0.3659,0.3287,0.2156,0.2379,0.2252,0.6859,0.0002,0.0001,0.0832,0.2041,2.0075,2.0399,5.3295,0.6279,8.1159,
99,0.0293,0.2997,0.3626,0.3187,0.2102,0.1821,0.2246,0.6222,0.0002,0.0001,0.0799,0.2026,1.9022,1.9346,4.7215,0.6291,7.4042,
100,0.029,0.3041,0.3656,0.3178,0.2129,0.1889,0.2339,0.645,0.0002,0.0001,0.0843,0.2144,1.945,1.9771,4.7324,0.63,7.4635,
101,0.0297,0.3144,0.3769,0.3357,0.2153,0.2361,0.2243,0.7005,0.0002,0.0001,0.0927,0.2145,2.0512,2.0839,4.693,0.627,7.5278,
102,0.0295,0.315,0.3656,0.3304,0.211,0.2394,0.2224,0.6795,0.0002,0.0002,0.0701,0.2306,2.0118,2.0446,4.694,0.6275,7.4845,
103,0.0292,0.3044,0.3643,0.3202,0.2093,0.2197,0.2247,0.6569,0.0002,0.0001,0.0672,0.2108,1.9366,1.9686,4.7011,0.6348,7.4227,
104,0.0296,0.2625,0.3563,0.3228,0.2013,0.1588,0.2229,0.5911,0.0003,0.0001,0.0751,0.2247,1.8506,1.8845,6.5471,0.6293,9.1843,
105,0.0311,0.329,0.379,0.3334,0.2272,0.2346,0.2304,0.6997,0.0002,0.0001,0.0839,0.2176,2.0601,2.0943,4.9591,1.0543,8.2378,
106,0.0305,0.3208,0.3704,0.3335,0.2158,0.1849,0.2356,0.6455,0.0003,0.0002,0.0738,0.2062,1.9681,2.0017,4.7702,0.6358,7.5335,
107,0.0293,0.3416,0.372,0.3083,0.2135,0.1736,0.2197,0.6099,0.0002,0.0001,0.0732,0.2034,1.9197,1.952,4.9352,0.6336,7.642,
108,0.0288,0.3042,0.3712,0.3097,0.2062,0.2096,0.2232,0.642,0.0002,0.0001,0.0773,0.2111,1.9278,1.9596,4.6921,0.6274,7.3982,
109,0.0299,0.3081,0.354,0.301,0.215,0.1709,0.2241,0.6131,0.0001,0.0001,0.0758,0.2083,1.87,1.9029,4.7018,0.6338,7.3577,
110,0.0297,0.3022,0.3535,0.304,0.2092,0.2158,0.2201,0.6482,0.0002,0.0002,0.0677,0.201,1.8868,1.9193,4.7172,0.6316,7.3891,
111,0.0301,0.3238,0.3526,0.3101,0.2062,0.2121,0.2187,0.6399,0.0002,0.0002,0.0793,0.2153,1.9314,1.9644,4.7185,0.6382,7.4417,
112,0.0305,0.1638,0.3556,0.3117,0.2185,0.2301,0.213,0.6652,0.0002,0.0002,0.0797,0.217,1.8071,1.8418,6.9995,0.6286,9.5885,
113,0.029,0.3231,0.3666,0.3039,0.206,0.1686,0.2198,0.5974,0.0002,0.0002,0.0582,0.2046,1.8623,1.8939,5.1484,0.6288,7.79,
114,0.03,0.3108,0.3436,0.2988,0.2087,0.2141,0.2203,0.646,0.0002,0.0002,0.0783,0.2114,1.9035,1.9365,4.7038,0.6372,7.401,
115,0.0298,0.3254,0.3619,0.3276,0.2228,0.2366,0.2384,0.7034,0.0002,0.0001,0.0681,0.239,2.0474,2.0802,4.7102,0.6402,7.5527,
116,0.0297,0.3071,0.3694,0.3226,0.2192,0.1862,0.2254,0.6392,0.0003,0.0002,0.0802,0.2182,1.9572,1.9901,4.726,0.637,7.4778,
117,0.0294,0.3401,0.3727,0.316,0.2167,0.1727,0.2252,0.6186,0.0002,0.0002,0.0685,0.2053,1.9348,1.9672,4.6837,0.633,7.4032,
118,0.0304,0.307,0.3601,0.3141,0.2156,0.1745,0.2275,0.6211,0.0002,0.0002,0.0817,0.226,1.9216,1.9549,4.6691,0.6297,7.3725,
119,0.031,0.302,0.3658,0.3306,0.2153,0.2287,0.2241,0.677,0.0003,0.0001,0.0883,0.2176,2.0002,2.0342,4.6847,0.6325,7.4741,
120,0.0307,0.2595,0.3633,0.3139,0.2311,0.2086,0.237,0.6852,0.0002,0.0002,0.0729,0.2084,1.924,1.9591,7.1626,0.6312,9.8728,
121,0.0291,0.3113,0.3616,0.3142,0.2089,0.168,0.2254,0.6054,0.0002,0.0001,0.0748,0.2125,1.889,1.9207,4.8008,0.6346,7.4764,
122,0.0293,0.3246,0.3741,0.3294,0.2155,0.2418,0.225,0.6901,0.0002,0.0002,0.0707,0.2208,2.0299,2.0622,4.768,0.6257,7.5783,
123,0.0305,0.3069,0.3669,0.3235,0.2102,0.1758,0.2217,0.612,0.0002,0.0002,0.0813,0.216,1.9262,1.9597,5.3142,0.6221,8.0211,
124,0.0292,0.3278,0.3697,0.3389,0.2149,0.2308,0.2236,0.6778,0.0003,0.0001,0.0764,0.2137,2.0211,2.0534,4.6726,0.6321,7.4782,
125,0.0294,0.3103,0.3727,0.3234,0.2209,0.1833,0.2239,0.6361,0.0001,0.0001,0.0856,0.2135,1.9592,1.9917,4.7111,0.6329,7.4587,
126,0.0331,0.3154,0.375,0.3383,0.212,0.2281,0.2225,0.6707,0.0003,0.0001,0.0861,0.2246,2.0325,2.0686,4.7502,0.6342,7.5732,
127,0.0294,0.3897,0.3701,0.3259,0.2107,0.183,0.2205,0.6219,0.0002,0.0001,0.0848,0.2219,2.0328,2.0652,4.6865,0.6289,7.5,
128,0.0361,0.1605,0.3724,0.3425,0.207,0.177,0.2136,0.6013,0.0002,0.0001,0.0791,0.2679,1.8402,1.8807,5.8658,0.6354,8.5135,
129,0.0291,0.3424,0.3687,0.3103,0.2067,0.2192,0.2218,0.6506,0.0002,0.0001,0.0715,0.2216,1.9743,2.0062,5.5722,0.6263,8.3273,
130,0.0301,0.3165,0.3678,0.3195,0.2075,0.167,0.2221,0.5994,0.0002,0.0002,0.0768,0.2127,1.9042,1.9371,4.6997,0.6247,7.3821,
131,0.0292,0.3008,0.3535,0.338,0.224,0.212,0.2285,0.6731,0.0002,0.0002,0.0864,0.2126,1.9831,2.0152,4.6969,0.6346,7.4699,
132,0.029,0.3097,0.3794,0.3251,0.214,0.2342,0.2285,0.6836,0.0003,0.0002,0.0855,0.2182,2.0213,2.0534,4.7084,0.6289,7.5105,
133,0.03,0.3107,0.3601,0.3297,0.2155,0.1821,0.2284,0.6336,0.0002,0.0002,0.0824,0.2072,1.9403,1.9732,4.6894,0.6276,7.4102,
134,0.0301,0.3045,0.3628,0.3365,0.2152,0.2361,0.2288,0.6885,0.0002,0.0002,0.085,0.2263,2.0216,2.0546,4.7309,0.6254,7.5707,
135,0.0295,0.3161,0.372,0.3292,0.2119,0.1781,0.2251,0.624,0.0002,0.0001,0.0827,0.226,1.9681,2.0008,4.7078,0.6338,7.4644,
136,0.0309,0.1849,0.3564,0.3324,0.1981,0.1847,0.2181,0.6093,0.0002,0.0002,0.0727,0.2159,1.7924,1.8277,7.573,0.6498,10.1758,
137,0.0298,0.349,0.3746,0.3287,0.216,0.2308,0.2283,0.6846,0.0002,0.0002,0.0763,0.2165,2.0482,2.0813,4.7473,0.6315,7.5814,
138,0.0292,0.3088,0.3694,0.3245,0.2086,0.1769,0.2274,0.6198,0.0003,0.0002,0.0844,0.2156,1.9397,1.9719,4.6935,0.6271,7.4145,
139,0.0296,0.3131,0.3574,0.3204,0.2061,0.1785,0.2167,0.6099,0.0003,0.0001,0.0737,0.2111,1.9002,1.9328,4.716,0.632,7.4061,
140,0.0291,0.324,0.369,0.3293,0.2103,0.1822,0.2208,0.6209,0.0003,0.0001,0.0818,0.2126,1.9554,1.9878,4.6958,0.6299,7.4346,
141,0.0292,0.3061,0.3668,0.319,0.2071,0.1857,0.2212,0.6218,0.0002,0.0002,0.0849,0.2027,1.9169,1.9489,4.7563,0.6388,7.4677,
142,0.0292,0.3045,0.3749,0.3302,0.2122,0.183,0.2228,0.6267,0.0002,0.0001,0.086,0.2212,1.9604,1.9925,4.7066,0.6329,7.4538,
143,0.0292,0.3046,0.3668,0.3287,0.2088,0.1771,0.2209,0.6157,0.0002,0.0002,0.087,0.2196,1.9368,1.9692,4.6667,0.6265,7.3872,
144,0.0307,0.2606,0.3701,0.3417,0.2075,0.259,0.2228,0.6983,0.0003,0.0002,0.0845,0.2169,1.9923,2.0274,5.8196,0.626,8.6002,
145,0.0301,0.3246,0.3699,0.3357,0.2095,0.1937,0.2236,0.6356,0.0003,0.0001,0.0822,0.2232,1.987,2.0203,6.116,0.629,8.8892,
146,0.0295,0.3146,0.3821,0.328,0.2065,0.1747,0.2224,0.6077,0.0002,0.0002,0.0795,0.2136,1.9444,1.977,4.6736,0.6269,7.3977,
147,0.0291,0.3007,0.3635,0.3306,0.2131,0.2286,0.2241,0.6756,0.0002,0.0002,0.0801,0.2269,1.9951,2.0274,4.6679,0.6304,7.4462,
148,0.0293,0.3063,0.3639,0.307,0.2113,0.1717,0.2267,0.6136,0.0002,0.0001,0.0769,0.2332,1.9133,1.9457,4.6914,0.6297,7.387,
149,0.0303,0.3043,0.3573,0.3065,0.2077,0.1709,0.2223,0.6047,0.0002,0.0001,0.0741,0.2102,1.8675,1.9008,4.665,0.6312,7.3209,
150,0.029,0.3099,0.3734,0.3085,0.209,0.2171,0.229,0.6584,0.0002,0.0002,0.0763,0.2066,1.9433,1.975,4.7077,0.6448,7.4481,
151,0.0298,0.3027,0.3577,0.3402,0.2133,0.1817,0.2302,0.6349,0.0002,0.0002,0.0869,0.2222,1.9624,1.9953,4.7575,0.6242,7.4997,
152,0.0308,0.268,0.3863,0.3533,0.199,0.2408,0.2173,0.6631,0.0002,0.0001,0.0914,0.2658,2.0486,2.0839,6.9297,0.6254,9.7633,
153,0.0308,0.3166,0.3802,0.3503,0.2071,0.172,0.2201,0.6037,0.0002,0.0002,0.0806,0.2356,1.9916,2.026,4.7248,0.6377,7.5159,
154,0.0297,0.3159,0.3764,0.3238,0.2126,0.1853,0.2229,0.6294,0.0004,0.0001,0.0878,0.2164,1.9652,1.9984,5.2733,0.6748,8.0727,
155,0.0294,0.3289,0.3684,0.3257,0.2096,0.1856,0.2173,0.6206,0.0003,0.0001,0.0728,0.2265,1.9608,1.9933,4.625,0.6257,7.3668,
156,0.0295,0.3107,0.3644,0.3283,0.2088,0.1908,0.2295,0.6376,0.0002,0.0002,0.0847,0.2041,1.947,1.9799,4.7471,0.6334,7.4857,
157,0.0294,0.3199,0.3653,0.3151,0.2046,0.2135,0.2198,0.6411,0.0002,0.0001,0.0789,0.2064,1.9421,1.9751,4.7179,0.635,7.4497,
158,0.0297,0.3073,0.3665,0.3312,0.2066,0.2289,0.218,0.6627,0.0003,0.0001,0.0877,0.2142,1.988,2.0208,4.6769,0.6316,7.4511,
159,0.0296,0.3129,0.361,0.3055,0.2059,0.1686,0.2214,0.6027,0.0004,0.0002,0.0897,0.229,1.9179,1.9507,4.7165,0.6266,7.4172,
160,0.0314,0.221,0.3634,0.3376,0.2011,0.1839,0.2125,0.6029,0.0002,0.0002,0.0622,0.2134,1.8215,1.8574,6.2917,1.0842,9.3601,
161,0.0317,0.3196,0.3812,0.3411,0.2059,0.2416,0.2217,0.6777,0.0003,0.0002,0.0893,0.2208,2.0472,2.0822,4.7057,0.6314,7.5504,
162,0.0304,0.3233,0.3785,0.3313,0.2125,0.1848,0.2229,0.6279,0.0003,0.0001,0.0748,0.2259,1.9832,2.0173,5.216,0.6323,7.9948,
163,0.0294,0.3032,0.3556,0.3136,0.2131,0.1671,0.2181,0.6014,0.0001,0.0001,0.0739,0.2191,1.8752,1.9074,4.7468,0.6327,7.4097,
164,0.0295,0.3203,0.3701,0.3187,0.2101,0.231,0.2177,0.6627,0.0001,0.0001,0.0747,0.2013,1.9625,1.9948,4.6874,0.6315,7.4334,
165,0.0296,0.2997,0.3548,0.3074,0.2115,0.1646,0.2136,0.5928,0.0001,0.0001,0.0795,0.2101,1.8542,1.8866,4.6994,0.6304,7.3372,
166,0.0296,0.3218,0.362,0.3022,0.207,0.2103,0.2217,0.6427,0.0002,0.0002,0.0689,0.2107,1.9191,1.9515,4.6966,0.6323,7.4021,
167,0.0299,0.2987,0.351,0.3034,0.2074,0.2212,0.2217,0.6532,0.0002,0.0001,0.0831,0.2138,1.918,1.9512,4.6985,0.6328,7.4033,
168,0.0299,0.2654,0.392,0.3351,0.2081,0.1852,0.2538,0.6692,0.0002,0.0002,0.0826,0.2154,1.9791,2.014,6.7526,0.6315,9.5204,
169,0.0299,0.3317,0.382,0.339,0.2099,0.2325,0.2261,0.6752,0.0003,0.0001,0.07,0.233,2.0544,2.0879,4.9036,0.6347,7.7477,
170,0.0295,0.3145,0.3571,0.3058,0.2075,0.166,0.2182,0.595,0.0002,0.0002,0.0691,0.2087,1.8584,1.8908,4.7464,0.6363,7.3999,
171,0.0298,0.3109,0.3604,0.318,0.2054,0.1684,0.2169,0.5936,0.0002,0.0002,0.0669,0.2107,1.8694,1.9021,4.6855,0.6345,7.342,
172,0.0298,0.3007,0.3561,0.323,0.2102,0.1741,0.2216,0.6096,0.0002,0.0002,0.0798,0.2284,1.9138,1.9469,4.7198,0.6379,7.4256,
173,0.0292,0.3093,0.3847,0.3413,0.214,0.1863,0.225,0.634,0.0002,0.0001,0.088,0.2227,1.9998,2.0323,4.6967,0.6344,7.4842,
174,0.0292,0.3044,0.3543,0.3249,0.2118,0.2245,0.2209,0.6663,0.0003,0.0002,0.0833,0.2292,1.9757,2.0082,4.7586,0.6331,7.521,
175,0.0295,0.3209,0.3754,0.3243,0.2055,0.1748,0.2193,0.6032,0.0002,0.0001,0.0695,0.2148,1.9246,1.9571,4.7125,0.6288,7.4208,
176,0.029,0.2283,0.3542,0.3122,0.1938,0.1709,0.2064,0.5743,0.0001,0.0002,0.0789,0.217,1.7795,1.8131,6.8693,0.6234,9.4266,
177,0.0296,0.3268,0.3715,0.3313,0.2094,0.1894,0.2261,0.6342,0.0003,0.0001,0.087,0.2158,1.9827,2.0155,4.6689,0.6279,7.4338,
178,0.0295,0.3082,0.3632,0.3263,0.2201,0.2197,0.2225,0.6661,0.0002,0.0002,0.0776,0.2144,1.9724,2.0048,4.7123,0.6367,7.4755,
179,0.0294,0.3294,0.3824,0.3221,0.2116,0.1758,0.2289,0.6199,0.0002,0.0002,0.0903,0.2133,1.9687,2.0008,4.6727,0.6303,7.4245,
180,0.0325,0.3045,0.3585,0.3015,0.2062,0.1688,0.2237,0.6025,0.0002,0.0001,0.0763,0.2303,1.8842,1.9198,4.7775,0.6332,7.4527,
181,0.0301,0.3104,0.3579,0.3007,0.21,0.1695,0.2195,0.602,0.0002,0.0001,0.0734,0.2129,1.8704,1.9034,4.6851,0.6286,7.3386,
182,0.0296,0.3064,0.3623,0.3105,0.2104,0.1811,0.2294,0.6245,0.0002,0.0001,0.079,0.2132,1.907,1.9395,4.6823,0.6282,7.37,
183,0.0295,0.3033,0.3586,0.2999,0.2104,0.167,0.2267,0.607,0.0001,0.0001,0.076,0.2084,1.8643,1.8968,4.6827,0.6258,7.3252,
184,0.032,0.2597,0.3572,0.317,0.2024,0.1904,0.244,0.6402,0.0002,0.0002,0.0694,0.2047,1.8626,1.8991,7.86,0.6232,10.5069,
185,0.0292,0.3332,0.3798,0.3241,0.216,0.2227,0.2305,0.6763,0.0002,0.0001,0.0841,0.2126,2.0305,2.063,4.681,0.6296,7.4933,
186,0.0327,0.3228,0.3569,0.3275,0.215,0.182,0.2247,0.6272,0.0002,0.0002,0.0675,0.2061,1.9253,1.9616,4.6667,0.6272,7.3751,
187,0.0296,0.3082,0.3649,0.337,0.2084,0.177,0.2251,0.619,0.0002,0.0002,0.0829,0.2182,1.9457,1.9784,4.7666,0.6287,7.4971,
188,0.0292,0.3209,0.3741,0.3165,0.2036,0.1713,0.2189,0.597,0.0003,0.0001,0.0797,0.2134,1.9175,1.9497,4.6679,0.6279,7.3666,
189,0.0293,0.3067,0.3615,0.3108,0.2105,0.2099,0.2175,0.6408,0.0002,0.0002,0.0721,0.2261,1.9313,1.9641,4.677,0.6333,7.3945,
190,0.0294,0.3102,0.3865,0.3532,0.2118,0.1894,0.2253,0.6345,0.0003,0.0002,0.0831,0.2063,1.9945,2.027,4.7219,0.6274,7.4988,
191,0.0292,0.3105,0.3646,0.3353,0.2123,0.1866,0.2224,0.63,0.0003,0.0001,0.0867,0.2119,1.9558,1.9881,4.6304,0.6188,7.3585,
192,0.0364,0.2674,0.3757,0.3489,0.2022,0.2435,0.2221,0.6752,0.0002,0.0002,0.0843,0.214,1.9841,2.0253,6.4924,0.6301,9.283,
193,0.0297,0.3369,0.368,0.3366,0.2142,0.1896,0.2269,0.6413,0.0003,0.0002,0.0875,0.2209,2.0124,2.0455,5.0564,0.6239,7.8489,
194,0.0293,0.3106,0.3702,0.333,0.2067,0.2319,0.2251,0.6722,0.0002,0.0002,0.0849,0.2098,1.9992,2.0315,4.6629,0.6233,7.4388,
195,0.0289,0.3197,0.3765,0.3338,0.2084,0.1855,0.2187,0.6217,0.0003,0.0002,0.0877,0.2131,1.9703,2.0022,4.6888,0.6325,7.4451,
196,0.0293,0.3669,0.3687,0.3319,0.2051,0.1829,0.2306,0.6267,0.0003,0.0002,0.0739,0.2128,1.9976,2.0301,4.6809,0.6253,7.459,
197,0.0291,0.3154,0.3645,0.3255,0.2062,0.1847,0.225,0.6242,0.0003,0.0001,0.0843,0.2286,1.9595,1.9918,4.6687,0.6253,7.4072,
198,0.0293,0.3106,0.3602,0.3202,0.2045,0.1814,0.2257,0.6186,0.0002,0.0002,0.0826,0.2145,1.9246,1.9568,4.6468,0.6256,7.3524,
199,0.0301,0.3106,0.3716,0.3324,0.2089,0.2271,0.2216,0.6656,0.0002,0.0001,0.0852,0.2225,2.0055,2.0386,4.6614,0.6241,7.4454,
200,0.0294,0.2112,0.3772,0.3502,0.2017,0.2401,0.2089,0.6569,0.0002,0.0001,0.0773,0.2129,1.9072,1.9412,6.8275,0.6152,9.5031,
201,0.0294,0.3129,0.3677,0.3465,0.2125,0.1845,0.2195,0.6238,0.0003,0.0002,0.0796,0.2152,1.9668,1.9992,4.6951,0.6176,7.4513,
202,0.0309,0.3311,0.3609,0.3309,0.21,0.1753,0.2209,0.6109,0.0001,0.0002,0.0701,0.2067,1.9301,1.9644,4.741,0.6213,7.4541,
203,0.0302,0.3155,0.3771,0.3291,0.2097,0.1818,0.2261,0.623,0.0002,0.0001,0.0761,0.2128,1.9519,1.9851,4.8531,0.6217,7.5849,
204,0.0294,0.3158,0.3622,0.3088,0.2106,0.1639,0.2265,0.6038,0.0001,0.0002,0.086,0.2251,1.9125,1.9448,4.6542,0.6239,7.3438,
205,0.0305,0.3117,0.3554,0.3073,0.2119,0.208,0.2235,0.6467,0.0002,0.0001,0.0774,0.2155,1.9288,1.9625,4.6735,0.6262,7.3835,
206,0.0298,0.3176,0.3756,0.3443,0.2152,0.1814,0.222,0.6262,0.0003,0.0001,0.0745,0.2145,1.9734,2.0062,4.6253,0.6198,7.3721,
207,0.0295,0.3076,0.3612,0.3287,0.2146,0.1803,0.2307,0.634,0.0003,0.0001,0.0876,0.2196,1.9562,1.9888,4.6347,0.6291,7.3736,
208,0.0296,0.1719,0.379,0.342,0.2085,0.2429,0.2218,0.6818,0.0002,0.0002,0.0824,0.2251,1.905,1.9387,6.8014,0.6184,9.481,
209,0.0292,0.3193,0.3712,0.3318,0.2141,0.1764,0.2316,0.6277,0.0003,0.0001,0.0857,0.2226,1.9734,2.0055,5.0276,0.6268,7.7809,
210,0.0299,0.4111,0.3507,0.2992,0.2204,0.1672,0.2206,0.6111,0.0002,0.0002,0.0746,0.1995,1.9563,1.9889,4.6585,0.614,7.3819,
211,0.0303,0.3135,0.3531,0.3023,0.2182,0.2235,0.2309,0.6776,0.0001,0.0002,0.0759,0.2092,1.9419,1.975,4.6635,0.614,7.3727,
212,0.0296,0.2998,0.3646,0.3018,0.2195,0.2127,0.2282,0.6634,0.0002,0.0001,0.0742,0.2005,1.9135,1.946,4.6337,0.6181,7.3183,
213,0.0308,0.2994,0.3481,0.2892,0.2165,0.2166,0.2291,0.6651,0.0002,0.0002,0.0765,0.2086,1.8947,1.9281,4.7374,0.6237,7.4105,
214,0.0302,0.4184,0.3751,0.3252,0.212,0.168,0.2245,0.6076,0.0001,0.0001,0.0767,0.2102,2.0239,2.0569,4.6524,0.6214,7.4513,
215,0.0294,0.3047,0.3549,0.3019,0.2117,0.1675,0.2224,0.6046,0.0002,0.0002,0.0772,0.2124,1.8665,1.8987,5.0516,0.6196,7.6954,
216,0.0312,0.2549,0.3611,0.3871,0.2085,0.1862,0.216,0.6163,0.0002,0.0001,0.0798,0.2047,1.9226,1.9584,6.0761,0.6289,8.7914,
217,0.0306,0.3368,0.3694,0.3268,0.2184,0.1831,0.2347,0.6416,0.0003,0.0002,0.0647,0.2205,1.9725,2.0065,4.7171,0.6214,7.4716,
218,0.0303,0.3116,0.3723,0.3391,0.2199,0.1878,0.23,0.6421,0.0002,0.0002,0.0809,0.2123,1.971,2.0044,5.6705,0.6106,8.4129,
219,0.0296,0.3171,0.3712,0.3238,0.2192,0.1842,0.2371,0.6479,0.0002,0.0001,0.0733,0.2142,1.9674,2.0002,4.6726,0.6266,7.4216,
220,0.0291,0.3093,0.3648,0.3341,0.215,0.2299,0.2319,0.6846,0.0002,0.0002,0.0842,0.213,2.0086,2.0409,4.7434,0.6196,7.5277,
221,0.0294,0.3309,0.3783,0.3598,0.2252,0.1962,0.232,0.6615,0.0002,0.0001,0.0948,0.2079,2.0496,2.0821,4.6622,0.6185,7.4831,
222,0.0295,0.3087,0.3623,0.3275,0.2156,0.1822,0.2216,0.6282,0.0003,0.0002,0.0806,0.2119,1.9353,1.9679,6.8222,1.1156,10.0272,
223,0.0302,0.3109,0.3707,0.3227,0.2083,0.2498,0.2231,0.6884,0.0002,0.0002,0.0891,0.2221,2.0197,2.053,5.784,1.0388,8.9978,
224,0.0313,0.2872,0.3891,0.347,0.2099,0.2339,0.2165,0.6699,0.0003,0.0002,0.0789,0.2208,2.0142,2.0499,5.8606,0.6203,8.6605,
225,0.0302,0.3318,0.3824,0.3328,0.2082,0.2396,0.2233,0.6785,0.0004,0.0002,0.103,0.2204,2.0669,2.1003,6.8161,0.6219,9.663,
226,0.0292,0.3189,0.3643,0.3295,0.2135,0.178,0.2247,0.6212,0.0003,0.0002,0.0863,0.2123,1.9513,1.9837,4.6787,0.6171,7.4009,
227,0.0299,0.3091,0.3656,0.3448,0.2161,0.1913,0.2263,0.642,0.0002,0.0001,0.0864,0.2135,1.978,2.0108,6.2421,0.6161,8.9917,
228,0.0294,0.3226,0.3759,0.3219,0.2131,0.2309,0.2232,0.6736,0.0002,0.0002,0.0798,0.2153,2.0079,2.0403,4.6977,0.6228,7.4829,
229,0.0291,0.3156,0.3792,0.3272,0.2088,0.1873,0.2219,0.6228,0.0002,0.0002,0.0801,0.2079,1.9536,1.9858,5.986,0.6254,8.7177,
230,0.0296,0.3059,0.3628,0.3394,0.2192,0.1816,0.221,0.6317,0.0003,0.0002,0.0871,0.221,1.9675,2.0002,4.6209,0.6294,7.3721,
231,0.0293,0.3939,0.3654,0.3159,0.2106,0.17,0.2257,0.6096,0.0002,0.0002,0.0768,0.2079,1.9922,2.0248,5.9313,0.6213,8.6992,
232,0.0346,0.2556,0.3758,0.3342,0.2011,0.2414,0.2368,0.6885,0.0003,0.0002,0.0888,0.2136,1.9754,2.015,7.2375,0.8916,10.2809,
233,0.0305,0.33,0.3806,0.3394,0.2106,0.189,0.2231,0.6307,0.0003,0.0001,0.0854,0.2145,1.9985,2.0323,6.8983,0.8853,9.9421,
234,0.0296,0.3343,0.3726,0.3405,0.208,0.186,0.2224,0.6242,0.0002,0.0002,0.0714,0.2246,1.9862,2.0189,5.0383,0.6181,7.796,
235,0.03,0.3156,0.3672,0.3318,0.207,0.1924,0.2187,0.6275,0.0002,0.0002,0.0798,0.2149,1.9681,2.0012,5.2031,0.9786,8.3042,
236,0.0298,0.3083,0.3717,0.3577,0.2069,0.1848,0.229,0.6295,0.0003,0.0002,0.0854,0.2143,1.9863,2.0192,5.0679,0.6088,7.82,
237,0.029,0.3108,0.3689,0.3234,0.2172,0.1857,0.2259,0.6378,0.0002,0.0001,0.085,0.2115,1.9555,1.9875,6.6214,0.62,9.3523,
238,0.0292,0.3359,0.378,0.3315,0.2069,0.2304,0.2212,0.6669,0.0003,0.0002,0.0834,0.2043,2.0179,2.0502,4.6216,0.6163,7.4086,
239,0.0293,0.3009,0.365,0.3378,0.2059,0.1782,0.2146,0.6043,0.0002,0.0001,0.0822,0.2117,1.9188,1.951,6.2161,0.6202,8.9085,
240,0.0349,0.261,0.354,0.354,0.2064,0.1985,0.2128,0.6266,0.0002,0.0002,0.0905,0.2186,1.9265,1.966,5.7811,0.6151,8.4995,
241,0.0309,0.3264,0.3711,0.3387,0.2109,0.1831,0.223,0.6259,0.0002,0.0002,0.0855,0.2144,1.9783,2.0123,7.2429,0.6203,10.0043,
242,0.0289,0.3211,0.3743,0.3297,0.2084,0.1771,0.2159,0.6054,0.0002,0.0002,0.0717,0.201,1.9159,1.948,6.4928,0.608,9.169,
243,0.0294,0.323,0.3546,0.2951,0.2086,0.212,0.22,0.6435,0.0001,0.0002,0.0717,0.2104,1.9091,1.9415,4.5828,0.6097,7.2544,
244,0.0306,0.2993,0.3642,0.3264,0.2093,0.2339,0.2211,0.672,0.0003,0.0002,0.0885,0.2255,1.9948,2.0287,6.6661,0.6173,9.4356,
245,0.0295,0.3375,0.3869,0.3434,0.2068,0.2328,0.2206,0.6688,0.0003,0.0001,0.086,0.2095,2.0477,2.0822,7.3378,0.899,10.4457,
246,0.0292,0.3962,0.3666,0.3299,0.2124,0.227,0.2202,0.6668,0.0003,0.0002,0.0779,0.2192,2.0727,2.105,5.5252,0.6154,8.3691,
247,0.0295,0.4603,0.3653,0.335,0.2114,0.1769,0.2276,0.6234,0.0003,0.0002,0.0706,0.2035,2.075,2.1078,4.6026,0.609,7.4404,
248,0.0346,0.1895,0.3737,0.3302,0.1959,0.227,0.2187,0.6499,0.0002,0.0001,0.0739,0.2261,1.8649,1.9039,6.6407,0.6088,9.2789,
249,0.0301,0.3301,0.3752,0.3419,0.2079,0.1789,0.2221,0.6169,0.0003,0.0002,0.0837,0.2127,1.9801,2.0137,4.6776,0.631,7.4518,
250,0.0287,0.3235,0.3717,0.339,0.2123,0.1882,0.2269,0.635,0.0003,0.0001,0.0722,0.2157,1.9777,2.0097,4.6288,0.6089,7.3739,
251,0.0306,0.3058,0.3653,0.3361,0.2152,0.18,0.2296,0.6308,0.0002,0.0001,0.0703,0.212,1.9386,1.9724,4.6655,0.6151,7.3832,
252,0.0293,0.3161,0.3602,0.3253,0.2153,0.2279,0.2209,0.6684,0.0002,0.0001,0.0713,0.2054,1.9643,1.9968,4.6005,0.6148,7.3369,
253,0.033,0.304,0.3574,0.3307,0.2126,0.1784,0.222,0.6212,0.0003,0.0002,0.0832,0.2072,1.924,1.9601,4.6323,0.613,7.3262,
254,0.029,0.3135,0.36,0.328,0.2096,0.1788,0.2157,0.6098,0.0002,0.0001,0.07,0.2143,1.9119,1.9442,4.5987,0.6179,7.2823,
255,0.0295,0.3161,0.3725,0.3329,0.207,0.1766,0.2238,0.6151,0.0002,0.0002,0.0855,0.2167,1.9608,1.9938,4.5735,0.6093,7.2982,
256,0.0299,0.3316,0.3647,0.3245,0.2019,0.2295,0.2272,0.6618,0.0002,0.0001,0.0769,0.2015,1.9759,2.0098,5.8383,0.6833,8.6499,
257,0.0298,0.3344,0.3668,0.3243,0.2151,0.1718,0.2254,0.6154,0.0002,0.0002,0.0707,0.2196,1.9398,1.9724,4.6253,0.6109,7.3296,
258,0.0291,0.3083,0.3754,0.3278,0.2109,0.1682,0.221,0.6031,0.0001,0.0002,0.0773,0.1994,1.9003,1.9322,4.9746,0.6095,7.6391,
259,0.0353,0.3247,0.3501,0.3103,0.2145,0.17,0.2192,0.6066,0.0002,0.0001,0.0672,0.2073,1.8749,1.913,4.5929,0.6091,7.2365,
260,0.0296,0.3055,0.3601,0.3021,0.2169,0.1669,0.2293,0.616,0.0002,0.0002,0.0775,0.2112,1.8806,1.9128,4.6112,0.6109,7.2569,
261,0.0295,0.3314,0.3678,0.3041,0.2117,0.2213,0.2248,0.6606,0.0002,0.0002,0.0746,0.2067,1.9574,1.9904,4.5871,0.6065,7.3096,
262,0.0298,0.3076,0.3748,0.3231,0.2223,0.2318,0.2276,0.6899,0.0002,0.0001,0.0822,0.2325,2.0259,2.0587,4.6536,0.62,7.4542,
263,0.0292,0.312,0.3668,0.3289,0.2146,0.19,0.2384,0.6519,0.0003,0.0001,0.0852,0.2123,1.9758,2.0082,4.6278,0.619,7.3768,
264,0.0358,0.1771,0.3657,0.3372,0.2056,0.1846,0.2172,0.6139,0.0001,0.0001,0.08,0.2088,1.8063,1.8466,7.0112,0.5983,9.5856,
265,0.0289,0.3132,0.3597,0.31,0.2079,0.1693,0.224,0.6043,0.0002,0.0002,0.0764,0.2093,1.8837,1.9152,4.5988,0.6075,7.2416,
266,0.0291,0.3205,0.3639,0.3004,0.2065,0.1656,0.2208,0.596,0.0002,0.0001,0.0711,0.2203,1.8801,1.9118,4.6238,0.6114,7.267,
267,0.0292,0.3011,0.3555,0.3003,0.2099,0.2013,0.2195,0.6337,0.0001,0.0002,0.0753,0.2078,1.8828,1.9145,4.5874,0.6018,7.2242,
268,0.03,0.3029,0.3554,0.3135,0.209,0.1698,0.2203,0.6023,0.0001,0.0002,0.0746,0.2123,1.8709,1.904,4.6017,0.6183,7.2867,
269,0.0303,0.3029,0.3629,0.329,0.2144,0.1725,0.2271,0.617,0.0002,0.0002,0.0794,0.2063,1.909,1.9421,4.5799,0.6091,7.2527,
270,0.0291,0.3047,0.3679,0.3181,0.2078,0.1767,0.2212,0.6096,0.0002,0.0002,0.0806,0.2238,1.9181,1.9501,4.6066,0.6038,7.2821,
271,0.0303,0.3129,0.3599,0.3163,0.2171,0.1736,0.2265,0.6206,0.0002,0.0002,0.0802,0.2191,1.9237,1.9574,4.7124,0.629,7.4238,
272,0.0309,0.1988,0.3623,0.3575,0.205,0.1918,0.2133,0.6162,0.0003,0.0002,0.0737,0.2198,1.8445,1.88,6.723,0.6135,9.3455,
273,0.031,0.318,0.3793,0.3352,0.2163,0.1873,0.2235,0.635,0.0003,0.0002,0.0769,0.2065,1.9696,2.0039,4.7175,0.6179,7.4718,
274,0.0304,0.3146,0.3758,0.3308,0.2164,0.1871,0.2376,0.6521,0.0003,0.0002,0.0865,0.212,1.9877,2.0215,4.6072,0.6164,7.3749,
275,0.0306,0.3064,0.3701,0.3264,0.2172,0.1866,0.2233,0.6354,0.0003,0.0002,0.0859,0.2116,1.9543,1.9881,4.6585,0.6084,7.3822,
276,0.0289,0.3104,0.3768,0.3292,0.2216,0.1822,0.2273,0.6386,0.0003,0.0002,0.088,0.2192,1.9796,2.0115,4.6041,0.6211,7.36,
277,0.0292,0.3228,0.3621,0.3181,0.2227,0.1785,0.23,0.6384,0.0003,0.0002,0.0679,0.2032,1.9309,1.9632,4.6188,0.618,7.3217,
278,0.0299,0.3095,0.3613,0.329,0.218,0.1858,0.228,0.6399,0.0002,0.0002,0.0827,0.2233,1.9663,1.9993,4.6134,0.6128,7.3473,
279,0.0292,0.3165,0.3575,0.3221,0.2137,0.202,0.222,0.647,0.0003,0.0002,0.0725,0.2162,1.9499,1.9823,4.5366,0.6124,7.2532,
280,0.0356,0.264,0.3726,0.3208,0.2407,0.1856,0.2194,0.6518,0.0003,0.0002,0.0752,0.2168,1.9224,1.9625,5.7384,0.6093,8.4459,
281,0.0307,0.324,0.382,0.3283,0.2308,0.1868,0.2327,0.6569,0.0002,0.0002,0.0871,0.2257,2.0227,2.0568,4.6934,0.6179,7.4969,
282,0.031,0.3313,0.3888,0.314,0.2206,0.193,0.2326,0.6532,0.0002,0.0002,0.0735,0.2142,1.9903,2.0243,5.0196,0.6096,7.7785,
283,0.0296,0.3058,0.3784,0.3294,0.2249,0.178,0.233,0.6428,0.0003,0.0002,0.0765,0.2126,1.9629,1.9954,4.6177,0.6096,7.3453,
284,0.03,0.3124,0.371,0.3216,0.2212,0.1917,0.2378,0.6631,0.0003,0.0002,0.0901,0.2323,2.0104,2.0435,4.5866,0.6088,7.3613,
285,0.0294,0.3097,0.3646,0.3158,0.2151,0.2362,0.2324,0.6915,0.0003,0.0002,0.0876,0.2256,2.0154,2.0478,4.5942,0.6159,7.3792,
286,0.029,0.4313,0.3657,0.3139,0.2175,0.2154,0.2333,0.6694,0.0002,0.0001,0.0687,0.2121,2.0769,2.109,4.6019,0.6136,7.4456,
287,0.0289,0.3051,0.3601,0.3035,0.2179,0.169,0.2363,0.6262,0.0002,0.0001,0.0747,0.2025,1.8825,1.9144,4.569,0.5986,7.203,
288,0.0302,0.1541,0.3447,0.3203,0.2076,0.1773,0.2231,0.6111,0.0002,0.0002,0.074,0.3332,1.8479,1.882,6.8054,0.6054,9.4164,
289,0.0296,0.3299,0.3692,0.323,0.2186,0.1658,0.2354,0.6229,0.0002,0.0001,0.0669,0.2015,1.9226,1.9549,5.5571,0.6165,8.2538,
290,0.0295,0.3006,0.352,0.3098,0.2128,0.1662,0.2267,0.6087,0.0001,0.0001,0.0707,0.2071,1.8564,1.8885,4.586,0.6117,7.207,
291,0.0298,0.334,0.3626,0.3467,0.2171,0.1781,0.2248,0.6283,0.0003,0.0002,0.0849,0.2174,1.9952,2.0282,4.5974,0.6111,7.3573,
292,0.0293,0.3798,0.3671,0.3174,0.2137,0.1813,0.2225,0.6247,0.0002,0.0002,0.0717,0.2164,1.9965,2.029,4.5645,0.5997,7.3145,
293,0.0294,0.3085,0.3592,0.3065,0.2207,0.1711,0.2216,0.6165,0.0002,0.0002,0.0738,0.2085,1.8808,1.9129,4.5235,0.5995,7.1571,
294,0.0291,0.3056,0.3585,0.3395,0.2298,0.1989,0.2353,0.6722,0.0002,0.0002,0.0855,0.2243,2.0011,2.0332,4.5537,0.605,7.3146,
295,0.0295,0.3115,0.3714,0.321,0.2107,0.188,0.2314,0.6369,0.0002,0.0002,0.0799,0.2225,1.9598,1.9924,4.562,0.6111,7.2909,
296,0.0359,0.2674,0.3752,0.3405,0.2061,0.2473,0.2258,0.687,0.0002,0.0001,0.0751,0.2197,1.9841,2.0245,6.1322,0.6016,8.896,
297,0.0312,0.3202,0.3721,0.327,0.2207,0.2309,0.2232,0.6838,0.0003,0.0002,0.0869,0.222,2.0269,2.0613,5.2296,0.6064,8.0231,
298,0.0301,0.3125,0.3696,0.3265,0.2134,0.1938,0.2348,0.6491,0.0002,0.0002,0.0729,0.2215,1.9689,2.0021,4.5464,0.6065,7.2806,
299,0.0292,0.3113,0.3498,0.3165,0.2069,0.1659,0.2234,0.5994,0.0002,0.0002,0.0667,0.218,1.8705,1.9027,4.5366,0.6002,7.1652,
300,0.0298,0.3055,0.365,0.3047,0.2056,0.1816,0.2199,0.6103,0.0001,0.0001,0.0731,0.1983,1.8678,1.9006,4.5727,0.6066,7.2021,
301,0.03,0.3172,0.3521,0.3164,0.2123,0.216,0.2246,0.6569,0.0002,0.0001,0.0784,0.2199,1.9523,1.9851,4.5828,0.6117,7.3009,
302,0.0293,0.3029,0.3566,0.3084,0.2108,0.1691,0.2252,0.6244,0.0002,0.0001,0.0671,0.1998,1.8677,1.8998,4.549,0.606,7.1758,
303,0.0303,0.299,0.3482,0.2984,0.2124,0.209,0.2169,0.6413,0.0002,0.0001,0.0769,0.2063,1.878,1.911,4.5791,0.6033,7.2152,
304,0.0295,0.1603,0.3704,0.3246,0.2028,0.1833,0.2179,0.6112,0.0002,0.0002,0.0808,0.219,1.7898,1.8242,6.7838,0.7801,9.5095,
305,0.0296,0.3246,0.3649,0.3371,0.2153,0.1829,0.221,0.6264,0.0003,0.0001,0.072,0.2202,1.9638,1.9965,4.6039,0.6203,7.3416,
306,0.029,0.3131,0.3634,0.3294,0.2115,0.1887,0.2238,0.6318,0.0002,0.0001,0.0871,0.2317,1.9724,2.0044,4.591,0.6053,7.3223,
307,0.0297,0.3066,0.3687,0.3213,0.2067,0.1798,0.2286,0.6232,0.0003,0.0002,0.084,0.2073,1.9297,1.9622,4.5595,0.605,7.248,
308,0.0327,0.3032,0.3668,0.3349,0.2131,0.1843,0.2246,0.6312,0.0003,0.0002,0.0767,0.2107,1.9402,1.9758,4.5706,0.6229,7.2913,
309,0.0297,0.3182,0.3637,0.3364,0.2041,0.1882,0.2363,0.6403,0.0002,0.0002,0.0758,0.2211,1.9712,2.0038,4.5325,0.5896,7.2472,
310,0.029,0.3093,0.3681,0.3108,0.2089,0.1688,0.2147,0.5956,0.0002,0.0001,0.0771,0.2113,1.8825,1.9146,4.5605,0.5891,7.1846,
311,0.0299,0.3101,0.3499,0.3056,0.2116,0.1644,0.2202,0.5991,0.0002,0.0002,0.065,0.2116,1.8519,1.8844,4.5578,0.6042,7.1668,
312,0.0297,0.2478,0.36,0.3109,0.192,0.2122,0.2415,0.652,0.0002,0.0001,0.0753,0.1965,1.8511,1.8846,7.6532,0.9498,10.607,
313,0.0297,0.3142,0.3583,0.3313,0.2068,0.1703,0.2175,0.5978,0.0002,0.0002,0.0757,0.2271,1.9186,1.9514,5.119,0.6012,7.7981,
314,0.0294,0.3257,0.3757,0.3365,0.2066,0.1858,0.2167,0.6189,0.0003,0.0001,0.0691,0.2012,1.9435,1.9763,4.5597,0.6053,7.2635,
315,0.0289,0.3065,0.3595,0.3228,0.2009,0.1821,0.2133,0.6032,0.0003,0.0002,0.0844,0.223,1.9157,1.9477,4.4754,0.5895,7.1375,
316,0.0294,0.3202,0.3684,0.3144,0.2026,0.2186,0.2144,0.6396,0.0002,0.0002,0.0714,0.2126,1.9449,1.9781,4.5411,0.6005,7.2417,
317,0.0335,0.3125,0.3555,0.3164,0.2062,0.1863,0.2194,0.618,0.0002,0.0001,0.0723,0.2227,1.9177,1.9546,4.547,0.6014,7.2245,
318,0.03,0.3181,0.371,0.3251,0.2041,0.181,0.215,0.6089,0.0002,0.0002,0.085,0.2149,1.9386,1.9717,4.5322,0.5997,7.2252,
319,0.0288,0.3082,0.3684,0.328,0.2072,0.1795,0.2187,0.6106,0.0002,0.0001,0.0772,0.1978,1.9055,1.9374,4.5267,0.6008,7.1861,
320,0.0306,0.223,0.371,0.3348,0.1981,0.1954,0.218,0.6209,0.0002,0.0001,0.074,0.2022,1.8458,1.8806,6.4013,0.6014,9.0075,
321,0.0303,0.3185,0.3788,0.3483,0.2076,0.1814,0.2176,0.6145,0.0002,0.0002,0.0793,0.2103,1.9658,1.9993,4.6752,0.6029,7.4089,
322,0.0304,0.3386,0.3593,0.3249,0.2064,0.1882,0.2168,0.6191,0.0003,0.0002,0.0709,0.2129,1.9425,1.9761,4.8244,0.604,7.5299,
323,0.0296,0.3068,0.365,0.3304,0.2112,0.1845,0.2123,0.6164,0.0002,0.0002,0.0814,0.2128,1.9292,1.9619,4.505,0.605,7.1978,
324,0.0293,0.3176,0.3624,0.3326,0.2082,0.1883,0.2316,0.6377,0.0002,0.0002,0.0732,0.2147,1.9557,1.9884,4.5479,0.6,7.258,
325,0.0293,0.3057,0.3671,0.3317,0.2126,0.1802,0.2198,0.62,0.0003,0.0001,0.0842,0.2056,1.9313,1.9635,4.4833,0.5936,7.1621,
326,0.029,0.3183,0.3611,0.3244,0.2032,0.1792,0.2141,0.604,0.0003,0.0002,0.0743,0.2133,1.9125,1.9446,4.4893,0.5931,7.1504,
327,0.0296,0.3075,0.3754,0.3318,0.2092,0.2289,0.2217,0.6675,0.0003,0.0001,0.0833,0.2159,2.0014,2.0342,4.5208,0.5945,7.2714,
328,0.0308,0.1754,0.3642,0.3296,0.1942,0.1795,0.2223,0.6018,0.0002,0.0001,0.0844,0.2704,1.8473,1.8834,5.8874,0.6018,8.5011,
329,0.0306,0.3225,0.3693,0.3404,0.2084,0.1965,0.2241,0.6361,0.0003,0.0002,0.0853,0.217,1.9877,2.0215,4.6014,0.5922,7.3481,
330,0.0301,0.3336,0.3807,0.333,0.2051,0.179,0.2255,0.6168,0.0002,0.0002,0.0747,0.2255,1.9844,2.0177,5.2097,0.5982,7.9551,
331,0.0335,0.3036,0.3599,0.3017,0.2029,0.1679,0.2186,0.5926,0.0002,0.0002,0.0766,0.2163,1.8603,1.8968,4.6107,0.5951,7.2226,
332,0.0299,0.3071,0.3539,0.3003,0.208,0.1674,0.2145,0.593,0.0002,0.0002,0.0746,0.1997,1.8363,1.8688,4.5058,0.5968,7.0922,
333,0.0304,0.309,0.3521,0.2942,0.2053,0.1712,0.2161,0.5956,0.0002,0.0001,0.0745,0.207,1.8405,1.8734,4.5999,0.5939,7.1887,
334,0.0298,0.3065,0.3566,0.3114,0.1988,0.1743,0.2182,0.5946,0.0002,0.0002,0.0772,0.2031,1.8596,1.8922,4.5228,0.5927,7.1288,
335,0.0301,0.3114,0.3655,0.2985,0.2078,0.1667,0.217,0.5946,0.0001,0.0002,0.0785,0.2328,1.8964,1.93,4.5268,0.5978,7.1917,
336,0.0314,0.2594,0.3593,0.3392,0.2294,0.1896,0.2157,0.6419,0.0003,0.0002,0.0801,0.2145,1.9168,1.9529,6.457,0.6119,9.1448,
337,0.0303,0.3597,0.3713,0.3336,0.2044,0.1913,0.2157,0.6209,0.0003,0.0001,0.0729,0.2157,1.994,2.0275,4.5779,0.5974,7.3273,
338,0.0295,0.3209,0.3687,0.3233,0.2042,0.1837,0.2194,0.6152,0.0003,0.0002,0.0863,0.2196,1.9519,1.9846,4.5293,0.5918,7.2282,
339,0.0293,0.3157,0.366,0.3308,0.2071,0.1898,0.2216,0.6283,0.0002,0.0002,0.093,0.2054,1.9554,1.9879,4.5217,0.6013,7.2339,
340,0.0297,0.3213,0.3653,0.3268,0.202,0.1799,0.2233,0.6136,0.0002,0.0002,0.0836,0.2162,1.9456,1.9785,4.4905,0.5985,7.1889,
341,0.029,0.3206,0.3618,0.318,0.2096,0.1931,0.2216,0.6321,0.0003,0.0002,0.083,0.2109,1.9413,1.9734,4.4998,0.5889,7.1833,
342,0.0288,0.3071,0.3725,0.3225,0.2204,0.1837,0.2191,0.6286,0.0003,0.0001,0.0855,0.2043,1.9356,1.9672,4.5245,0.6075,7.2193,
343,0.0298,0.3323,0.4075,0.3485,0.2072,0.2307,0.2319,0.6856,0.0003,0.0002,0.0811,0.2278,2.1053,2.1381,4.7514,0.596,7.6141,
344,0.0303,0.2647,0.3856,0.3669,0.1984,0.1916,0.2115,0.6103,0.0003,0.0002,0.0711,0.2056,1.921,1.9558,5.6416,0.5906,8.3152,
345,0.0308,0.3225,0.3861,0.3257,0.2149,0.1856,0.2195,0.6263,0.0002,0.0001,0.0859,0.2229,1.9899,2.0242,4.5565,0.5849,7.2936,
346,0.03,0.3202,0.4081,0.3518,0.212,0.1887,0.2258,0.6338,0.0003,0.0002,0.0856,0.2234,2.0405,2.0737,4.5457,0.587,7.3383,
347,0.0305,0.2847,0.3799,0.3302,0.2154,0.1781,0.2232,0.6237,0.0002,0.0001,0.0745,0.2143,1.9246,1.9582,4.6885,0.5879,7.3594,
348,0.0297,0.3166,0.3723,0.3318,0.2129,0.1866,0.2272,0.6347,0.0003,0.0001,0.0815,0.2088,1.9639,1.9965,4.5215,0.5876,7.2284,
349,0.0294,0.3043,0.3633,0.3203,0.2048,0.1857,0.2219,0.6177,0.0002,0.0001,0.0818,0.2119,1.9155,1.9479,4.4846,0.5931,7.1471,
350,0.0289,0.3163,0.3712,0.3244,0.2158,0.1835,0.2323,0.6378,0.0003,0.0001,0.0799,0.2176,1.967,1.9989,4.4802,0.589,7.193,
351,0.0292,0.3201,0.3617,0.3249,0.2036,0.1874,0.2232,0.6222,0.0003,0.0002,0.0925,0.2107,1.9512,1.9837,4.4535,0.5838,7.1428,
352,0.0295,0.1748,0.3662,0.3309,0.2011,0.1861,0.208,0.6031,0.0002,0.0002,0.0767,0.212,1.7831,1.8171,6.1322,0.5859,8.656,
353,0.0307,0.3134,0.373,0.3409,0.2063,0.2364,0.2203,0.6689,0.0002,0.0002,0.0887,0.2186,2.0226,2.0564,4.5107,0.5849,7.2821,
354,0.0306,0.3185,0.3734,0.3389,0.2103,0.1815,0.2214,0.6227,0.0003,0.0002,0.0778,0.213,1.9615,1.9953,4.9055,0.5746,7.6017,
355,0.0292,0.3135,0.3686,0.3099,0.2112,0.1734,0.2201,0.6078,0.0002,0.0001,0.0785,0.1984,1.8902,1.9223,4.4732,0.5844,7.1014,
356,0.029,0.314,0.3543,0.2979,0.209,0.169,0.2227,0.6037,0.0002,0.0002,0.0771,0.2151,1.871,1.9029,4.5184,0.5838,7.1286,
357,0.0296,0.3116,0.3553,0.2898,0.2092,0.1673,0.2211,0.6006,0.0002,0.0001,0.0715,0.1955,1.8335,1.8658,4.5181,0.5847,7.0881,
358,0.0299,0.3108,0.3516,0.3016,0.2108,0.1663,0.2187,0.5987,0.0002,0.0002,0.0663,0.2094,1.8461,1.8788,4.5123,0.5839,7.0989,
359,0.0297,0.3051,0.362,0.3031,0.2074,0.1691,0.2177,0.5974,0.0002,0.0001,0.0773,0.2069,1.8623,1.8946,4.485,0.5724,7.0729,
360,0.0297,0.2568,0.3829,0.351,0.2052,0.1999,0.225,0.6408,0.0003,0.0002,0.0875,0.2093,1.9487,1.9823,6.8418,0.5947,9.5473,
361,0.0294,0.3219,0.373,0.3356,0.2517,0.1882,0.2295,0.6774,0.0004,0.0001,0.0725,0.2239,2.0248,2.0576,4.4705,0.5801,7.231,
362,0.0289,0.3095,0.3644,0.3157,0.2074,0.1688,0.2226,0.6016,0.0001,0.0002,0.0754,0.1923,1.8674,1.899,4.5167,0.5849,7.1218,
363,0.0296,0.3182,0.3505,0.2992,0.2093,0.1662,0.2176,0.596,0.0001,0.0002,0.0697,0.204,1.8453,1.8775,4.4565,0.5783,7.0332,
364,0.0299,0.3212,0.3646,0.3217,0.2117,0.1815,0.2222,0.6193,0.0002,0.0002,0.0689,0.2089,1.9226,1.9554,4.4478,0.5697,7.0953,
365,0.0292,0.3394,0.3583,0.3114,0.2147,0.1697,0.2269,0.6152,0.0002,0.0002,0.0722,0.2099,1.9217,1.9541,4.4973,0.582,7.1549,
366,0.03,0.3009,0.3609,0.3171,0.2149,0.1732,0.2241,0.6158,0.0001,0.0002,0.075,0.2008,1.8817,1.9148,4.4682,0.5781,7.0831,
367,0.0294,0.3167,0.3704,0.3176,0.2118,0.1703,0.2303,0.6162,0.0002,0.0002,0.0724,0.2349,1.9454,1.9781,4.4812,0.5782,7.1628,
368,0.0312,0.2534,0.368,0.3649,0.2113,0.1828,0.2188,0.6213,0.0003,0.0001,0.0873,0.2224,1.9404,1.9761,7.0225,1.0057,10.1334,
369,0.0305,0.3266,0.3822,0.3456,0.2211,0.1881,0.2357,0.6519,0.0002,0.0002,0.0906,0.2149,2.0482,2.0822,4.5793,0.586,7.3781,
370,0.03,0.3303,0.3826,0.3387,0.2133,0.1864,0.2299,0.6368,0.0003,0.0002,0.0717,0.2162,1.996,2.0296,4.5554,0.5765,7.2884,
371,0.0308,0.3087,0.3636,0.3292,0.2101,0.1763,0.2286,0.6208,0.0002,0.0002,0.078,0.2203,1.9364,1.9704,4.741,0.5764,7.4146,
372,0.0294,0.3214,0.3678,0.3305,0.2124,0.2279,0.2312,0.6799,0.0002,0.0002,0.0725,0.2053,1.9945,2.027,4.4662,0.5774,7.1954,
373,0.0296,0.3077,0.3616,0.3232,0.2206,0.1873,0.2321,0.6506,0.0003,0.0002,0.0849,0.2104,1.9519,1.9843,4.4414,0.5784,7.1245,
374,0.0289,0.3003,0.3655,0.3197,0.2137,0.185,0.2318,0.6396,0.0003,0.0001,0.0853,0.2156,1.9381,1.97,4.461,0.5788,7.1309,
375,0.0318,0.3132,0.3606,0.3302,0.2155,0.1798,0.2328,0.6338,0.0002,0.0001,0.0758,0.2068,1.9368,1.9715,4.393,0.5753,7.0622,
376,0.0307,0.1841,0.3614,0.3494,0.2061,0.1841,0.2299,0.6283,0.0003,0.0002,0.0759,0.2115,1.8305,1.8653,6.3429,0.5646,8.8984,
377,0.0296,0.3195,0.3642,0.3221,0.2202,0.1756,0.2247,0.6242,0.0002,0.0002,0.0809,0.2149,1.9404,1.9732,5.3049,0.5738,7.9749,
378,0.0298,0.311,0.3637,0.3179,0.215,0.2135,0.2291,0.6611,0.0002,0.0001,0.0729,0.2128,1.9511,1.9838,4.4736,0.572,7.1501,
379,0.0298,0.3083,0.3579,0.3139,0.217,0.1714,0.2317,0.6234,0.0002,0.0001,0.072,0.2117,1.8967,1.9291,4.4416,0.5737,7.0656,
380,0.0297,0.3063,0.352,0.3234,0.2183,0.1698,0.232,0.6233,0.0001,0.0002,0.083,0.2135,1.9125,1.945,4.4293,0.5675,7.0635,
381,0.0299,0.3208,0.3679,0.3219,0.2127,0.1661,0.2258,0.6076,0.0001,0.0001,0.0693,0.2011,1.8991,1.9317,4.4558,0.5713,7.0837,
382,0.0294,0.3099,0.3442,0.3003,0.2138,0.1696,0.2226,0.609,0.0002,0.0002,0.0742,0.2225,1.8715,1.904,4.456,0.5695,7.0543,
383,0.0295,0.3093,0.3686,0.3205,0.2174,0.1766,0.2289,0.6277,0.0002,0.0002,0.0781,0.212,1.9253,1.9577,4.4003,0.5606,7.0391,
384,0.0297,0.2682,0.3433,0.3183,0.2337,0.2097,0.2112,0.6591,0.0002,0.0002,0.0792,0.2104,1.8878,1.9215,6.078,0.5678,8.6881,
385,0.0296,0.3361,0.3667,0.3383,0.2136,0.1672,0.2212,0.6056,0.0002,0.0002,0.0663,0.199,1.9263,1.9588,4.4435,0.566,7.0925,
386,0.0295,0.3053,0.358,0.3319,0.2204,0.2279,0.2275,0.6823,0.0003,0.0002,0.0843,0.2126,1.9959,2.0285,4.4593,0.5679,7.1769,
387,0.0293,0.3091,0.3666,0.3229,0.2209,0.2362,0.2277,0.694,0.0003,0.0001,0.0882,0.2199,2.02,2.0526,4.3608,0.564,7.0983,
388,0.0289,0.3067,0.3613,0.3334,0.2171,0.1851,0.2252,0.6367,0.0003,0.0002,0.0829,0.2067,1.943,1.975,4.4404,0.5694,7.1066,
389,0.0292,0.3224,0.371,0.3284,0.2139,0.1851,0.23,0.6371,0.0003,0.0002,0.0742,0.2157,1.9674,1.9997,4.4407,0.5684,7.1333,
390,0.0292,0.3063,0.3576,0.3318,0.2122,0.2343,0.2228,0.6748,0.0002,0.0002,0.0811,0.2031,1.9729,2.0051,4.3728,0.5579,7.0577,
391,0.0292,0.3287,0.3673,0.3392,0.2144,0.1915,0.2271,0.641,0.0003,0.0001,0.0854,0.2175,2.001,2.0333,4.274,0.5518,6.9807,
392,0.0295,0.1971,0.3607,0.3183,0.2032,0.1711,0.2144,0.5919,0.0002,0.0001,0.0804,0.2568,1.8224,1.856,5.9764,0.565,8.5189,
393,0.029,0.3301,0.3803,0.3249,0.2157,0.1829,0.225,0.6302,0.0003,0.0001,0.0714,0.1988,1.955,1.9875,4.5371,0.5601,7.2059,
394,0.0294,0.3006,0.3723,0.3254,0.2106,0.1692,0.2125,0.5956,0.0002,0.0002,0.0841,0.218,1.9159,1.9489,4.4169,0.5686,7.0571,
395,0.0291,0.3107,0.367,0.327,0.2035,0.1724,0.215,0.5949,0.0002,0.0002,0.077,0.2047,1.8974,1.9294,4.4145,0.5682,7.0339,
396,0.0298,0.3074,0.3501,0.3275,0.2081,0.2131,0.2185,0.6428,0.0002,0.0001,0.0762,0.2097,1.9232,1.9558,4.3804,0.5735,7.0329,
397,0.0343,0.3328,0.3646,0.342,0.2126,0.2216,0.2184,0.6563,0.0002,0.0002,0.07,0.2111,1.9943,2.0335,4.3579,0.5641,7.1126,
398,0.0294,0.3221,0.365,0.3149,0.2155,0.1688,0.224,0.6117,0.0002,0.0001,0.0781,0.2144,1.9174,1.9499,4.4089,0.5739,7.0532,
399,0.0297,0.3193,0.3649,0.3024,0.2085,0.2129,0.2228,0.6474,0.0002,0.0001,0.0592,0.2068,1.9114,1.9439,4.3284,0.5471,6.9425,
400,0.0312,0.2523,0.3728,0.3322,0.2245,0.2887,0.2173,0.7355,0.0002,0.0002,0.0849,0.2123,2.0041,2.0398,5.5931,0.5632,8.3251,
401,0.031,0.343,0.3785,0.3379,0.213,0.1961,0.2188,0.6368,0.0002,0.0002,0.0869,0.22,2.0205,2.0549,5.1798,0.5594,7.9191,
402,0.0296,0.3097,0.3685,0.3363,0.2104,0.1848,0.2261,0.6299,0.0002,0.0001,0.085,0.2265,1.9885,2.0211,4.5044,0.563,7.21,
403,0.0292,0.3115,0.3688,0.3363,0.2138,0.2425,0.2329,0.6994,0.0003,0.0001,0.0849,0.218,2.0353,2.0675,4.3395,0.5615,7.0895,
404,0.0291,0.3083,0.385,0.3191,0.2119,0.2291,0.2243,0.6737,0.0003,0.0002,0.0896,0.2084,2.0035,2.0358,4.6478,0.5574,7.3621,
405,0.0292,0.3079,0.3676,0.3233,0.2098,0.2363,0.2267,0.6809,0.0003,0.0002,0.0832,0.2115,1.9909,2.023,4.3516,0.5604,7.0559,
406,0.0293,0.3067,0.3631,0.3241,0.2157,0.1846,0.2198,0.6259,0.0002,0.0001,0.0796,0.209,1.9274,1.9598,6.3518,0.944,9.3786,
407,0.0295,0.3272,0.3701,0.3276,0.2135,0.1782,0.2282,0.6284,0.0002,0.0002,0.0907,0.2077,1.9687,2.0013,5.1834,0.5601,7.8682,
408,0.0353,0.2141,0.3715,0.3478,0.2108,0.1882,0.2215,0.6269,0.0002,0.0002,0.0622,0.204,1.8468,1.887,5.7915,0.5656,8.3761,
409,0.0298,0.3141,0.3732,0.3321,0.2178,0.1867,0.2237,0.6352,0.0002,0.0002,0.0954,0.2018,1.9701,2.003,6.5225,0.5592,9.2064,
410,0.029,0.3043,0.3665,0.3167,0.2162,0.1832,0.2301,0.6386,0.0002,0.0002,0.0778,0.2121,1.9301,1.9623,4.3288,0.5588,6.9731,
411,0.0295,0.3165,0.3691,0.3339,0.2202,0.1819,0.2394,0.6495,0.0003,0.0001,0.0888,0.2118,1.9928,2.0258,5.8359,0.5563,8.5389,
412,0.0293,0.315,0.3708,0.306,0.2117,0.2255,0.228,0.6698,0.0002,0.0002,0.0791,0.2038,1.9529,1.985,4.3276,0.5568,6.9906,
413,0.0293,0.3065,0.3689,0.311,0.2087,0.2159,0.2209,0.649,0.0002,0.0002,0.0767,0.1975,1.923,1.9552,6.5255,0.556,9.1572,
414,0.0299,0.3075,0.3538,0.3155,0.2162,0.2129,0.2304,0.6624,0.0002,0.0001,0.0767,0.2166,1.9411,1.9737,4.3032,0.556,6.9532,
415,0.0298,0.3018,0.3415,0.3092,0.2106,0.218,0.2236,0.655,0.0002,0.0002,0.0735,0.1954,1.884,1.9165,6.6456,0.549,9.2333,
416,0.0296,0.2537,0.365,0.328,0.231,0.2096,0.2163,0.6642,0.0002,0.0001,0.0765,0.207,1.9086,1.9419,6.6698,0.8935,9.6327,
417,0.0313,0.3376,0.3771,0.3082,0.2091,0.1829,0.2234,0.6215,0.0002,0.0002,0.0629,0.2051,1.9344,1.969,5.8228,0.5651,8.481,
418,0.0298,0.4183,0.3688,0.3068,0.2103,0.1779,0.2285,0.6242,0.0004,0.0002,0.0728,0.2325,2.0414,2.0743,4.7832,0.5585,7.5373,
419,0.0285,0.3115,0.3645,0.3348,0.2138,0.1818,0.2305,0.6327,0.0002,0.0001,0.0861,0.2226,1.971,2.0027,4.4241,0.9755,7.5254,
420,0.0297,0.315,0.3828,0.3117,0.215,0.2223,0.2225,0.6683,0.0002,0.0002,0.0826,0.2052,1.9801,2.0131,5.4485,0.5535,8.1365,
421,0.0291,0.307,0.3581,0.3284,0.218,0.221,0.2382,0.6826,0.0002,0.0002,0.0841,0.211,1.9912,2.0233,5.0897,0.9896,8.2248,
422,0.0293,0.3165,0.3782,0.3307,0.2164,0.2252,0.233,0.6787,0.0002,0.0002,0.0873,0.2062,2.0134,2.0457,4.3261,0.5477,7.0401,
423,0.0293,0.3065,0.3708,0.3136,0.217,0.216,0.226,0.6623,0.0002,0.0002,0.0775,0.2074,1.9523,1.9845,6.464,0.545,9.1162,
424,0.0308,0.171,0.3726,0.3365,0.2049,0.1829,0.2407,0.6355,0.0003,0.0002,0.0949,0.2347,1.8603,1.8957,5.5431,0.9154,8.4834,
425,0.0323,0.3204,0.3807,0.3417,0.2199,0.1884,0.2322,0.6476,0.0003,0.0002,0.0877,0.2247,2.0228,2.0584,6.2102,0.5414,8.9382,
426,0.0294,0.3223,0.3674,0.3209,0.2177,0.2283,0.234,0.6878,0.0002,0.0002,0.0857,0.2111,2.014,2.0465,6.3539,0.7019,9.2236,
427,0.0296,0.3154,0.3658,0.3241,0.2165,0.2192,0.2301,0.673,0.0003,0.0001,0.0662,0.2221,1.9853,2.018,4.2669,0.5442,6.9499,
428,0.029,0.309,0.3653,0.3264,0.2196,0.2245,0.2393,0.6918,0.0003,0.0002,0.0827,0.2124,2.0052,2.0372,7.23,0.5547,9.9421,
429,0.0298,0.3537,0.3803,0.336,0.221,0.2275,0.2339,0.6891,0.0002,0.0002,0.0844,0.2215,2.0842,2.117,4.4286,0.5511,7.2177,
430,0.0294,0.3352,0.3608,0.3227,0.2187,0.2132,0.2332,0.6681,0.0002,0.0002,0.075,0.2233,1.9934,2.0257,4.3894,0.5424,7.0773,
431,0.0299,0.3238,0.3732,0.3148,0.2213,0.205,0.2306,0.662,0.0002,0.0002,0.0824,0.219,1.9904,2.0232,5.7673,0.5694,8.481,
432,0.0301,0.1762,0.3658,0.3341,0.2152,0.1702,0.2566,0.65,0.0003,0.0001,0.0798,0.204,1.8267,1.8616,6.7113,0.5508,9.2485,
433,0.0306,0.3452,0.3822,0.3503,0.2271,0.2307,0.237,0.7034,0.0003,0.0001,0.0846,0.2037,2.0858,2.1196,4.7596,0.5477,7.5534,
434,0.0296,0.319,0.3724,0.3309,0.2211,0.2179,0.2393,0.6873,0.0002,0.0001,0.073,0.2079,2.0074,2.0401,4.274,0.5436,6.9793,
435,0.0293,0.3079,0.3556,0.3328,0.2314,0.2258,0.2432,0.7104,0.0002,0.0001,0.0838,0.221,2.029,2.0614,4.2795,0.5528,7.0154,
436,0.029,0.3077,0.3737,0.3348,0.2231,0.1868,0.2395,0.6718,0.0002,0.0002,0.0803,0.2059,1.9925,2.0247,4.2957,0.5439,6.984,
437,0.0294,0.3081,0.3617,0.3173,0.2194,0.2278,0.2346,0.6874,0.0002,0.0001,0.0799,0.2029,1.9768,2.0094,4.3025,0.547,6.9831,
438,0.0295,0.3261,0.3787,0.3211,0.2133,0.1727,0.2326,0.6221,0.0002,0.0001,0.0804,0.2019,1.9457,1.9781,4.2605,0.5449,6.9042,
439,0.0292,0.3048,0.3396,0.3006,0.224,0.2109,0.2352,0.6731,0.0002,0.0002,0.0756,0.2106,1.9156,1.9478,4.3117,0.5491,6.9305,
440,0.0306,0.2082,0.3557,0.3332,0.2081,0.2281,0.2227,0.6641,0.0002,0.0002,0.0788,0.2114,1.8644,1.8993,6.5331,0.5547,9.1112,
441,0.0293,0.3387,0.3585,0.3261,0.2157,0.2197,0.2336,0.6732,0.0003,0.0001,0.0706,0.2121,1.9932,2.0253,4.2533,0.5551,6.955,
442,0.0297,0.2989,0.358,0.3007,0.2176,0.2024,0.23,0.6531,0.0002,0.0001,0.0742,0.1981,1.8934,1.9258,4.3059,0.5554,6.9077,
443,0.0296,0.3161,0.3442,0.3079,0.2197,0.2207,0.2243,0.6677,0.0002,0.0002,0.0676,0.2023,1.9143,1.9465,4.2522,0.5559,6.8745,
444,0.0304,0.3073,0.3572,0.2985,0.2089,0.2114,0.2294,0.6527,0.0002,0.0001,0.0737,0.1974,1.896,1.9291,4.2972,0.556,6.9025,
445,0.0299,0.3192,0.3463,0.3074,0.2197,0.175,0.2323,0.6305,0.0001,0.0002,0.0759,0.2138,1.9007,1.9333,4.2737,0.5544,6.8841,
446,0.0301,0.306,0.3477,0.2992,0.2144,0.2149,0.2325,0.6646,0.0002,0.0001,0.0753,0.2255,1.9327,1.9658,4.299,0.5602,6.9461,
447,0.0296,0.3136,0.3668,0.3257,0.2181,0.2336,0.2358,0.6976,0.0003,0.0002,0.0856,0.218,2.0243,2.057,4.3198,0.5594,7.0576,
448,0.0339,0.2563,0.3655,0.3923,0.2163,0.2377,0.221,0.6827,0.0003,0.0001,0.0848,0.2127,2.0132,2.052,6.0675,0.5652,8.823,
449,0.0305,0.3485,0.362,0.3135,0.2205,0.2322,0.2357,0.6927,0.0002,0.0001,0.0717,0.21,2.0147,2.0483,4.3209,0.5622,7.0575,
450,0.0292,0.3069,0.3616,0.3093,0.2192,0.2095,0.2289,0.6605,0.0002,0.0002,0.0791,0.2059,1.944,1.9765,4.3275,0.5654,6.9929,
451,0.0291,0.3268,0.3672,0.3295,0.2155,0.2277,0.2338,0.6856,0.0003,0.0002,0.0732,0.212,2.0104,2.0425,4.3015,0.5657,7.0318,
452,0.0291,0.3178,0.365,0.3367,0.2225,0.2366,0.2368,0.7036,0.0003,0.0002,0.0842,0.2113,2.0365,2.0687,4.3121,0.569,7.0712,
453,0.0294,0.3192,0.3584,0.3174,0.2151,0.2356,0.2281,0.6831,0.0002,0.0002,0.0752,0.2124,1.9801,2.0125,4.3133,0.5685,7.0142,
454,0.0296,0.3089,0.371,0.3217,0.2187,0.2304,0.232,0.69,0.0002,0.0002,0.0792,0.2021,1.9892,2.0218,4.3029,0.5671,7.0137,
455,0.0293,0.3052,0.3695,0.3222,0.2267,0.2427,0.2356,0.7141,0.0003,0.0002,0.0864,0.214,2.0283,2.0607,4.3064,0.5705,7.0581,
456,0.0358,0.2012,0.381,0.3212,0.2129,0.2325,0.225,0.6782,0.0003,0.0001,0.0828,0.2081,1.8926,1.9329,6.2889,0.5735,8.9325,
457,0.0306,0.3314,0.3671,0.336,0.2227,0.2298,0.2376,0.6986,0.0003,0.0002,0.0796,0.2115,2.0394,2.0734,5.011,0.5739,7.7815,
458,0.0293,0.3057,0.3656,0.3123,0.2249,0.2256,0.231,0.6901,0.0003,0.0002,0.0807,0.2122,1.9814,2.0138,4.3736,0.5754,7.0829,
459,0.0298,0.3209,0.3681,0.3315,0.2305,0.2264,0.2461,0.7109,0.0002,0.0001,0.0689,0.2204,2.0355,2.0683,4.3243,0.5765,7.0912,
460,0.0295,0.311,0.3727,0.3308,0.2215,0.2291,0.2348,0.6938,0.0002,0.0002,0.0837,0.2032,2.0136,2.0463,4.3032,0.5696,7.0394,
461,0.029,0.3066,0.3619,0.3161,0.2357,0.2315,0.2337,0.7093,0.0002,0.0002,0.0818,0.2129,2.01,2.0422,4.4792,0.5855,7.2278,
462,0.0293,0.3097,0.3705,0.3293,0.2282,0.2324,0.2405,0.7089,0.0002,0.0001,0.0845,0.2099,2.0309,2.0634,4.413,0.5845,7.1842,
463,0.0288,0.3193,0.3768,0.3407,0.2256,0.1834,0.2394,0.6567,0.0003,0.0002,0.0799,0.2106,2.0018,2.0339,4.3801,0.5789,7.1184,
464,0.0348,0.2993,0.3499,0.345,0.2168,0.2149,0.2687,0.711,0.0004,0.0002,0.0879,0.2271,2.0369,2.0764,7.3151,0.5698,10.0952,
465,0.0297,0.3276,0.3816,0.3252,0.2205,0.1845,0.2324,0.6457,0.0002,0.0002,0.0839,0.205,1.9875,2.0202,4.3227,0.57,7.0363,
466,0.0297,0.3168,0.3705,0.3216,0.2193,0.2294,0.2312,0.6879,0.0002,0.0002,0.0729,0.2028,1.9916,2.0244,4.364,0.5689,7.0809,
467,0.0292,0.3286,0.376,0.3305,0.2167,0.2231,0.2353,0.6822,0.0003,0.0002,0.086,0.208,2.0314,2.0637,4.2989,0.5752,7.0614,
468,0.0297,0.3417,0.3837,0.3549,0.2233,0.194,0.2483,0.6772,0.0003,0.0002,0.0826,0.2047,2.0666,2.1006,4.6866,0.6443,7.5553,
469,0.0293,0.3259,0.3621,0.3333,0.2232,0.2302,0.2408,0.7009,0.0002,0.0001,0.0861,0.2142,2.0571,2.0899,4.3512,0.5796,7.1468,
470,0.0298,0.3169,0.3844,0.3446,0.2268,0.1884,0.2379,0.6594,0.0003,0.0001,0.0833,0.2115,2.0209,2.0539,4.3162,0.5726,7.0635,
471,0.0293,0.3072,0.3671,0.3286,0.2208,0.1903,0.2386,0.6568,0.0002,0.0001,0.086,0.1985,1.9619,1.9943,4.2898,0.5805,6.9848,
472,0.0359,0.2682,0.3541,0.3966,0.2154,0.2462,0.2245,0.6942,0.0003,0.0001,0.0755,0.2008,2.0078,2.0483,6.9978,0.5714,9.7488,
473,0.029,0.3108,0.3708,0.3211,0.2233,0.1923,0.2391,0.662,0.0002,0.0002,0.0817,0.2031,1.9666,1.9986,4.2902,0.5708,6.9794,
474,0.0296,0.3111,0.3648,0.321,0.2215,0.228,0.2383,0.6961,0.0003,0.0002,0.0698,0.2075,1.9878,2.0203,4.3205,0.5751,7.0373,
475,0.0292,0.3128,0.3723,0.3316,0.2275,0.1865,0.2389,0.6628,0.0003,0.0002,0.0824,0.2043,1.9824,2.0147,4.2935,0.5752,7.0032,
476,0.0292,0.3122,0.3724,0.3134,0.2335,0.1805,0.2377,0.6574,0.0001,0.0002,0.0793,0.2108,1.9637,1.996,4.2782,0.5815,6.9768,
477,0.0297,0.3078,0.3686,0.3242,0.2222,0.18,0.2338,0.6435,0.0002,0.0002,0.0797,0.2045,1.9458,1.9786,4.2817,0.5805,6.9611,
478,0.0298,0.3165,0.3645,0.3193,0.2224,0.1797,0.2255,0.6327,0.0003,0.0002,0.0746,0.2099,1.9369,1.9697,4.2694,0.5777,6.937,
479,0.0292,0.3053,0.3648,0.3349,0.2279,0.187,0.233,0.6544,0.0003,0.0002,0.0763,0.2052,1.9592,1.9914,4.2689,0.5827,6.9631,
480,0.0353,0.2625,0.3718,0.3701,0.2118,0.1835,0.2301,0.6339,0.0003,0.0002,0.0725,0.2003,1.9293,1.9694,6.5695,0.5786,9.2476,
481,0.0291,0.3123,0.3759,0.3197,0.2255,0.2304,0.237,0.6988,0.0002,0.0002,0.0803,0.2231,2.0325,2.0648,4.2568,0.5791,7.0209,
482,0.0294,0.3146,0.3648,0.3163,0.2147,0.1695,0.2291,0.6167,0.0002,0.0001,0.0679,0.2006,1.8962,1.9286,4.2482,0.5737,6.8699,
483,0.0296,0.3056,0.3512,0.3056,0.2204,0.1698,0.2318,0.6251,0.0002,0.0002,0.0786,0.2085,1.8833,1.9156,4.2823,0.5846,6.9015,
484,0.0339,0.3045,0.359,0.3414,0.225,0.1881,0.227,0.6493,0.0002,0.0001,0.0856,0.2124,1.9707,2.0077,4.2962,0.5806,7.0063,
485,0.0292,0.3169,0.3712,0.3294,0.2246,0.2318,0.2368,0.702,0.0003,0.0002,0.0781,0.2054,2.0199,2.052,4.2911,0.5765,7.0422,
486,0.0297,0.3195,0.3704,0.3205,0.2199,0.2297,0.2342,0.6914,0.0002,0.0002,0.0787,0.1993,1.9965,2.0294,4.2759,0.5793,7.0051,
487,0.0294,0.3088,0.3648,0.3227,0.2278,0.2249,0.2361,0.6969,0.0003,0.0002,0.0918,0.2023,2.0032,2.0357,4.3077,0.5949,7.063,
488,0.036,0.2788,0.3521,0.3336,0.2129,0.2582,0.2684,0.7475,0.0003,0.0001,0.0865,0.2118,2.0302,2.0711,6.7912,0.5881,9.582,
489,0.0288,0.3189,0.3734,0.3288,0.2265,0.2297,0.2412,0.7056,0.0002,0.0002,0.0726,0.2022,2.0222,2.0541,4.2784,0.5853,7.0417,
490,0.0294,0.3215,0.361,0.3441,0.2398,0.227,0.2355,0.7106,0.0003,0.0001,0.086,0.2188,2.0597,2.0923,4.3222,0.587,7.1227,
491,0.0293,0.3024,0.361,0.3292,0.2295,0.2325,0.2402,0.7104,0.0002,0.0001,0.0853,0.2229,2.0295,2.062,4.3063,0.5928,7.0814,
492,0.029,0.3059,0.373,0.3331,0.2317,0.2322,0.2378,0.7101,0.0002,0.0002,0.0885,0.2155,2.0466,2.0787,4.2655,0.6019,7.0674,
493,0.0293,0.316,0.3659,0.3371,0.2356,0.2307,0.2418,0.7163,0.0003,0.0002,0.0885,0.2102,2.0526,2.0849,4.2996,0.5979,7.1021,
494,0.029,0.3029,0.3564,0.3247,0.2188,0.2315,0.2417,0.701,0.0003,0.0001,0.0853,0.2172,2.0055,2.0377,4.3535,0.603,7.1151,
495,0.0295,0.319,0.3615,0.3238,0.2281,0.1875,0.2478,0.6732,0.0002,0.0001,0.0893,0.2204,2.0046,2.0374,4.3985,0.6005,7.1574,
496,0.036,0.1744,0.3638,0.3308,0.2207,0.2423,0.2477,0.7193,0.0003,0.0002,0.0883,0.2152,1.9125,1.953,6.4524,0.6158,9.1539,
497,0.0293,0.3208,0.3799,0.3265,0.222,0.2348,0.234,0.6969,0.0002,0.0001,0.0783,0.2269,2.0494,2.0819,4.4342,0.6061,7.2457,
498,0.0309,0.3192,0.3641,0.3306,0.2255,0.2373,0.2361,0.7087,0.0003,0.0002,0.0739,0.2193,2.034,2.0681,4.7826,0.6085,7.5838,
499,0.0293,0.3058,0.3598,0.3273,0.2244,0.2258,0.2359,0.6952,0.0003,0.0002,0.0818,0.2141,1.9969,2.0293,4.3304,0.6038,7.0841,
500,0.029,0.3181,0.3588,0.3275,0.2239,0.2312,0.2413,0.706,0.0002,0.0002,0.0883,0.2278,2.0458,2.0779,4.3561,0.6234,7.1774,
501,0.0291,0.3198,0.3657,0.3252,0.2236,0.23,0.2422,0.7034,0.0003,0.0002,0.0853,0.2092,2.0255,2.0575,4.3717,0.6113,7.1603,
502,0.0322,0.3107,0.3733,0.3115,0.2245,0.2449,0.2376,0.7101,0.0002,0.0001,0.0767,0.2041,2.0009,2.0361,4.4742,0.6336,7.2661,
503,0.0296,0.3347,0.3726,0.3135,0.2324,0.2115,0.235,0.6818,0.0002,0.0002,0.0771,0.2059,2.0006,2.0489,4.4346,0.6089,7.2121,
504,0.0299,0.2492,0.3569,0.4131,0.221,0.2228,0.2342,0.6833,0.0002,0.0002,0.0811,0.1989,1.9978,2.0318,6.8858,0.6165,9.6544,
505,0.0296,0.3467,0.3822,0.3242,0.2242,0.2248,0.2366,0.6895,0.0002,0.0001,0.0751,0.2251,2.0582,2.0913,4.5655,0.6386,7.4212,
506,0.0312,0.3208,0.3669,0.3218,0.2215,0.2338,0.2344,0.6983,0.0003,0.0001,0.0859,0.2126,2.022,2.0564,4.5654,0.6378,7.3887,
507,0.0304,0.3049,0.3747,0.3392,0.228,0.2424,0.2426,0.7225,0.0003,0.0002,0.0834,0.2137,2.0532,2.0866,4.8529,0.6304,7.6933,
508,0.0294,0.3183,0.3599,0.3308,0.2287,0.2194,0.2388,0.6942,0.0002,0.0001,0.0797,0.2194,2.018,2.0505,4.4612,0.6241,7.2555,
509,0.0299,0.3044,0.3801,0.3473,0.2275,0.2245,0.237,0.6946,0.0002,0.0001,0.085,0.2189,2.0491,2.0821,4.4822,0.6209,7.3089,
510,0.0295,0.3134,0.3635,0.3303,0.2211,0.227,0.2356,0.6917,0.0003,0.0002,0.0871,0.2213,2.0257,2.0584,4.5217,0.6297,7.3324,
511,0.0292,0.3317,0.3699,0.3431,0.2231,0.2361,0.2395,0.7069,0.0003,0.0001,0.0867,0.2062,2.0634,2.0957,4.5073,0.6326,7.3547,
512,0.0358,0.18,0.358,0.3411,0.212,0.2301,0.2291,0.6787,0.0003,0.0002,0.065,0.3142,1.957,1.9973,6.6188,0.6302,9.3786,
513,0.0293,0.3364,0.3781,0.3309,0.2254,0.1822,0.2409,0.6576,0.0003,0.0002,0.0829,0.2071,2.0113,2.0437,5.1562,0.634,7.9566,
514,0.03,0.313,0.372,0.3333,0.2357,0.1802,0.2412,0.663,0.0003,0.0002,0.0695,0.2102,1.9776,2.0106,4.5181,0.6335,7.2869,
515,0.0293,0.3217,0.3632,0.3175,0.2259,0.1694,0.2418,0.6408,0.0002,0.0001,0.0771,0.2052,1.941,1.9733,4.4905,0.624,7.2073,
516,0.03,0.3001,0.3586,0.3001,0.219,0.1657,0.2334,0.621,0.0002,0.0001,0.079,0.2074,1.8779,1.9109,4.5678,0.6255,7.2236,
517,0.0294,0.3118,0.3565,0.3088,0.2286,0.1716,0.2368,0.6406,0.0001,0.0001,0.0753,0.2235,1.929,1.9618,4.7206,0.6241,7.4312,
518,0.0296,0.3341,0.3762,0.3392,0.224,0.1918,0.2388,0.6634,0.0003,0.0001,0.0921,0.2087,2.0328,2.0656,4.5478,0.6242,7.3577,
519,0.0291,0.3107,0.3606,0.3212,0.2315,0.1819,0.2442,0.6646,0.0002,0.0002,0.0846,0.208,1.9679,2.0048,4.6144,0.6374,7.3776,
