0,0.4447,0.7557,8.7751,0.0573,0.0038,0.7721,0.0001,0.0836,1.2258,0.0001,3.4673,3.4889,9.1089,19.094,194.001,31.69,250.489,
1,0.4552,0.7283,7.9978,0.0722,0.0049,0.7422,0.0001,0.0824,1.1793,0.0001,3.4204,3.4782,9.0076,18.2098,206.497,30.219,261.748,
2,0.4863,0.7162,8.1698,0.0712,0.0039,0.7523,0.0001,0.0793,1.2089,0.0002,3.4975,3.4848,9.1201,18.5111,188.526,30.4226,244.288,
3,0.4551,1.333,7.8477,0.0721,0.0026,0.7717,0.0002,0.0744,1.192,0.0003,3.3668,3.4309,8.9229,18.5707,191.631,30.7083,247.738,
4,0.4544,1.3103,8.2331,0.0728,0.0033,0.7261,0.0001,0.0762,1.1737,0.0002,3.3517,3.5087,8.9261,18.9351,192.751,31.01,249.505,
5,0.4519,1.3026,8.209,0.0615,0.003,0.7303,0.0001,0.079,1.1939,0.0003,3.4034,3.4624,8.9534,18.9304,192.019,30.5671,248.425,
6,0.4537,1.2837,8.0426,0.0736,0.0042,0.7187,0.0003,0.0754,1.1793,0.0002,3.3925,3.4597,8.9297,18.7236,197.125,34.9078,257.584,
7,0.5002,1.3497,8.2121,0.0687,0.0038,0.8129,0.0001,0.0795,1.1986,0.0003,3.4221,3.4469,9.0511,19.1321,218.466,37.2415,281.789,
8,0.4531,0.6975,7.8297,0.0797,0.0033,0.9042,0.0004,0.0831,1.2402,0.0001,3.6878,3.4966,9.5106,18.5007,189.099,32.0165,245.484,
9,0.4531,1.2991,7.972,0.074,0.0037,0.8322,0.0001,0.0708,1.1854,0.0003,3.4154,3.4462,9.0469,18.7864,193.804,32.1376,251.688,
10,0.4568,1.3296,8.1046,0.0762,0.0039,0.7944,0.0001,0.0757,1.2007,0.0002,3.4947,3.4571,9.1229,19.0305,193.559,40.6079,260.322,
11,0.4502,1.4027,8.1368,0.0737,0.0045,0.7992,0.0002,0.077,1.2002,0.0001,3.5586,3.4722,9.2116,19.2196,218.211,32.8075,277.207,
12,0.4598,1.2713,8.0439,0.0723,0.0032,0.8147,0.0002,0.0807,1.2311,0.0003,3.6608,3.4792,9.3735,19.1676,193.035,32.0394,251.256,
13,0.4478,1.3028,8.1572,0.0913,0.0049,0.7613,0.0001,0.0786,1.224,0.0002,3.5966,3.5075,9.2925,19.2178,264.475,55.5594,346.367,
14,0.4948,1.3207,8.2066,0.0757,0.003,0.8576,0.0001,0.0741,1.2274,0.0002,3.5951,3.5114,9.3729,19.4158,281.008,31.7985,339.438,
15,0.4571,1.3317,8.133,0.0746,0.0032,0.8575,0.0002,0.0874,1.2232,0.0002,3.5468,3.4932,9.3133,19.2555,271.811,57.2752,355.794,
16,0.4768,0.7902,9.2497,0.0769,0.0037,0.81,0.0001,0.0883,1.2419,0.0001,3.4659,3.4905,9.188,19.7197,203.44,55.4699,284.564,
17,0.4537,1.3098,8.1117,0.0801,0.0045,0.7568,0.0001,0.0742,1.2247,0.0003,3.542,3.4882,9.1941,19.0837,282.833,45.7877,354.711,
18,0.498,1.3444,8.1604,0.0726,0.0053,0.7933,0.0002,0.0753,1.212,0.0002,3.5712,3.4786,9.226,19.248,195.801,31.9848,254,
19,0.4548,1.3175,8.0578,0.0666,0.006,0.8277,0.0001,0.0789,1.2259,0.0003,3.5705,3.5063,9.3109,19.1562,219.209,37.1874,282.574,
20,0.4891,1.312,8.19,0.1091,0.0046,0.8192,0.0002,0.078,1.2349,0.0002,3.5685,3.4851,9.3238,19.3323,244.246,32.1991,302.935,
21,0.461,1.3088,8.0881,0.0705,0.004,0.7521,0.0003,0.0763,1.1785,0.0003,3.5058,3.4968,9.1098,18.9843,208.027,32.4251,266.609,
22,0.4563,1.2732,8.1222,0.0743,0.0041,0.8305,0.0002,0.0798,1.235,0.0002,3.6028,3.5251,9.3802,19.2536,198.271,32.2416,256.849,
23,0.4564,1.2976,8.0934,0.0668,0.0056,0.823,0.0002,0.0792,1.2342,0.0002,3.6245,3.512,9.3715,19.2363,201.4,32.9268,260.549,
24,0.4516,0.7117,9.3395,0.0707,0.0045,0.7376,0.0002,0.0741,1.1936,0.0002,3.3876,3.5312,9.0134,19.5295,196.746,32.0319,254.208,
25,0.4651,1.3753,8.2389,0.0742,0.0045,0.9263,0.0002,0.0806,1.2524,0.0002,3.612,3.5189,9.4921,19.5904,202.067,32.627,261.366,
26,0.4556,1.2807,8.1496,0.0743,0.003,0.8269,0.0001,0.0813,1.2275,0.0003,3.5943,3.5615,9.3931,19.2949,204.391,33.0118,263.81,
27,0.4547,1.3181,8.4284,0.0692,0.0045,0.8448,0.0001,0.0829,1.2488,0.0002,3.6541,3.5349,9.4653,19.6804,201.39,32.3547,260.493,
28,0.4897,1.2835,8.2588,0.0742,0.0044,0.854,0.0001,0.0849,1.2655,0.0001,3.6828,3.5141,9.5028,19.551,216.844,36.3887,279.839,
29,0.4547,1.3119,8.0638,0.0745,0.004,0.8146,0.0001,0.0921,1.2271,0.0002,3.6156,3.5295,9.3796,19.2268,230.041,46.2406,302.587,
30,0.4534,1.2959,7.9982,0.0688,0.0051,0.7641,0.0001,0.0733,1.2071,0.0002,3.5348,3.5873,9.267,19.0314,204.846,33.0485,263.862,
31,0.4533,1.3134,8.2959,0.0819,0.004,0.764,0.0001,0.0767,1.2389,0.0002,3.5834,3.5226,9.289,19.3652,206.554,33.1744,266.076,
32,0.4616,0.6416,9.1969,0.0771,0.004,0.7791,0.0001,0.0761,1.1805,0.0001,3.523,3.5636,9.2152,19.5271,219.684,33.4143,278.611,
33,0.4528,1.3066,8.3423,0.0755,0.0029,0.8061,0.0002,0.0844,1.3186,0.0003,3.6579,3.6211,9.5914,19.7085,218.121,33.4157,278.315,
34,0.4547,1.3069,8.2678,0.0742,0.0075,0.8718,0.0002,0.0812,1.2544,0.0002,3.6648,3.5907,9.5705,19.6177,226.527,33.5246,286.687,
35,0.4566,1.2817,8.0643,0.0631,0.0041,0.8236,0.0002,0.0739,1.2347,0.0003,3.6679,3.6607,9.5579,19.3795,217.554,33.4615,277.537,
36,0.4495,1.3004,8.1815,0.0758,0.0033,0.9,0.0002,0.0819,1.2378,0.0003,3.6444,3.5719,9.5407,19.4868,212.073,33.5667,272.104,
37,0.4842,1.3991,8.2032,0.0739,0.0045,0.7962,0.0001,0.0776,1.2348,0.0002,3.6122,3.5586,9.3769,19.4791,212.192,34.1089,272.831,
38,0.4909,1.2987,8.1729,0.0746,0.0047,0.8597,0.0002,0.0792,1.2567,0.0002,3.6813,3.5807,9.5642,19.5458,233.071,33.7133,293.411,
39,0.4918,1.3066,8.1267,0.0778,0.0047,0.9203,0.0001,0.0761,1.2475,0.0005,3.6827,3.5853,9.6205,19.5651,224.235,33.9269,284.705,
40,0.452,0.7541,8.8846,0.0778,0.0034,0.8783,0.0001,0.0776,1.2234,0.0002,3.5637,3.6084,9.4417,19.5427,212.932,33.6406,272.03,
41,0.4555,1.3297,8.049,0.0718,0.0038,0.8191,0.0002,0.0758,1.2365,0.0002,3.6823,3.602,9.5089,19.3594,224.337,35.7848,286.57,
42,0.458,1.2682,8.1621,0.0831,0.0045,0.8325,0.0002,0.0831,1.2931,0.0002,3.751,3.6125,9.686,19.5923,242.001,39.2091,307.942,
43,0.4933,1.2997,8.0215,0.0691,0.0031,0.8199,0.0004,0.0792,1.2463,0.0004,3.7736,3.6253,9.6402,19.471,221.872,34.5613,283.059,
44,0.4753,1.3358,8.7336,0.0723,0.0053,0.8736,0.0002,0.0811,1.3015,0.0002,3.7914,3.6265,9.7843,20.3475,219.808,34.2528,281.514,
45,0.494,1.2978,8.1501,0.0796,0.0042,0.8682,0.0001,0.0787,1.2673,0.0002,3.7654,3.6545,9.7465,19.7049,221.255,34.4146,282.434,
46,0.498,1.3048,8.0426,0.0741,0.0038,0.8462,0.0001,0.0788,1.2823,0.0001,3.7957,3.6543,9.7526,19.6163,225.822,42.2131,294.777,
47,0.4691,1.2856,8.0352,0.0767,0.0045,0.8376,0.0004,0.082,1.2828,0.0002,3.7761,3.6446,9.73,19.5348,237.543,35.0106,299.264,
48,0.5034,0.6338,9.3526,0.0689,0.0033,0.7885,0.0001,0.0787,1.2761,0.0001,3.7383,3.684,9.6476,20.1496,356.211,59.39,441.894,
49,0.4549,1.4045,8.1814,0.0689,0.0035,0.8116,0.0001,0.0846,1.2534,0.0002,3.7833,3.6747,9.7085,19.7663,365.155,62.0505,453.939,
50,0.4699,1.4589,9.0364,0.0692,0.0034,0.8797,0.0002,0.0774,1.2476,0.0003,3.7861,3.7385,9.8281,20.8093,390.541,61.4467,479.855,
51,0.4921,1.2881,8.1995,0.0707,0.0042,0.8315,0.0001,0.0803,1.2861,0.0002,3.8408,3.6967,9.8386,19.8373,359.31,56.9743,443.148,
52,0.4512,1.4467,9.0075,0.075,0.0036,0.9103,0.0002,0.0762,1.2952,0.0002,3.8226,3.7033,9.9141,20.8377,279.563,35.4354,342.835,
53,0.4557,1.3094,8.0238,0.0717,0.0043,0.8412,0.0002,0.1337,1.2836,0.0002,3.8398,3.6982,9.8977,19.7051,255.833,35.6688,318.265,
54,0.4554,1.3195,8.1599,0.0706,0.0028,0.8573,0.0001,0.0756,1.293,0.0003,3.87,3.7215,9.9119,19.8646,248.28,36.13,311.278,
55,0.4477,1.4796,9.0669,0.0691,0.0026,0.8407,0.0001,0.0768,1.3534,0.0003,3.8335,3.7192,9.9138,20.9236,240.445,36.3567,304.815,
56,0.4533,0.7124,7.8022,0.0751,0.0033,0.8595,0.0001,0.0814,1.3181,0.0002,3.9534,3.8105,10.1114,19.0897,247.645,37.5881,310.503,
57,0.4552,1.2949,8.1103,0.0738,0.0044,0.8901,0.0001,0.0839,1.3344,0.0003,3.9594,3.7476,10.1195,19.9987,261.534,37.5171,326.158,
58,0.4562,1.2932,8.2953,0.0718,0.0046,0.857,0.0001,0.0794,1.2968,0.0002,3.9522,3.7784,10.0653,20.1281,252.386,36.6988,316.258,
59,0.4485,1.4271,8.1222,0.0761,0.0055,0.846,0.0003,0.0778,1.3137,0.0001,3.9294,3.772,10.0487,20.0601,245.892,36.9491,309.959,
60,0.4514,1.4387,9.0496,0.0727,0.0039,0.8643,0.0002,0.0746,1.3101,0.0002,3.8718,3.7629,9.9837,20.9413,249.113,36.8673,313.964,
61,0.4906,1.3042,8.1268,0.0694,0.0035,0.8629,0.0001,0.0726,1.3099,0.0002,3.9737,3.7598,10.0649,20.0037,262.893,37.6424,327.97,
62,0.4557,1.4578,8.0866,0.0637,0.0028,0.8332,0.0001,0.1516,1.3031,0.0002,3.95,3.8228,10.1468,20.1631,262.12,37.5089,326.835,
63,0.4515,1.4282,8.1112,0.0687,0.0038,0.8382,0.0001,0.072,1.3171,0.0003,3.9834,3.8062,10.1109,20.1134,254.009,37.6792,318.849,
64,0.4757,0.8525,8.9135,0.0705,0.0034,0.843,0.0001,0.082,1.3372,0.0001,3.9266,3.8079,10.0805,20.3333,260.934,39.8384,327.01,
65,0.4684,1.2933,8.0826,0.0753,0.0024,0.8419,0.0001,0.0834,1.3258,0.0002,3.9996,3.8276,10.2573,20.1169,267.432,38.265,332.926,
66,0.4524,1.3334,8.2067,0.0712,0.005,0.8306,0.0001,0.0812,1.3133,0.0002,3.979,3.8249,10.1327,20.1426,258.84,38.1653,324.138,
67,0.501,1.3082,8.2337,0.0715,0.0066,0.8626,0.0002,0.0812,1.3498,0.0002,4.1166,3.8376,10.3526,20.4121,260.387,38.4145,326.255,
68,0.4929,1.3096,8.2641,0.0775,0.0094,0.883,0.0001,0.0765,1.3471,0.0001,4.0741,3.8556,10.3505,20.4333,262.188,38.6481,328.339,
69,0.4947,1.31,8.0749,0.0716,0.0039,0.8424,0.0001,0.0762,1.3394,0.0002,4.0886,3.8549,10.2988,20.1964,274.846,38.3389,340.537,
70,0.4515,1.2858,8.1044,0.071,0.005,0.913,0.0004,0.085,1.3712,0.0002,4.1538,3.8876,10.515,20.3768,276.889,38.5969,342.915,
71,0.4518,1.3297,8.1513,0.0744,0.0038,0.8635,0.0001,0.0753,1.348,0.0003,4.089,3.867,10.3401,20.2896,276.755,38.8554,342.981,
72,0.4548,0.7925,8.8508,0.0635,0.0037,0.8379,0.0001,0.0827,1.3211,0.0001,4.0136,3.9594,10.2965,20.4053,281.826,46.042,354.175,
73,0.4459,1.3101,8.3683,0.0698,0.0036,0.8349,0.0003,0.0769,1.3476,0.0002,4.1211,3.8813,10.3506,20.4888,271.022,39.1232,337.56,
74,0.4477,1.2464,8.2342,0.0775,0.0048,0.8644,0.0001,0.0782,1.3519,0.0002,4.1332,3.9053,10.4452,20.3889,270.319,39.0484,336.824,
75,0.4536,1.444,9.2461,0.0755,0.005,0.8366,0.0001,0.0774,1.3505,0.0002,4.1187,3.9031,10.392,21.5569,271.707,39.35,339.73,
76,0.4513,1.3236,8.1101,0.0703,0.0028,0.8574,0.0001,0.073,1.3639,0.0002,4.165,3.9067,10.4524,20.3516,273.433,46.0754,346.852,
77,0.4475,1.3171,8.1642,0.0733,0.0052,0.8528,0.0001,0.0751,1.3536,0.0002,4.1605,3.9124,10.4481,20.3902,292.917,41.4249,361.822,
78,0.4604,1.3674,9.1623,0.0716,0.0049,0.8964,0.0001,0.0823,1.3785,0.0002,4.1996,3.932,10.5952,21.6065,277.268,39.6246,345.959,
79,0.4897,1.2281,8.0792,0.0742,0.0044,0.857,0.0002,0.0781,1.3699,0.0002,4.2096,3.933,10.556,20.3698,278.084,39.7811,345.326,
80,0.4521,0.5985,9.1129,0.0674,0.0038,0.9361,0.0002,0.0771,1.3749,0.0002,4.1258,3.9471,10.5449,20.7201,299.079,49.2611,375.053,
81,0.4484,1.3098,7.994,0.0675,0.0023,0.8409,0.0001,0.0741,1.373,0.0002,4.2088,3.9415,10.5247,20.2949,293.363,40.4231,361.066,
82,0.4543,1.3055,8.0249,0.0715,0.004,0.8162,0.0001,0.0716,1.3787,0.0001,4.182,3.948,10.4894,20.2922,283.413,40.3782,351.17,
83,0.4497,1.4991,9.0298,0.0736,0.0045,0.9122,0.0001,0.0798,1.3862,0.0002,4.291,3.9638,10.7381,21.7342,282.107,40.4554,351.311,
84,0.4482,1.4453,8.1027,0.0745,0.0036,0.8326,0.0002,0.0872,1.3945,0.0002,4.2537,3.9742,10.6365,20.6463,307.171,42.5996,377.473,
85,0.4648,1.2196,8.1011,0.0663,0.0035,0.8785,0.0001,0.0779,1.4107,0.0002,4.2579,3.9963,10.7195,20.5238,286.022,40.7122,354.354,
86,0.4487,1.3365,8.1646,0.0724,0.0048,0.863,0.0002,0.078,1.4146,0.0003,4.2693,3.991,10.7189,20.6883,287.298,40.9215,355.876,
87,0.4473,1.2944,8.1856,0.0721,0.0037,0.8353,0.0001,0.0792,1.3978,0.0002,4.2664,3.9872,10.6565,20.5974,297.004,41.1853,365.912,
88,0.4675,0.7668,8.9064,0.0683,0.0035,0.8257,0.0001,0.0796,1.4742,0.0001,4.206,4.0554,10.7225,20.8756,290.131,40.8487,357.755,
89,0.4528,1.3117,7.9703,0.0709,0.0038,0.7997,0.0002,0.0717,1.3998,0.0002,4.2657,4.0032,10.6351,20.3854,292.235,41.405,361.074,
90,0.4484,1.3173,8.138,0.0744,0.0048,0.8043,0.0002,0.0712,1.3768,0.0002,4.2896,4.0198,10.6653,20.5876,293.739,41.4276,362.832,
91,0.4532,1.3094,8.1332,0.0689,0.006,0.8461,0.0002,0.0734,1.4059,0.0002,4.275,4.0143,10.7067,20.6162,313.561,41.7313,382.974,
92,0.4458,1.3035,8.1092,0.0825,0.0048,0.8812,0.0003,0.0878,1.4334,0.0002,4.3234,4.0544,10.8951,20.7687,298.081,41.9296,367.835,
93,0.4892,1.2721,7.8184,0.0699,0.0078,1.0055,0.0002,0.0822,1.4791,0.0002,4.4258,4.055,11.1515,20.7485,299.53,41.9085,369.337,
94,0.4506,1.3096,8.0366,0.071,0.0028,0.8627,0.0001,0.0747,1.4253,0.0001,4.3722,4.0414,10.8644,20.6761,298.842,42.121,368.676,
95,0.4901,1.3343,8.1349,0.074,0.0041,0.8477,0.0001,0.075,1.4247,0.0002,4.3597,4.069,10.8796,20.8584,324.709,42.1835,394.831,
96,0.4556,0.7745,8.9832,0.0724,0.0035,0.8577,0.0001,0.1459,1.4132,0.0002,4.3244,4.0997,10.9277,21.1532,299.142,42.2872,368.462,
97,0.4543,1.2808,8.1167,0.0751,0.0042,0.8662,0.0001,0.0781,1.4681,0.0001,4.3857,4.075,10.9783,20.8783,301.407,42.4028,371.693,
98,0.4891,1.3041,8.0284,0.0701,0.0039,0.8841,0.0001,0.0749,1.4421,0.0002,4.4004,4.1225,11.0164,20.8553,322.889,42.9641,394.075,
99,0.4513,1.3482,9.0914,0.0709,0.0034,0.951,0.0001,0.0801,1.4411,0.0002,4.4501,4.1007,11.123,22.0325,305.145,42.9785,377.155,
100,0.4555,1.2869,8.091,0.0693,0.0028,0.8632,0.0002,0.0738,1.4685,0.0002,4.4217,4.1025,11.0144,20.8603,305.7,43.1987,376.778,
101,0.4503,1.2805,8.192,0.0711,0.0039,0.8742,0.0001,0.0756,1.4642,0.0001,4.4283,4.094,11.0277,20.9632,307.284,43.0327,378.315,
102,0.4477,1.4338,8.2654,0.0733,0.0029,0.8779,0.0001,0.078,1.4464,0.0002,4.4512,4.1233,11.072,21.2318,321.873,43.5799,393.762,
103,0.4908,1.3456,8.0549,0.0718,0.004,0.8981,0.0001,0.0786,1.4715,0.0002,4.4406,4.1397,11.1314,21.0415,319.759,65.8596,413.741,
104,0.458,0.7891,9.1226,0.065,0.0044,0.9234,0.0001,0.0743,1.4372,0.0003,4.3813,4.1841,11.0851,21.4685,318.693,49.3321,395.637,
105,0.4523,1.2945,8.1884,0.0747,0.004,0.8579,0.0001,0.077,1.4827,0.0002,4.4436,4.149,11.1085,21.0605,320.028,43.4616,391.582,
106,0.4477,1.2888,8.1262,0.0702,0.0057,0.86,0.0001,0.0751,1.4673,0.0002,4.4682,4.1492,11.1124,20.9932,314.612,43.3969,386.051,
107,0.4481,1.3075,8.1673,0.0741,0.0049,0.873,0.0001,0.074,1.4854,0.0002,4.5013,4.1681,11.2082,21.1491,313.115,43.7719,385.082,
108,0.488,1.3684,8.1683,0.074,0.0032,0.8569,0.0002,0.0789,1.5045,0.0002,4.5137,4.1632,11.2127,21.2526,330.385,43.8304,402.631,
109,0.4586,1.3169,7.9005,0.0747,0.0043,0.9563,0.0003,0.0781,1.5166,0.0003,4.5334,4.2124,11.3972,21.0929,318.752,43.8943,391.191,
110,0.4794,1.3509,8.1718,0.0735,0.0043,0.856,0.0001,0.0775,1.4963,0.0002,4.5099,4.188,11.233,21.2552,319.423,43.9486,391.75,
111,0.494,1.5172,8.2244,0.0708,0.0039,0.876,0.0002,0.0772,1.5039,0.0004,4.5542,4.2081,11.32,21.5768,320.055,43.9344,392.566,
112,0.4562,0.6327,9.0311,0.0988,0.0039,0.9184,0.0002,0.0787,1.5236,0.0001,4.5826,4.2371,11.4525,21.5833,317.729,44.029,389.252,
113,0.4508,1.3529,8.0149,0.0691,0.0026,0.8319,0.0002,0.0745,1.5184,0.0001,4.518,4.2192,11.2567,21.0877,321.649,43.8864,393.676,
114,0.4912,1.2983,8.2356,0.0711,0.0025,0.8923,0.0003,0.0763,1.5239,0.0002,4.6179,4.2141,11.4154,21.4589,323.039,52.5396,404.081,
115,0.4992,1.307,8.2085,0.0716,0.0031,0.898,0.0002,0.0816,1.5101,0.0002,4.5833,4.3178,11.4904,21.5237,339.372,46.8726,414.794,
116,0.5078,1.2292,7.9043,0.0784,0.0042,0.9271,0.0002,0.0748,1.5264,0.0002,4.6501,4.2495,11.5394,21.201,325.675,44.2334,398.284,
117,0.4911,1.314,8.3053,0.0738,0.0041,0.9018,0.0002,0.0797,1.5297,0.0002,4.6265,4.2479,11.4866,21.6164,326.355,44.3061,399.243,
118,0.4893,1.3501,7.8966,0.0756,0.0028,0.8924,0.0004,0.083,1.5259,0.0002,4.6385,4.2487,11.4934,21.2466,335.324,44.4112,407.999,
119,0.4895,1.3681,8.2822,0.0643,0.0043,0.887,0.0002,0.0792,1.5257,0.0002,4.6223,4.2912,11.5003,21.6599,349.814,44.7079,423.126,
120,0.4743,0.8167,9.3095,0.0732,0.0033,0.8285,0.0001,0.0776,1.5044,0.0001,4.5,4.2752,11.2728,21.8867,325.738,44.6333,398.079,
121,0.4473,1.3558,8.1696,0.0798,0.0044,0.8967,0.0002,0.0801,1.5414,0.0002,4.6551,4.2637,11.5496,21.5439,336.458,45.0499,409.974,
122,0.4943,1.4512,9.2999,0.0746,0.0052,0.8639,0.0001,0.1406,1.5209,0.0001,4.6161,4.2731,11.5225,22.7885,335.164,44.8915,409.835,
123,0.4727,1.3171,8.248,0.0795,0.0042,0.877,0.0001,0.0759,1.5408,0.0002,4.7144,4.2731,11.585,21.6404,334.341,45.0018,408.163,
124,0.4956,1.3012,8.3014,0.1644,0.003,0.9125,0.0002,0.0805,1.5658,0.0002,4.7071,4.3115,11.7701,21.8862,332.602,54.1931,415.623,
125,0.4904,1.3132,8.1997,0.0705,0.0041,0.844,0.0002,0.081,1.5323,0.0001,4.5082,4.3073,11.3766,21.3977,342.46,47.2341,418.017,
126,0.4934,1.3411,9.2029,0.0637,0.0042,0.9076,0.0001,0.0808,1.5603,0.0003,4.6898,4.3232,11.6535,22.7108,335.681,45.4282,410.759,
127,0.4981,1.3333,8.0654,0.072,0.005,0.962,0.0001,0.0788,1.542,0.0005,4.6991,4.3052,11.6889,21.6052,335.843,45.61,409.934,
128,0.468,0.7362,8.9356,0.0688,0.0043,0.9293,0.0002,0.0767,1.5417,0.0002,4.6157,4.3367,11.5879,21.7443,332.509,45.5348,405.577,
129,0.4486,1.3142,8.4132,0.0704,0.0045,0.8857,0.0003,0.0829,1.5589,0.0001,4.7096,4.327,11.6659,21.8621,336.352,45.6216,410.785,
130,0.4916,1.4607,9.4242,0.0706,0.0046,0.8835,0.0001,0.0783,1.5517,0.0003,4.642,4.3774,11.6363,23.0303,334.956,45.7224,410.724,
131,0.4935,1.2945,8.3959,0.0753,0.0048,0.8988,0.0001,0.0792,1.6502,0.0002,4.8066,4.3473,11.8893,22.0901,361.156,46.3316,436.521,
132,0.515,1.3799,9.2425,0.0733,0.0035,0.863,0.0002,0.0768,1.5553,0.0001,4.6457,4.3618,11.6091,22.7636,341.747,54.7429,426.589,
133,0.4461,1.2951,8.0521,0.0692,0.0045,0.8871,0.0001,0.0806,1.5873,0.0002,4.738,4.3416,11.7321,21.5437,341.071,45.5686,415.002,
134,0.491,1.3866,9.0408,0.0829,0.0041,0.8667,0.0002,0.1612,1.5766,0.0002,4.5998,4.342,11.6599,22.5929,346.789,51.0115,427.3,
135,0.4482,1.2873,8.0808,0.0739,0.0026,0.9006,0.0001,0.0805,1.5647,0.0002,4.7598,4.3695,11.7742,21.6033,363.842,45.7257,438.087,
136,0.4854,0.6662,8.8115,0.074,0.0037,0.8826,0.0001,0.0765,1.6112,0.0001,4.7441,4.3577,11.761,21.737,334.658,45.7678,407.855,
137,0.453,1.3654,8.0591,0.076,0.0027,0.8692,0.0001,0.0783,1.5811,0.0002,4.6877,4.3463,11.6567,21.5516,354.827,46.9901,430.217,
138,0.4894,1.4017,8.0722,0.0693,0.003,0.8931,0.0002,0.0767,1.5898,0.0001,4.8003,4.3892,11.8414,21.8233,343.925,46.0001,418.604,
139,0.4498,1.3259,8.1203,0.064,0.004,0.9124,0.0001,0.0758,1.5566,0.0002,4.6249,4.3743,11.6353,21.5475,337.111,45.9884,411.509,
140,0.4889,1.3063,8.2477,0.0746,0.0047,0.8854,0.0001,0.0775,1.6019,0.0002,4.8465,4.3749,11.8922,21.9541,344.657,48.0613,421.618,
141,0.4973,1.3158,8.1987,0.0755,0.004,0.9105,0.0002,0.0788,1.5915,0.0003,4.6912,4.3935,11.7703,21.7988,368.466,45.8869,443.055,
142,0.451,1.3099,8.1385,0.0723,0.005,0.8539,0.0001,0.0799,1.6054,0.0002,4.6362,4.3853,11.663,21.5795,350.858,46.2093,425.715,
143,0.4993,1.3058,8.1244,0.0765,0.005,0.8938,0.0001,0.0819,1.5869,0.0002,4.7563,4.4062,11.8352,21.7835,337.418,46.3587,412.49,
144,0.4956,0.7934,8.837,0.0724,0.0036,0.8882,0.0002,0.0804,1.5764,0.0003,4.6608,4.4626,11.7545,21.8919,337.471,45.9969,411.04,
145,0.4969,1.4526,8.1388,0.0794,0.0028,0.8845,0.0002,0.0737,1.5741,0.0005,4.8006,4.394,11.8286,21.9336,338.533,46.2451,413.658,
146,0.4885,1.4438,9.3345,0.0728,0.0041,0.8725,0.0002,0.0799,1.5791,0.0002,4.7759,4.3774,11.7876,23.0696,340.824,50.6472,421.337,
147,0.4945,1.4867,8.1959,0.0753,0.0041,0.8634,0.0001,0.0763,1.6236,0.0002,4.7431,4.3893,11.7996,21.996,379.437,46.0824,454.332,
148,0.4937,1.4355,9.0285,0.0771,0.0071,1.039,0.0003,0.0803,1.6098,0.0003,4.7152,4.3943,11.946,22.9209,338.664,46.0121,414.48,
149,0.4887,1.3086,8.253,0.0728,0.0028,0.874,0.0002,0.1663,1.6089,0.0002,4.689,4.4052,11.8393,21.9093,340.61,46.4432,415.866,
150,0.5005,1.2345,8.1203,0.0782,0.0038,0.8273,0.0002,0.079,1.6068,0.0002,4.6844,4.3932,11.697,21.573,360.803,47.3901,436.69,
151,0.4973,1.2882,7.8678,0.0788,0.0037,0.8941,0.0004,0.0851,1.62,0.0001,4.8032,4.392,11.8959,21.5696,348.325,46.289,423.221,
152,0.4685,0.7674,7.6734,0.0695,0.0034,0.8913,0.0001,0.0797,1.645,0.0001,4.7341,4.4439,11.8769,20.7967,345.078,51.0011,422.576,
153,0.4473,1.3045,8.0956,0.0749,0.0045,0.879,0.0002,0.075,1.5884,0.0001,4.8093,4.3972,11.8487,21.7139,356.262,46.4491,431.268,
154,0.4535,1.2174,7.9409,0.0685,0.0048,0.8783,0.0001,0.0784,1.6117,0.0002,4.7716,4.4286,11.8689,21.4975,340.341,46.4145,414.963,
155,0.4498,1.3123,8.1118,0.0737,0.0037,0.8036,0.0003,0.0746,1.5996,0.0001,4.7021,4.4608,11.7321,21.6216,339.253,46.5293,414.24,
156,0.4963,1.3696,9.073,0.0725,0.0038,0.8499,0.0001,0.1655,1.6015,0.0002,4.6138,4.3981,11.7321,22.6891,350.993,54.9351,435.549,
157,0.4927,1.364,8.0364,0.0657,0.0028,0.8306,0.0001,0.0719,1.6065,0.0002,4.5945,4.3994,11.5888,21.4959,352.697,46.4112,427.467,
158,0.4568,1.4389,9.4585,0.0722,0.0047,0.8252,0.0001,0.0755,1.6218,0.0002,4.6351,4.3979,11.6587,23.0329,339.726,46.3366,415.973,
159,0.4937,1.4187,8.1864,0.0711,0.0054,0.8682,0.0002,0.0736,1.6127,0.0003,4.703,4.4288,11.7918,21.9102,340.358,51.2438,420.399,
160,0.5109,0.6226,8.9087,0.0733,0.0034,0.8946,0.0001,0.0821,1.5851,0.0001,4.5198,4.4838,11.6521,21.7054,337.632,46.1224,411.1,
161,0.4574,1.3177,11.4789,0.0706,0.004,0.9281,0.0001,0.0874,1.697,0.0002,5.0528,4.4087,12.2622,25.5369,339.813,46.4297,418.549,
162,0.448,1.3133,8.2586,0.0669,0.0038,0.8024,0.0001,0.0797,1.607,0.0001,4.6395,4.4084,11.6231,21.6569,361.343,47.1431,437.021,
163,0.4771,1.4879,9.0941,0.0706,0.0033,0.9588,0.0002,0.0778,1.6223,0.0002,4.7164,4.4103,11.8844,22.9627,354.936,46.4887,431.234,
164,0.4956,1.3086,8.2347,0.0649,0.0038,0.8656,0.0001,0.0797,1.6307,0.0002,4.7686,4.4069,11.8427,21.9008,339.694,46.5473,414.967,
165,0.4928,1.2829,8.0732,0.0774,0.0029,0.8611,0.0002,0.0759,1.6323,0.0003,4.759,4.4145,11.8436,21.7093,341.419,46.3694,416.323,
166,0.4927,1.2511,7.8983,0.0831,0.0036,0.9082,0.0001,0.0824,1.6467,0.0002,4.7135,4.4562,11.9208,21.5787,363.535,49.1847,441.161,
167,0.4664,1.2661,8.2646,0.0712,0.003,0.9209,0.0001,0.0765,1.6064,0.0002,4.7025,4.4213,11.8289,21.8402,341.959,46.8349,417.58,
168,0.4735,0.7666,9.176,0.0646,0.0038,0.8278,0.0001,0.0744,1.5967,0.0002,4.6747,4.4234,11.6759,22.1048,348.894,46.3815,423.189,
169,0.5068,1.3366,8.1171,0.082,0.0035,0.8858,0.0002,0.0756,1.6302,0.0003,4.705,4.4387,11.846,21.8245,348.135,46.4986,423.348,
170,0.4964,1.2032,7.8512,0.073,0.0036,0.917,0.0002,0.0815,1.6442,0.0002,4.7749,4.4075,11.925,21.4974,341.953,46.6228,417.014,
171,0.4937,1.3175,8.192,0.0775,0.0036,0.8169,0.0002,0.073,1.6126,0.0003,4.6524,4.417,11.679,21.7013,340.591,49.7779,418.959,
172,0.5027,1.429,9.1056,0.0775,0.0047,0.9081,0.0001,0.0718,1.6144,0.0002,4.5938,4.4213,11.7164,22.7701,342.969,46.6816,419.251,
173,0.4923,1.3117,8.2608,0.0703,0.0039,0.8568,0.0001,0.0779,1.6192,0.0004,4.6896,4.4167,11.7577,21.842,341.242,46.6503,416.723,
174,0.491,1.4447,9.0371,0.0746,0.0037,0.8881,0.0001,0.0773,1.6229,0.0002,4.7388,4.4191,11.8508,22.8424,341.04,46.4977,417.242,
175,0.4876,1.3008,8.2048,0.0703,0.003,0.8174,0.0003,0.0847,1.6099,0.0002,4.6695,4.4316,11.7049,21.7142,352.846,48.708,430.119,
176,0.4988,0.7903,9.0172,0.0722,0.0036,0.8593,0.0002,0.0801,1.6185,0.0001,4.6884,4.51,11.8432,22.1635,339.837,46.6963,414.38,
177,0.4492,1.3238,8.2685,0.0703,0.0043,0.8474,0.0004,0.0787,1.6188,0.0002,4.6668,4.4123,11.7283,21.7887,340.624,46.4315,415.652,
178,0.4852,1.3163,8.0062,0.0676,0.0047,0.8857,0.0002,0.0746,1.6224,0.0001,4.6624,4.4089,11.7524,21.5795,368.012,58.9599,455.595,
179,0.495,1.439,9.0389,0.075,0.0042,0.9128,0.0001,0.073,1.6264,0.0002,4.5841,4.4181,11.7126,22.7043,354.701,46.6591,430.924,
180,0.4836,1.2952,8.1683,0.0856,0.0053,0.8774,0.0001,0.0806,1.638,0.0002,4.7203,4.4322,11.8653,21.8323,342.638,47.1213,418.519,
181,0.4692,1.4188,7.916,0.0714,0.0036,0.8697,0.0002,0.0776,1.6366,0.0002,4.6639,4.4589,11.8031,21.6212,352.464,47.3406,428.305,
182,0.4914,1.26,8.4308,0.0636,0.0034,0.9005,0.0004,0.1503,1.6323,0.0002,4.8424,4.4355,12.056,22.2565,362.009,46.8549,437.924,
183,0.492,1.4464,9.408,0.0692,0.0028,0.8864,0.0001,0.0772,1.6327,0.0002,4.7143,4.5087,11.9139,23.277,356.956,47.0167,434.099,
184,0.4534,0.6417,9.505,0.0708,0.0039,0.8325,0.0001,0.0789,1.6183,0.0001,4.5811,4.4458,11.641,22.2516,368.636,49.1757,445.747,
185,0.4477,1.374,8.0675,0.0754,0.0042,0.8407,0.0002,0.0911,1.6192,0.0002,4.7087,4.4437,11.8098,21.7153,348.23,47.0773,423.908,
186,0.4895,1.353,8.0209,0.0739,0.0045,0.8958,0.0002,0.16,1.6471,0.0002,4.7025,4.4196,11.931,21.8142,343.728,46.754,419.205,
187,0.4887,1.3157,8.0601,0.0731,0.0046,0.853,0.0001,0.0747,1.6406,0.0002,4.7991,4.5001,11.9721,21.8562,357.372,55.1134,441.493,
188,0.4488,1.5258,8.2711,0.0809,0.0041,0.908,0.0002,0.0768,1.6472,0.0002,4.7246,4.4294,11.8913,22.1553,356.556,47.2287,432.693,
189,0.4971,1.4411,9.1216,0.0748,0.0047,0.9469,0.0001,0.0753,1.6253,0.0002,4.8055,4.4405,11.9987,23.0752,343.995,47.0551,421.057,
190,0.4889,1.2893,8.0981,0.0736,0.0038,0.8783,0.0002,0.0754,1.6362,0.0002,4.7529,4.4572,11.8952,21.7872,343.84,47.121,419.636,
191,0.4865,1.324,8.1107,0.0625,0.0029,0.8447,0.0002,0.0732,1.631,0.0001,4.7942,4.4414,11.8676,21.8044,370.459,47.1139,446.322,
192,0.4992,0.834,9.0901,0.0675,0.0037,0.8128,0.0002,0.0775,1.5818,0.0002,4.6418,4.4499,11.6446,22.0795,342.629,47.1486,417.501,
193,0.4892,1.3135,8.2612,0.0754,0.0072,0.8633,0.0002,0.0841,1.6142,0.0002,4.7414,4.4443,11.8569,21.9393,357.334,48.7238,434.766,
194,0.4879,1.5113,9.1069,0.0796,0.0039,0.8616,0.0001,0.0762,1.6339,0.0002,4.7084,4.4341,11.8211,22.983,364.897,47.2616,442.111,
195,0.4866,1.3214,8.1938,0.0765,0.0026,0.8681,0.0001,0.0774,1.6462,0.0002,4.7903,4.4325,11.9105,21.9289,344.014,46.8861,419.728,
196,0.4556,1.3676,9.0682,0.0701,0.0039,0.8924,0.0001,0.0732,1.6375,0.0002,4.6659,4.4201,11.7814,22.6905,345.773,47.1561,422.636,
197,0.5039,1.3116,8.0558,0.0705,0.0028,0.8748,0.0002,0.0783,1.6451,0.0002,4.6802,4.4406,11.811,21.6962,363.67,65.4176,457.592,
198,0.4903,1.3001,8.2655,0.0724,0.0041,0.9151,0.0001,0.0774,1.6339,0.0002,4.7633,4.447,11.9386,22.0132,345.173,47.293,421.284,
199,0.4513,1.4161,8.1837,0.0676,0.0026,0.8617,0.0002,0.0734,1.6327,0.0002,4.7427,4.4397,11.8367,21.9087,346.462,47.3955,422.649,
200,0.4517,0.6227,8.9164,0.0668,0.0034,0.8669,0.0001,0.0764,1.6126,0.0001,4.6093,4.497,11.7425,21.7446,365.083,46.9496,439.45,
201,0.4465,1.3046,8.1366,0.0726,0.0069,0.8803,0.0002,0.0772,1.6383,0.0002,4.7877,4.4574,11.9476,21.8509,345.221,47.2918,421.193,
202,0.4858,1.5273,9.087,0.0742,0.0047,0.8687,0.0001,0.0811,1.6408,0.0002,4.8184,4.4514,11.9664,23.0857,345.858,47.0866,422.939,
203,0.4923,1.3964,8.2147,0.0719,0.0059,0.8767,0.0001,0.0786,1.6436,0.0002,4.8103,4.4583,11.9756,22.0988,371.252,62.5941,462.837,
204,0.4948,1.4294,9.0731,0.0676,0.0025,0.8449,0.0002,0.0769,1.6275,0.0003,4.7674,4.4173,11.8217,22.8354,344.434,47.621,421.703,
205,0.4926,1.3159,8.122,0.0795,0.0028,0.8681,0.0001,0.0807,1.6318,0.0004,4.8471,4.4404,11.9664,21.9121,346.076,47.2484,422.175,
206,0.4913,1.3077,8.2815,0.0753,0.0045,0.881,0.0001,0.0811,1.6497,0.0005,4.8319,4.4403,11.9892,22.0889,370.113,47.2896,446.367,
207,0.4904,1.4649,9.3655,0.069,0.0038,0.8471,0.0001,0.0799,1.7055,0.0001,4.6184,4.4325,11.7841,23.1238,369.362,47.2481,446.569,
208,0.4971,0.6528,8.8053,0.0608,0.0033,0.9051,0.0001,0.0735,1.5998,0.0001,4.6952,4.4333,11.7813,21.7486,344.854,51.8143,424.142,
209,0.4625,1.3112,8.3142,0.0827,0.0037,0.9274,0.0001,0.0783,1.6475,0.0002,4.7417,4.4421,11.9426,22.0483,366.2,47.3123,442.42,
210,0.5283,1.367,9.0427,0.0652,0.0026,0.8637,0.0002,0.072,1.6455,0.0002,4.6662,4.4324,11.7622,22.7244,348.32,50.0392,427.828,
211,0.4879,1.285,8.2492,0.0726,0.0054,0.9351,0.0001,0.077,1.6227,0.0003,4.8225,4.4457,12.0062,22.0451,356.15,47.4111,432.492,
212,0.4865,1.2739,7.8337,0.0742,0.0046,0.9517,0.0002,0.0827,1.6834,0.0001,4.9438,4.4444,12.2123,21.8256,362.544,55.0432,446.272,
213,0.4512,1.2629,8.222,0.0675,0.0037,0.8331,0.0001,0.0711,1.6385,0.0002,4.6923,4.461,11.788,21.7419,348.51,50.302,427.46,
214,0.4881,1.24,8.2291,0.0746,0.0055,0.9662,0.0001,0.0767,1.6481,0.0001,4.8019,4.4465,12.0467,22.0226,351.688,47.428,427.994,
215,0.4915,1.2889,8.1267,0.0665,0.0049,0.9227,0.0001,0.0785,1.6423,0.0001,4.8677,4.4681,12.0701,21.9983,351.872,49.6064,430.297,
216,0.472,0.6236,9.3689,0.0753,0.0037,0.8509,0.0002,0.0737,1.6137,0.0001,4.646,4.507,11.7818,22.2591,343.922,47.4073,419.337,
217,0.4514,1.477,8.0913,0.0813,0.0044,0.8588,0.0001,0.0736,1.6367,0.0002,4.8084,4.4521,11.9417,21.9811,347.295,47.2511,423.439,
218,0.4921,1.4422,9.0193,0.0716,0.0057,0.862,0.0002,0.1604,1.6404,0.0002,4.7566,4.4478,11.9722,22.9433,369.303,49.0104,448.088,
219,0.4935,1.3075,8.3148,0.0713,0.0027,0.8679,0.0002,0.075,1.6409,0.0002,4.8465,4.4408,11.9589,22.0948,368.353,47.6439,444.91,
220,0.4892,1.312,8.0822,0.0675,0.0028,0.8155,0.0002,0.0721,1.631,0.0002,4.7238,4.439,11.7674,21.6667,350.802,47.3356,426.669,
221,0.4994,1.3354,8.1764,0.0757,0.0035,0.88,0.0001,0.078,1.6573,0.0003,4.6812,4.4881,11.8863,21.9152,351.572,51.5415,431.901,
222,0.4896,1.3217,8.2897,0.0767,0.0047,0.8283,0.0002,0.1626,1.6386,0.0002,4.6982,4.4563,11.8901,22.0101,354.856,47.4661,431.304,
223,0.4927,1.2985,8.4047,0.0671,0.0051,0.8639,0.0002,0.0833,1.6343,0.0003,4.8198,4.4549,11.9533,22.1712,346.362,47.4348,422.834,
224,0.4537,0.7871,9.0594,0.0746,0.0035,0.8513,0.0001,0.1581,1.6257,0.0002,4.6075,4.4428,11.7736,22.085,369.159,50.3915,447.276,
225,0.4931,1.3157,8.3913,0.0725,0.0035,0.9308,0.0001,0.083,1.6438,0.0002,4.7579,4.4615,11.9733,22.1917,351.25,47.4718,427.797,
226,0.5005,1.4533,8.9792,0.0749,0.0039,0.8436,0.0001,0.0738,1.6374,0.0001,4.58,4.4486,11.7157,22.6674,345.949,47.5999,423.077,
227,0.4908,1.3059,8.1614,0.0759,0.0049,0.881,0.0001,0.0763,1.6548,0.0002,4.7443,4.4737,11.9426,21.9201,358.214,47.5581,434.634,
228,0.4961,1.4543,9.1518,0.0687,0.0048,0.8647,0.0002,0.0783,1.6466,0.0002,4.7774,4.461,11.929,23.0493,351.474,47.516,428.961,
229,0.4983,1.3054,8.3283,0.0833,0.003,0.9602,0.0001,0.0789,1.6547,0.0001,4.7312,4.4777,12.0136,22.1653,360.243,56.2171,445.568,
230,0.4896,1.6767,8.1263,0.0669,0.0047,0.8473,0.0002,0.0724,1.6333,0.0002,4.589,4.4325,11.6668,21.9738,348.327,47.4763,424.62,
231,0.4887,1.3092,8.1336,0.0736,0.0052,0.8602,0.0002,0.0749,1.6456,0.0003,4.7627,4.5066,11.9555,21.9056,367.052,48.0618,443.898,
232,0.4603,0.6212,8.9037,0.073,0.0036,0.8616,0.0001,0.0802,1.6168,0.0001,4.7185,4.5517,11.9159,21.9118,344.367,47.5051,419.446,
233,0.4933,1.5162,8.2057,0.066,0.0052,0.8475,0.0001,0.0725,1.6459,0.0002,4.7363,4.442,11.8306,22.0628,353.526,47.4982,429.987,
234,0.4923,1.453,9.2696,0.0633,0.0038,0.8541,0.0001,0.0778,1.6398,0.0002,4.8104,4.4714,11.9407,23.1751,364.611,47.519,442.252,
235,0.4955,1.3348,8.2885,0.0824,0.0045,0.8883,0.0001,0.0784,1.6507,0.0002,4.7967,4.46,11.9913,22.129,348.035,47.798,425.04,
236,0.4856,1.4429,9.2569,0.0671,0.0025,0.8462,0.0001,0.0788,1.6223,0.0002,4.8304,4.4322,11.895,23.0966,347.54,47.7284,425.224,
237,0.4488,1.2533,8.3297,0.0748,0.0027,0.9462,0.0002,0.0894,1.6238,0.0002,4.7727,4.4544,11.9849,22.0314,373.385,47.9826,450.191,
238,0.4894,1.3888,9.2972,0.0716,0.0045,0.8663,0.0002,0.0777,1.7031,0.0002,4.7265,4.4427,11.9198,23.1113,373.221,47.7152,450.94,
239,0.4867,1.3064,8.2132,0.071,0.0028,0.9286,0.0002,0.0729,1.6306,0.0003,4.6727,4.4509,11.8425,21.8621,349.01,47.7735,425.533,
240,0.4925,0.8486,8.7305,0.0601,0.0039,0.9181,0.0002,0.0728,1.6,0.0001,4.7023,4.4578,11.8256,21.9079,344.938,47.6633,420.274,
241,0.4903,1.3172,8.1996,0.0706,0.0034,0.8839,0.0001,0.0796,1.6215,0.0002,4.8167,4.528,12.0284,22.0535,345.984,47.4983,422.457,
242,0.486,1.306,7.9075,0.0739,0.0043,0.8874,0.0002,0.1478,1.6146,0.0004,4.8121,4.4537,12.0239,21.7453,347.054,47.6002,423.291,
243,0.4926,1.2936,8.0999,0.0768,0.0043,0.8933,0.0002,0.0787,1.6559,0.0002,4.7297,4.4468,11.9117,21.8179,367.33,48.171,444.24,
244,0.5107,1.4609,8.936,0.0695,0.0032,0.8547,0.0001,0.0801,1.6501,0.0003,4.8212,4.4558,11.9556,22.8852,348.749,47.5361,426.089,
245,0.4965,1.3811,8.1738,0.0736,0.005,0.8855,0.0001,0.0782,1.6494,0.0002,4.7652,4.5259,12.0137,22.0819,346.65,47.5424,423.172,
246,0.4904,1.4533,9.3526,0.0704,0.0046,0.8396,0.0001,0.0753,1.6296,0.0002,4.7858,4.4326,11.8511,23.1628,360.13,47.6321,438.237,
247,0.5047,1.3114,8.128,0.0786,0.0052,0.873,0.0002,0.0762,1.6445,0.0002,4.7971,4.4789,11.9787,21.9413,366.162,47.5584,442.944,
248,0.4755,0.6243,8.9594,0.0678,0.0035,0.8539,0.0001,0.0727,1.5995,0.0001,4.6164,4.4689,11.6939,21.7657,345.45,47.4191,420.326,
249,0.4938,1.318,8.138,0.0732,0.004,0.8691,0.0001,0.0801,1.6493,0.0003,4.7913,4.4634,11.9562,21.9254,372.2,47.7175,448.738,
250,0.4654,1.2762,7.7519,0.0756,0.0036,0.8363,0.0003,0.0808,1.6605,0.0001,4.8219,4.4538,11.9477,21.4591,347.523,48.1706,424.096,
251,0.4884,1.3294,8.3738,0.0689,0.0051,0.8614,0.0003,0.0788,1.6511,0.0002,4.7384,4.4612,11.8903,22.099,346.591,47.6481,423.264,
252,0.4953,1.2944,8.2917,0.0724,0.0046,0.9645,0.0001,0.0865,1.6615,0.0003,4.8554,4.4587,12.1292,22.2299,359.389,47.776,436.258,
253,0.4508,1.2373,8.2617,0.0656,0.0047,0.8845,0.0002,0.0773,1.6499,0.0002,4.8033,4.5111,12.0221,21.9866,352.037,51.3744,432.3,
254,0.4928,1.4782,9.0469,0.0715,0.0026,0.8326,0.0001,0.0839,1.6381,0.0003,4.6732,4.461,11.7937,22.8311,347.522,47.6505,424.795,
255,0.4903,1.28,8.1417,0.08,0.0028,0.8625,0.0001,0.0758,1.632,0.0003,4.7035,4.5052,11.8799,21.8113,346.429,47.9558,423.221,
256,0.4993,0.6507,8.9694,0.0721,0.0035,0.8075,0.0001,0.079,1.6124,0.0001,4.568,4.488,11.6406,21.7745,345.089,47.5915,420.116,
257,0.4501,1.3153,8.239,0.0633,0.0028,0.8438,0.0001,0.0775,1.6192,0.0002,4.718,4.4446,11.7833,21.7995,346.903,47.7925,423.349,
258,0.4947,1.3206,8.2777,0.077,0.005,0.8493,0.0001,0.0772,1.6377,0.0001,4.729,4.4695,11.9691,22.0817,360.792,48.3274,438.174,
259,0.4906,1.46,9.2522,0.0767,0.0053,0.8088,0.0001,0.08,1.703,0.0003,4.7646,4.4515,11.9184,23.1421,369.157,47.4808,447.063,
260,0.486,1.3183,8.0375,0.0696,0.0048,0.7702,0.0002,0.0746,1.5933,0.0003,4.6506,4.4566,11.6468,21.5078,346.765,47.6421,422.797,
261,0.4932,1.2782,7.8495,0.073,0.0025,0.9102,0.0002,0.0731,1.606,0.0002,4.664,4.4521,11.8002,21.4393,346.372,47.649,422.319,
262,0.4978,1.32,8.3528,0.0691,0.005,0.8478,0.0002,0.0918,1.6448,0.0002,4.7704,4.4615,11.911,22.1009,374.615,48.7683,452.776,
263,0.4888,1.445,9.0643,0.0648,0.0036,0.7792,0.0002,0.0723,1.6305,0.0005,4.6897,4.4795,11.7377,22.7544,348.395,47.633,425.673,
264,0.4934,0.615,9.2461,0.0686,0.0034,0.7637,0.0002,0.0761,1.6143,0.0003,4.6638,4.487,11.6918,22.0584,360.243,49.3071,437.254,
265,0.4435,1.3125,8.1509,0.0745,0.0044,0.8348,0.0001,0.0783,1.6447,0.0002,4.6594,4.4573,11.7767,21.7024,362.992,48.234,439.758,
266,0.4525,1.2891,8.2379,0.073,0.0044,0.8858,0.0001,0.0835,1.6468,0.0002,4.8034,4.4432,11.9676,21.9663,367.518,47.5176,443.954,
267,0.4957,1.3094,8.2417,0.0652,0.0027,0.7985,0.0001,0.083,1.6219,0.0002,4.6615,4.4548,11.7063,21.7729,345.523,56.2201,430.425,
268,0.4911,1.5107,9.456,0.0682,0.0026,0.8456,0.0002,0.0771,1.6345,0.0002,4.8275,4.4659,11.9396,23.4111,360.728,47.8847,438.968,
269,0.5032,1.3105,8.3874,0.0725,0.0038,0.9561,0.0002,0.0818,1.6244,0.0003,4.9186,4.4736,12.1546,22.3752,351,47.6057,427.947,
270,0.4884,1.4522,9.3947,0.0745,0.0042,0.8133,0.0001,0.081,1.6379,0.0003,4.6765,4.474,11.7871,23.1419,347.146,47.7826,424.934,
271,0.4894,1.3074,8.0683,0.0806,0.0036,0.809,0.0001,0.0756,1.6233,0.0003,4.8359,4.4544,11.9004,21.7805,369.009,48.9686,447.016,
272,0.4497,0.7987,9.5395,0.0631,0.0033,0.8255,0.0002,0.0742,1.6155,0.0001,4.7521,4.4762,11.8201,22.6182,343.88,47.5745,419.791,
273,0.4936,1.3052,8.2614,0.0623,0.0028,0.8421,0.0001,0.0789,1.6127,0.0003,4.6928,4.4552,11.7655,21.8409,344.739,57.9144,431.716,
274,0.4889,1.2482,8.241,0.0724,0.0033,0.8595,0.0001,0.0789,1.6596,0.0003,4.7508,4.4518,11.9044,21.8983,363.3,47.7298,439.863,
275,0.4961,1.246,8.1882,0.0791,0.0033,0.8817,0.0001,0.0799,1.6969,0.0003,4.8383,4.4644,12.0753,22.023,369.053,49.4116,447.366,
276,0.4907,1.4329,9.1626,0.0742,0.0047,0.9297,0.0001,0.0875,1.6417,0.0002,4.7854,4.4594,12.0112,23.1142,345.647,47.7055,423.406,
277,0.4952,1.3094,8.3132,0.0692,0.0036,0.8497,0.0001,0.0758,1.6982,0.0002,4.7796,4.4445,11.9343,22.0658,374.666,48.7194,452.328,
278,0.4883,1.2763,7.9381,0.0785,0.0031,0.9076,0.0001,0.0768,1.6314,0.0002,4.7037,4.4652,11.8889,21.6086,348.065,47.5363,424.042,
279,0.4913,1.3228,8.1665,0.0738,0.0048,0.8894,0.0002,0.0807,1.6311,0.0003,4.801,4.4517,11.9584,21.9581,347.13,48.0145,424.054,
280,0.4503,0.6246,8.9376,0.0733,0.0046,0.8144,0.0002,0.0939,1.5866,0.0002,4.7613,4.4531,11.8024,21.8292,362.049,47.6875,437.2,
281,0.491,1.2825,8.1123,0.0875,0.0045,0.8901,0.0001,0.0773,1.6338,0.0003,4.78,4.4769,11.9786,21.8844,346.511,47.8458,423.128,
282,0.4908,1.4967,9.1026,0.0733,0.0032,0.9475,0.0001,0.0754,1.6603,0.0002,4.7943,4.4525,12.0261,23.1326,345.446,47.7108,423.194,
283,0.4892,1.3492,8.0968,0.0731,0.0044,0.8778,0.0001,0.0779,1.6412,0.0002,4.7601,4.4486,11.9064,21.8594,361.058,50.4372,440.349,
284,0.4942,1.5236,9.5424,0.0794,0.0041,0.8687,0.0001,0.0785,1.6423,0.0002,4.7739,4.4483,11.9211,23.5026,367.489,47.896,445.709,
285,0.492,1.3599,7.9188,0.0586,0.003,0.8048,0.0001,0.0751,1.6271,0.0002,4.7983,4.4464,11.835,21.625,375.118,47.7208,451.511,
286,0.4929,1.2975,7.8396,0.0705,0.0033,0.8302,0.0002,0.077,1.7088,0.0002,4.6821,4.4625,11.8586,21.5054,360.061,49.2912,437.662,
287,0.4958,1.2944,8.1623,0.0713,0.0052,0.8831,0.0001,0.08,1.64,0.0002,4.7341,4.4518,11.8919,21.8643,364.704,47.8454,441.336,
288,0.4969,0.6279,9.2866,0.0637,0.0037,0.8106,0.0001,0.0782,1.6095,0.0001,4.7534,4.4673,11.7963,22.2188,344.484,47.7337,420.077,
289,0.4507,1.3107,8.206,0.0766,0.0052,0.9152,0.0001,0.078,1.6265,0.0002,4.7657,4.4806,11.9801,21.9631,363.744,47.7464,440.389,
290,0.4893,1.5103,9.0807,0.0793,0.0046,0.8098,0.0001,0.0762,1.6341,0.0002,4.6221,4.4467,11.6941,22.823,346.269,47.5647,423.619,
291,0.4912,1.2258,8.2171,0.0739,0.0051,0.9004,0.0003,0.0797,1.6246,0.0002,4.7668,4.4551,11.9334,21.8889,346.831,48.0689,423.63,
292,0.4894,1.4353,9.019,0.0694,0.003,0.8043,0.0002,0.0811,1.6219,0.0002,4.6305,4.4535,11.6823,22.6453,359.618,53.3753,442.577,
293,0.4985,1.3375,8.0106,0.0613,0.0024,0.8675,0.0002,0.081,1.6392,0.0003,4.7357,4.4638,11.8786,21.7444,367.916,48.4432,445.018,
294,0.494,1.4303,8.9852,0.0729,0.0046,0.9195,0.0002,0.0757,1.6307,0.0003,4.7812,4.4572,11.9692,22.8984,361.116,47.6994,438.563,
295,0.4965,1.3109,8.231,0.0775,0.0046,0.8797,0.0001,0.162,1.6402,0.0005,4.8318,4.4745,12.1013,22.1608,345.82,56.0701,430.993,
296,0.4549,0.6296,9.2833,0.0614,0.0035,0.8089,0.0002,0.0795,1.5951,0.0001,4.6928,4.4758,11.7266,22.1051,344.679,47.6065,420.095,
297,0.447,1.3057,8.0707,0.0677,0.0065,0.8691,0.0002,0.0799,1.6321,0.0002,4.8302,4.4641,11.9782,21.8165,345.914,47.8106,422.354,
298,0.4878,1.305,8.2849,0.0754,0.0029,0.8836,0.0002,0.0799,1.6323,0.0003,4.7272,4.4482,11.8747,21.9714,361.786,54.5385,445.156,
299,0.4973,1.3678,7.9623,0.0685,0.003,0.7995,0.0001,0.0706,1.6275,0.0001,4.6659,4.4385,11.6887,21.532,362.394,47.7568,438.595,
300,0.4897,1.4254,8.9538,0.0642,0.0025,0.8488,0.0001,0.1635,1.6267,0.0001,4.6731,4.4413,11.8338,22.7167,345.878,47.8372,423.272,
301,0.491,1.3033,8.1917,0.0727,0.0042,0.8391,0.0001,0.0785,1.6329,0.0002,4.7565,4.4742,11.8829,21.8845,354.498,55.5511,438.789,
302,0.5053,1.4255,9.0702,0.0701,0.0039,0.8441,0.0001,0.0757,1.6281,0.0002,4.8423,4.4545,11.9363,22.9564,366.092,48.2331,444.079,
303,0.5069,1.2138,8.2079,0.0825,0.0036,0.8823,0.0001,0.0772,1.6469,0.0002,4.6766,4.4579,11.8578,21.8026,358.843,47.7489,435.324,
304,0.4538,0.7691,9.038,0.0683,0.0036,0.7841,0.0001,0.0756,1.609,0.0001,4.634,4.5107,11.6951,21.9667,369.123,47.4718,444.246,
305,0.5047,1.3208,8.2986,0.0682,0.004,0.8091,0.0001,0.0739,1.615,0.0004,4.7322,4.5384,11.865,22.0092,356.581,47.6839,433.19,
306,0.4917,1.2916,8.2886,0.081,0.0051,0.8442,0.0001,0.0852,1.6634,0.0002,4.623,4.4566,11.7849,21.8777,345.941,47.9739,422.639,
307,0.4474,1.3037,8.2106,0.0724,0.004,0.8432,0.0001,0.0838,1.6347,0.0004,4.6877,4.506,11.8591,21.8366,352.636,47.7332,429.093,
308,0.4938,1.4228,8.9421,0.0704,0.004,0.8356,0.0002,0.0777,1.6141,0.0004,4.718,4.4596,11.8121,22.6884,366.008,55.2123,450.906,
309,0.4999,1.357,8.2004,0.0717,0.0043,0.8867,0.0002,0.0776,1.6383,0.0001,4.8459,4.4569,12.0034,22.0805,344.812,47.7591,421.507,
310,0.4898,1.4426,9.2813,0.0637,0.0039,0.8582,0.0001,0.0906,1.6495,0.0003,4.6516,4.4488,11.7935,23.0276,346.465,47.8678,424.364,
311,0.4906,1.3158,8.363,0.0737,0.0039,0.9204,0.0002,0.0802,1.648,0.0002,4.8876,4.4608,12.1009,22.2893,373.556,48.0574,450.848,
312,0.4615,0.618,9.1724,0.0663,0.0047,0.8386,0.0003,0.0852,1.6139,0.0002,4.6696,4.4786,11.7724,22.0384,343.784,47.5434,419.07,
313,0.4886,1.2553,8.1337,0.0714,0.0038,0.8086,0.0002,0.08,1.6368,0.0001,4.7111,4.4558,11.7919,21.6857,354.692,51.636,434.937,
314,0.496,1.413,8.2981,0.0688,0.0051,0.8321,0.0002,0.073,1.6249,0.0002,4.8242,4.5178,11.973,22.2007,358.371,47.791,435.246,
315,0.4526,1.3133,8.2532,0.0686,0.0026,0.8411,0.0001,0.072,1.6329,0.0002,4.7326,4.4756,11.8413,21.8739,351.212,47.8293,427.904,
316,0.4891,1.309,8.1379,0.0637,0.0026,0.8458,0.0002,0.0789,1.6564,0.0002,4.6985,4.4391,11.7985,21.75,345.668,47.7321,422.088,
317,0.491,1.4975,8.2688,0.07,0.003,0.8188,0.0002,0.0753,1.6377,0.0003,4.7603,4.4472,11.8252,22.0998,371.645,47.7571,448.809,
318,0.4955,1.346,9.4797,0.0717,0.0051,0.8611,0.0002,0.0811,1.6337,0.0002,4.7733,4.5281,11.9844,23.325,346.014,47.5194,423.795,
319,0.4895,1.314,8.1551,0.0758,0.0051,0.8521,0.0002,0.0794,1.6423,0.0002,4.7305,4.4488,11.8595,21.8376,344.968,47.7674,421.453,
320,0.4929,0.7711,9.2811,0.0663,0.0034,0.8243,0.0001,0.0775,1.6103,0.0001,4.8047,4.4429,11.8397,22.3967,357.638,47.7099,433.41,
321,0.4895,1.2879,8.198,0.0637,0.0027,0.8585,0.0001,0.0812,1.6617,0.0002,4.9082,4.4574,12.0498,22.0399,360.711,47.6638,437.318,
322,0.4915,1.3142,8.1643,0.0762,0.0045,0.8926,0.0002,0.0766,1.6384,0.0002,4.7342,4.4483,11.8945,21.8827,345.116,47.7918,421.714,
323,0.4919,1.3038,8.1632,0.0712,0.0043,0.8867,0.0002,0.0795,1.6414,0.0002,4.8237,4.4752,12.0065,21.9834,373.219,47.9976,450.135,
324,0.4938,1.3002,7.8468,0.0781,0.0072,0.8504,0.0002,0.1632,1.6484,0.0002,4.7558,4.484,12.0195,21.6792,352.784,47.812,429.154,
325,0.4911,1.3182,8.1557,0.0744,0.0049,0.8868,0.0001,0.0789,1.6476,0.0002,4.7393,4.4969,11.9566,21.9426,345.754,47.7415,422.433,
326,0.4916,1.5899,9.0659,0.0711,0.0026,0.8396,0.0001,0.075,1.6246,0.0001,4.7077,4.4546,11.7882,22.9513,358.176,48.1065,436.1,
327,0.4921,1.3369,8.0974,0.0592,0.0023,0.8431,0.0001,0.078,1.6026,0.0003,4.8446,4.492,11.9479,21.8912,363.332,47.6442,439.658,
328,0.468,0.6621,8.9493,0.0737,0.0036,0.9068,0.0001,0.0788,1.6238,0.0002,4.7135,4.4849,11.8953,21.9849,344.788,47.63,420.066,
329,0.4499,1.2627,8.3257,0.0758,0.0029,0.8568,0.0001,0.0774,1.6343,0.0002,4.7408,4.4504,11.8523,21.9018,374.966,66.1543,469.92,
330,0.4964,1.3015,7.9191,0.0792,0.0027,0.9385,0.0002,0.077,1.6332,0.0002,4.7668,4.4614,11.9796,21.7132,362.618,47.7567,438.956,
331,0.4918,1.4635,8.2569,0.0755,0.0044,0.8702,0.0001,0.0826,1.6338,0.0003,4.8611,4.4824,12.0364,22.2671,345.764,47.7391,422.666,
332,0.4953,1.4442,9.2755,0.0623,0.0043,0.8099,0.0002,0.0789,1.6372,0.0001,4.627,4.4528,11.6952,22.9286,372.006,48.8914,450.742,
333,0.4961,1.3078,8.1782,0.0718,0.0026,0.865,0.0001,0.077,1.647,0.0002,4.8863,4.449,12.0129,22.0127,365.612,47.5551,442.068,
334,0.4862,1.4619,9.1673,0.0602,0.0051,0.8187,0.0001,0.0813,1.6326,0.0002,4.6772,4.4544,11.7538,22.8874,345.266,47.8302,422.856,
335,0.4916,1.3065,8.3236,0.0835,0.0044,0.9699,0.0002,0.0762,1.6358,0.0003,4.7234,4.4701,11.9902,22.1322,345.338,47.8613,422.22,
336,0.4941,0.638,9.0776,0.0621,0.0036,0.7642,0.0001,0.0728,1.6005,0.0001,4.739,4.4573,11.7095,21.935,344.978,47.6837,420.225,
337,0.4494,1.3111,8.2613,0.0739,0.0025,0.8194,0.0001,0.077,1.6375,0.0001,4.7149,4.4924,11.8393,21.8737,344.653,47.8754,421.305,
338,0.4947,1.6055,9.0722,0.0721,0.0071,0.8833,0.0001,0.0755,1.6939,0.0002,4.6885,4.4771,11.9228,23.1115,359.197,47.9996,437.167,
339,0.4942,1.3162,8.1473,0.0725,0.0049,0.8727,0.0001,0.0775,1.6489,0.0004,4.7634,4.4777,11.9487,21.9255,365.375,48.064,442.212,
340,0.4919,1.5155,8.9818,0.0677,0.0045,0.7905,0.0002,0.0741,1.5995,0.0003,4.7261,4.458,11.7385,22.7465,378.441,47.8143,455.927,
341,0.4898,1.3041,8.3867,0.068,0.0044,0.9674,0.0001,0.0738,1.6365,0.0003,4.9017,4.4518,12.1226,22.3157,346.164,55.457,430.892,
342,0.4939,1.3126,8.1972,0.0884,0.0047,0.8466,0.0001,0.0816,1.6488,0.0003,4.8009,4.4587,11.9571,21.9799,364.586,52.4448,445.969,
343,0.5077,1.2542,8.2224,0.0725,0.0037,0.7918,0.0001,0.0771,1.6411,0.0003,4.6484,4.4544,11.7117,21.7162,346.894,47.8842,423.488,
344,0.4575,0.6847,9.1819,0.0784,0.004,0.7851,0.0001,0.0873,1.639,0.0002,4.7397,4.459,11.8027,22.1377,360.836,48.9013,437.542,
345,0.4929,1.3118,8.1937,0.0773,0.0042,0.8367,0.0001,0.0804,1.6419,0.0003,4.7288,4.4602,11.8548,21.8722,361.01,47.6999,437.529,
346,0.4912,1.4275,9.0512,0.0725,0.0048,0.8081,0.0001,0.0852,1.6365,0.0002,4.7205,4.4454,11.799,22.7855,345.193,47.7609,422.629,
347,0.4955,1.3213,8.345,0.0701,0.0039,0.8677,0.0002,0.0773,1.6261,0.0002,4.7956,4.4496,11.9078,22.0892,358.979,52.0222,440.013,
348,0.5092,1.328,7.8874,0.0695,0.0047,0.8262,0.0002,0.0784,1.7142,0.0002,4.6708,4.4519,11.8409,21.5857,374.033,48.9091,451.454,
349,0.4945,1.3012,8.3719,0.0733,0.0046,0.8429,0.0002,0.083,1.6392,0.0002,4.7006,4.4674,11.8369,22.0266,367.709,47.7584,444.368,
350,0.4912,1.4603,7.9916,0.073,0.0048,0.8417,0.0002,0.0822,1.7008,0.0002,4.6645,4.4476,11.8392,21.8031,345.429,47.8313,421.847,
351,0.4894,1.308,8.0931,0.0735,0.0042,0.8427,0.0002,0.0805,1.6425,0.0002,4.7721,4.458,11.8996,21.8082,364.165,51.4344,444.236,
352,0.4516,0.7493,9.3032,0.0586,0.0038,0.7851,0.0003,0.1895,1.5634,0.0001,4.7907,4.4625,11.8634,22.3781,344.162,47.753,419.927,
353,0.454,1.3257,8.1866,0.0666,0.0034,0.873,0.0001,0.0783,1.6347,0.0002,4.8311,4.4552,11.9675,21.9492,355.717,47.6956,432.395,
354,0.4891,1.3916,8.0638,0.0803,0.0036,0.8089,0.0002,0.0761,1.6375,0.0002,4.721,4.518,11.8625,21.8244,368.935,48.1084,445.669,
355,0.4897,1.4445,9.0396,0.0733,0.0048,0.8797,0.0001,0.0811,1.635,0.0002,4.7271,4.4568,11.8834,22.8745,345.133,47.7382,422.618,
356,0.4896,1.4333,8.296,0.0761,0.0037,0.8445,0.0004,0.0752,1.6374,0.0002,4.7272,4.4863,11.872,22.1078,346.365,47.8255,423.289,
357,0.4934,1.3129,7.8827,0.0723,0.0028,0.8562,0.0004,0.077,1.6405,0.0001,4.7465,4.4482,11.8596,21.5673,373.574,48.8099,450.856,
358,0.4902,1.3924,8.1738,0.0716,0.0041,0.8143,0.0002,0.0852,1.6325,0.0002,4.732,4.482,11.8455,21.9225,351.435,47.8916,428.215,
359,0.4898,1.4318,7.9111,0.0739,0.0028,0.8141,0,0.0841,1.6453,0.0002,4.6803,4.5374,11.8535,21.7067,351.073,47.8116,427.467,
360,0.5102,0.6581,9.0618,0.0669,0.0032,0.7903,0.0001,0.081,1.6139,0.0001,4.6984,4.48,11.7439,21.9854,344.297,47.8802,419.881,
361,0.492,1.3754,8.1942,0.0776,0.0043,0.865,0.0003,0.0765,1.6339,0.0002,4.6577,4.4548,11.7964,21.8759,345.101,48.0943,421.913,
362,0.4895,1.4572,9.2159,0.0736,0.0043,0.7635,0.0001,0.073,1.6348,0.0002,4.6098,4.4515,11.6402,22.8188,345.544,48.0103,423.276,
363,0.5015,1.3051,8.2815,0.0715,0.0036,0.7868,0.0002,0.0725,1.6808,0.0003,4.6839,4.4584,11.7749,21.8779,388.236,47.5537,464.562,
364,0.4911,1.3617,9.2513,0.0748,0.0041,0.8655,0.0002,0.075,1.6347,0.0002,4.6658,4.4617,11.8092,22.9299,344.546,47.7395,422.126,
365,0.4888,1.305,8.3082,0.0705,0.0028,0.8095,0.0001,0.0786,1.6367,0.0002,4.6964,4.4518,11.7649,21.8856,345.554,47.6663,421.953,
366,0.4923,1.2938,8.1554,0.0733,0.0043,0.8122,0.0002,0.0945,1.6429,0.0002,4.6662,4.4651,11.7856,21.7464,357.549,50.2842,436.5,
367,0.4969,1.454,9.351,0.0746,0.0059,0.8164,0.0002,0.0816,1.629,0.0002,4.6549,4.4629,11.7508,23.0724,364.856,48.0309,443.118,
368,0.4562,0.7625,8.9825,0.0722,0.0035,0.8436,0.0002,0.0744,1.6108,0.0002,4.6485,4.4661,11.7301,21.9437,344.597,49.0767,421.365,
369,0.4899,1.3137,8.1932,0.0749,0.0035,0.8385,0.0001,0.0788,1.6436,0.0002,4.7456,4.4572,11.8659,21.8809,359.542,47.5847,435.92,
370,0.4888,1.5218,9.5185,0.0668,0.0029,0.8057,0.0002,0.0721,1.6362,0.0003,4.6505,4.4514,11.7114,23.2596,354.897,47.858,432.979,
371,0.4905,1.3034,8.1033,0.0758,0.0044,0.8292,0.0002,0.0889,1.6436,0.0003,4.7414,4.4814,11.8914,21.8086,346.359,47.8769,423.007,
372,0.4607,1.2978,8.2306,0.0712,0.0049,0.8309,0.0001,0.0812,1.5943,0.0002,4.7552,4.437,11.7971,21.8074,364.162,48.2009,441.182,
373,0.491,1.3078,8.0551,0.0656,0.0028,0.8186,0.0002,0.077,1.612,0.0002,4.7141,4.4459,11.749,21.6219,367.076,47.9067,443.427,
374,0.4921,1.4338,8.1196,0.0596,0.0029,0.8128,0.0002,0.0766,1.6203,0.0003,4.688,4.4505,11.7378,21.7998,345.788,47.8792,422.349,
375,0.5012,1.3155,8.3462,0.0723,0.0071,0.8709,0.0002,0.0889,1.6329,0.0002,4.763,4.4647,11.9253,22.1066,345.407,56.8383,431.338,
376,0.4546,0.6925,8.8789,0.0621,0.0044,0.8581,0.0001,0.0793,1.5973,0.0002,4.6252,4.4433,11.6839,21.7238,343.362,47.8638,418.584,
377,0.486,1.2899,8.0552,0.0745,0.0047,0.8722,0.0001,0.0801,1.6382,0.0003,4.7811,4.4982,11.9814,21.8317,345.429,48.016,422.196,
378,0.4504,1.4588,9.2894,0.0691,0.0043,0.8664,0.0001,0.0791,1.6913,0.0003,4.7268,4.4419,11.9057,23.1238,362.548,53.0886,445.621,
379,0.4906,1.457,8.0509,0.0749,0.0066,0.7622,0.0003,0.0754,1.6184,0.0002,4.6432,4.4484,11.655,21.6719,362.887,47.7281,439.176,
380,0.4958,1.2706,7.8933,0.0755,0.0049,0.897,0.0001,0.0773,1.6274,0.0002,4.747,4.4581,11.9133,21.589,345.499,47.8992,421.972,
381,0.497,1.3069,8.3509,0.0751,0.0052,0.8763,0.0001,0.079,1.6423,0.0003,4.8476,4.4671,12.0179,22.19,345.329,55.7869,430.365,
382,0.4916,1.3217,8.3713,0.0807,0.0043,0.8713,0.0002,0.0794,1.64,0.0002,4.7223,4.4612,11.8852,22.0878,376.839,47.9281,453.705,
383,0.4929,1.2916,8.0795,0.0767,0.0043,0.8371,0.0002,0.0773,1.6412,0.0002,4.7109,4.4508,11.823,21.7079,345.799,47.9716,422.311,
384,0.4776,0.6254,9.0695,0.0656,0.0038,0.8082,0.0001,0.0755,1.6092,0.0002,4.7531,4.4659,11.7954,21.9808,368.422,48.0445,444.173,
385,0.4913,1.3408,7.9786,0.0698,0.0051,0.8077,0.0002,0.0699,1.6113,0.0002,4.7057,4.4463,11.7418,21.5706,352.01,47.9916,428.432,
386,0.487,1.303,7.9588,0.0795,0.0036,0.8241,0.0002,0.0784,1.631,0.0001,4.7798,4.4622,11.8766,21.6437,365.35,47.971,441.922,
387,0.4926,1.2769,8.0954,0.0757,0.0028,0.8537,0.0002,0.0836,1.6323,0.0002,4.8194,4.4379,11.9189,21.8393,352.717,51.4524,432.942,
388,0.5052,1.3726,8.1581,0.0686,0.0039,0.8936,0.0001,0.0775,1.6469,0.0002,4.6977,4.4795,11.8971,21.9546,363.626,48.3197,440.891,
389,0.4987,1.3018,8.0967,0.0713,0.0028,0.8569,0.0002,0.0743,1.6426,0.0002,4.7086,4.464,11.836,21.752,346.675,47.9772,423.369,
390,0.4902,1.302,8.221,0.1005,0.0043,0.8376,0.0001,0.0797,1.6392,0.0002,4.6714,4.4623,11.8131,21.8431,345.199,48.0377,422.018,
391,0.4927,1.2952,8.1534,0.0706,0.0037,0.8622,0.0001,0.0763,1.6016,0.0002,4.8056,4.4482,11.8879,21.8457,375.265,47.8981,451.961,
392,0.4986,0.6991,8.8018,0.0715,0.0039,0.8045,0.0002,0.0784,1.6173,0.0001,4.6456,4.5153,11.7508,21.7632,350.015,48.0367,425.5,
393,0.4934,1.313,8.2454,0.0625,0.0029,0.82,0.0002,0.078,1.6487,0.0003,4.7727,4.4474,11.8565,21.928,369.974,48.059,446.852,
394,0.4961,1.4873,9.1835,0.0673,0.0038,0.8589,0.0001,0.0825,1.6388,0.0002,4.6718,4.4419,11.7899,22.9765,367.264,47.7823,444.937,
395,0.4915,1.4851,8.0488,0.063,0.0043,0.7753,0.0001,0.0731,1.599,0.0003,4.7463,4.4598,11.7462,21.7907,364.58,48.0747,441.366,
396,0.495,1.298,8.197,0.0741,0.0045,0.8268,0.0002,0.0856,1.6459,0.0002,4.6777,4.4553,11.7973,21.8041,346.864,47.8825,423.428,
397,0.4904,1.3331,8.0673,0.0638,0.0037,0.8155,0.0001,0.0773,1.6468,0.0003,4.6985,4.4601,11.7938,21.7038,364.377,49.287,442.441,
398,0.4584,1.3108,8.248,0.0617,0.0035,0.8423,0.0002,0.0757,1.6539,0.0001,4.652,4.4445,11.7495,21.7851,358.483,48.0639,435.197,
399,0.4966,1.2894,8.1506,0.0825,0.0044,0.8349,0.0001,0.0797,1.6454,0.0002,4.6935,4.4529,11.8203,21.7751,346.275,48.3211,423.271,
400,0.4695,0.7638,8.8423,0.071,0.0038,0.8481,0.0002,0.0741,1.6134,0.0001,4.5714,4.4887,11.6816,21.7697,344.271,47.93,419.695,
401,0.4857,1.3207,8.3197,0.0635,0.0043,0.8634,0.0002,0.1577,1.6301,0.0002,4.6923,4.455,11.8899,22.0355,346.457,48.0522,423.462,
402,0.4922,1.3907,9.225,0.0703,0.0041,0.8241,0.0001,0.0806,1.7046,0.0002,4.7102,4.4615,11.8828,23.0104,345.855,47.9379,423.784,
403,0.4913,1.3073,8.3223,0.0797,0.0103,0.8524,0.0002,0.0876,1.6368,0.0002,4.7241,4.4501,11.8659,22.0039,367.247,48.2757,444.478,
404,0.493,1.3688,9.4547,0.084,0.0065,0.816,0.0002,0.0832,1.6387,0.0003,4.673,4.4521,11.7833,23.1196,365.694,47.9011,443.603,
405,0.491,1.2848,8.1664,0.0709,0.0047,0.8727,0.0001,0.0839,1.6324,0.0002,4.6472,4.4777,11.8176,21.7792,347.395,47.7909,423.876,
406,0.4868,1.4615,8.1967,0.0781,0.0056,0.8374,0.0001,0.08,1.6483,0.0003,4.8103,4.4637,11.9529,22.1152,359.744,57.8069,446.634,
407,0.4852,1.5121,8.0986,0.0718,0.0049,0.7785,0.0003,0.0737,1.6191,0.0002,4.6884,4.4582,11.7199,21.8329,361.951,47.9027,438.576,
408,0.4545,0.8068,9.2087,0.0625,0.0036,0.7697,0.0001,0.0737,1.5888,0.0001,4.5851,4.4394,11.5331,22.0144,345.825,54.5646,428.111,
409,0.5007,1.3026,8.3127,0.0679,0.0038,0.807,0.0001,0.0748,1.6327,0.0003,4.6911,4.5154,11.8128,21.9468,365.541,53.207,447.592,
410,0.5083,1.4377,9.1446,0.0707,0.006,0.8228,0.0002,0.0785,1.6208,0.0002,4.6142,4.4589,11.6971,22.8033,345.521,47.9699,423.383,
411,0.491,1.308,8.1149,0.0739,0.0054,0.839,0.0002,0.0799,1.638,0.0003,4.6818,4.4605,11.8092,21.7396,346.367,47.98,423.014,
412,0.4865,1.3086,8.0398,0.072,0.0048,0.8282,0.0001,0.0798,1.6274,0.0003,4.7148,4.4632,11.8176,21.6704,369.328,48.1703,446.052,
413,0.4943,1.4596,9.3811,0.0739,0.0044,0.8187,0.0001,0.0806,1.6381,0.0003,4.6952,4.4847,11.8244,23.1769,356.171,47.9909,434.248,
414,0.4905,1.3766,8.0832,0.0661,0.0038,0.8647,0.0002,0.0807,1.6333,0.0003,4.8525,4.4487,11.9777,21.9453,364.632,48.2018,441.66,
415,0.4534,1.4069,7.8676,0.0835,0.0039,0.8311,0.0001,0.0779,1.6502,0.0002,4.774,4.4752,11.9254,21.6721,355.44,50.4606,434.553,
416,0.4513,0.6347,8.9819,0.0725,0.0035,0.851,0.0001,0.0759,1.6172,0.0001,4.6814,4.4771,11.7886,21.869,344.959,48.0529,420.594,
417,0.4727,1.2889,8.0858,0.0706,0.0029,0.8575,0.0001,0.0763,1.6428,0.0002,4.7202,4.4565,11.8462,21.7095,346.369,48.0377,423.031,
418,0.4963,1.3078,8.3186,0.074,0.0049,0.8353,0.0001,0.0821,1.6382,0.0001,4.7023,4.4476,11.8065,21.9498,369.805,48.7946,447.538,
419,0.4863,1.4929,9.0195,0.0827,0.0056,0.9492,0.0001,0.0797,1.6376,0.0002,4.6582,4.4418,11.9158,22.9343,356.547,48.145,434.544,
420,0.4907,1.3184,8.2296,0.073,0.0049,0.835,0.0004,0.0785,1.6198,0.0002,4.6583,4.4682,11.7656,21.8226,346.575,47.8865,423.179,
421,0.4939,1.3164,8.3255,0.0725,0.0068,0.8472,0.0004,0.0839,1.6449,0.0002,4.666,4.4532,11.7984,21.9567,354.308,48.9207,432.114,
422,0.4876,1.316,8.1296,0.0748,0.0041,0.8525,0.0001,0.0865,1.6378,0.0003,4.7813,4.4712,11.9371,21.8898,347.388,48.4507,424.758,
423,0.4883,1.2956,7.9291,0.0766,0.0044,0.8989,0.0002,0.0833,1.6373,0.0003,4.6711,4.4456,11.8456,21.5778,366.102,48.0189,442.663,
424,0.4518,0.7796,8.9698,0.0643,0.0036,0.8095,0.0001,0.0794,1.6057,0.0004,4.6493,4.4829,11.7048,21.9176,368.98,48.2664,444.836,
425,0.4945,1.2994,8.2199,0.0676,0.0044,0.8249,0.0002,0.0835,1.6237,0.0002,4.6061,4.4652,11.6991,21.732,358.578,47.9583,435.19,
426,0.4522,1.3351,8.093,0.0718,0.0051,0.8737,0.0002,0.0801,1.6358,0.0002,4.6768,4.455,11.8243,21.7234,346.923,48.0012,423.52,
427,0.4513,1.5242,9.4698,0.0748,0.004,0.8159,0.0001,0.0818,1.6496,0.0002,4.6645,4.447,11.7539,23.2141,356.595,47.9153,434.65,
428,0.502,1.3152,8.3644,0.0706,0.005,0.8342,0.0002,0.0755,1.6399,0.0002,4.6418,4.459,11.7497,21.9489,368.857,48.18,446.04,
429,0.4908,1.3112,8.2438,0.0648,0.0045,0.8007,0.0002,0.0796,1.583,0.0002,4.6836,4.4492,11.6928,21.7593,346.602,48.2432,423.55,
430,0.4565,1.3156,8.2612,0.0739,0.0039,0.8675,0.0001,0.0814,1.6381,0.0002,4.7511,4.4665,11.902,21.9495,347.404,48.0838,424.349,
431,0.4899,1.3568,9.0348,0.0764,0.0049,0.8714,0.0001,0.0777,1.6574,0.0002,4.6378,4.4532,11.8035,22.7038,356.501,56.2961,442.505,
432,0.4541,0.6216,8.9638,0.0702,0.0037,0.8077,0.0002,0.076,1.5971,0.0002,4.5625,4.4342,11.5601,21.6104,345.179,47.9631,420.405,
433,0.4942,1.3134,8.2732,0.0702,0.0054,0.8261,0.0002,0.0804,1.6219,0.0002,4.7584,4.4501,11.8338,21.9365,355.817,48.0583,432.698,
434,0.4942,1.2723,8.2366,0.0672,0.0037,0.8191,0.0001,0.0741,1.64,0.0003,4.7359,4.4641,11.8309,21.8508,374.415,48.255,451.41,
435,0.485,1.3805,8.155,0.0747,0.0037,0.819,0.0001,0.0767,1.6085,0.0002,4.6564,4.4755,11.737,21.7751,346.957,47.9812,423.691,
436,0.4783,1.2648,7.8045,0.0727,0.0035,0.8701,0.0001,0.0758,1.6523,0.0004,4.8027,4.4403,11.9398,21.5032,347.748,48.2567,424.459,
437,0.4859,1.33,8.3774,0.0763,0.0039,0.8249,0.0002,0.0799,1.6376,0.0003,4.8242,4.4673,11.9434,22.1564,372.909,47.8348,450.186,
438,0.4495,1.4351,8.9805,0.0631,0.0043,0.8061,0.0001,0.0797,1.7032,0.0002,4.5929,4.4525,11.7237,22.6081,357.937,47.9246,435.57,
439,0.4644,1.3248,8.2445,0.0739,0.0028,0.8755,0.0001,0.0725,1.633,0.0002,4.6829,4.4435,11.8039,21.8578,346.945,48.0276,423.7,
440,0.4521,0.7898,8.7839,0.075,0.0036,0.8155,0.0001,0.0789,1.6095,0.0001,4.6833,4.4568,11.7323,21.7686,356.848,48.0209,432.338,
441,0.4658,1.3492,8.1909,0.0751,0.0067,0.8227,0.0001,0.0833,1.6233,0.0002,4.6796,4.4545,11.773,21.7968,348.619,47.9934,425.482,
442,0.4942,1.3257,8.1531,0.0712,0.0026,0.814,0.0001,0.0793,1.6067,0.0003,4.7551,4.4465,11.7929,21.7854,346.543,47.8091,423.067,
443,0.4896,1.301,8.114,0.0742,0.0039,0.8246,0.0001,0.082,1.6409,0.0003,4.7294,4.4547,11.8291,21.7529,364.951,47.9246,441.536,
444,0.4909,1.3043,8.2198,0.0788,0.0031,0.8676,0.0001,0.0777,1.6382,0.0002,4.8332,4.4567,11.9838,22.0185,357.589,47.8996,434.532,
445,0.4526,1.3151,8.3095,0.0701,0.0037,0.8241,0.0001,0.0789,1.6115,0.0002,4.7201,4.4424,11.7666,21.86,348.203,47.9729,424.924,
446,0.4538,1.4379,9.1399,0.0734,0.0041,0.8023,0.0001,0.1646,1.6195,0.0002,4.7238,4.4632,11.8782,22.9285,361.362,50.3423,441.546,
447,0.4926,1.3144,8.1691,0.066,0.0053,0.8858,0.0001,0.0909,1.6315,0.0003,4.7433,4.4544,11.905,21.9008,353.434,51.0889,433.444,
448,0.4521,0.6685,9.0866,0.0795,0.0035,0.807,0.0001,0.078,1.6076,0.0001,4.5806,4.5073,11.6733,21.8911,345.808,56.4703,429.877,
449,0.4499,1.2505,8.2332,0.073,0.0036,0.8788,0.0001,0.0788,1.6201,0.0002,4.7136,4.4636,11.8569,21.81,364.062,48.3521,441.244,
450,0.4826,1.2039,7.8429,0.0787,0.0049,0.8186,0.0002,0.0841,1.6279,0.0002,4.631,4.4506,11.7252,21.278,362.618,47.9663,438.853,
451,0.4915,1.2935,8.1615,0.0786,0.0047,0.8827,0.0001,0.0783,1.6138,0.0002,4.7002,4.4464,11.8674,21.8334,348.84,47.9633,425.47,
452,0.4978,1.5064,9.1057,0.0734,0.0041,0.8125,0.0004,0.0897,1.633,0.0002,4.7883,4.453,11.8799,23.0083,362.609,54.9936,447.738,
453,0.4939,1.3156,8.413,0.0775,0.0034,0.8555,0.0002,0.1471,1.6189,0.0002,4.7586,4.4711,11.9576,22.1996,354.989,49.2105,433.364,
454,0.4904,1.4296,7.9941,0.0705,0.0042,0.7974,0.0002,0.0748,1.6282,0.0002,4.7604,4.4474,11.8038,21.7353,348.294,47.8843,424.856,
455,0.4951,1.2927,8.0845,0.0711,0.0045,0.8212,0.0001,0.0898,1.638,0.0001,4.6002,4.4609,11.7113,21.6026,356.232,50.7332,435.65,
456,0.4565,0.7917,8.9944,0.0725,0.0038,0.7865,0.0004,0.0752,1.6094,0.0001,4.5752,4.4686,11.6029,21.8634,344.864,48.0711,420.582,
457,0.4545,1.3109,8.2953,0.0691,0.0032,0.8127,0.0002,0.0928,1.6353,0.0003,4.761,4.4594,11.8621,21.9422,346.276,48.2084,423.329,
458,0.4535,1.3579,7.8693,0.0694,0.0028,0.8318,0.0001,0.0763,1.6424,0.0002,4.5885,4.4378,11.6631,21.3593,370.147,49.5623,448.361,
459,0.5,1.4134,8.1907,0.0696,0.0047,0.7991,0.0002,0.0709,1.6339,0.0003,4.6996,4.4393,11.7327,21.8551,352.207,47.9136,428.883,
460,0.4906,1.451,9.3215,0.0713,0.0031,0.7944,0.0001,0.077,1.6253,0.0003,4.5915,4.4643,11.6514,22.9308,361.452,47.919,439.32,
461,0.491,1.3204,8.3437,0.0704,0.0024,0.7979,0.0001,0.074,1.6359,0.0002,4.805,4.4642,11.8729,22.0478,357.366,47.8828,434.158,
462,0.49,1.2713,7.9167,0.0757,0.0037,0.8747,0.0001,0.0822,1.673,0.0002,4.794,4.4732,12.0067,21.7039,364.598,48.0367,441.324,
463,0.492,1.3099,8.284,0.0711,0.004,0.8288,0.0001,0.0788,1.6393,0.0004,4.7071,4.4434,11.8011,21.9075,347.644,48.0191,424.543,
464,0.4625,0.6314,8.8833,0.0705,0.0047,0.8979,0.0001,0.0983,1.6061,0.0001,4.6689,4.4528,11.8163,21.8067,365.978,49.8686,443.376,
465,0.4906,1.3106,8.0845,0.0602,0.0043,0.7676,0.0002,0.0726,1.6082,0.0002,4.6268,4.4628,11.6294,21.5338,348.29,47.8767,424.606,
466,0.4989,1.3587,8.9853,0.0718,0.0051,0.7996,0.0002,0.0772,1.6286,0.0002,4.5938,4.4406,11.6421,22.5041,346.674,48.083,424.291,
467,0.4927,1.2923,8.2001,0.0773,0.0044,0.8211,0.0002,0.0801,1.6374,0.0002,4.6198,4.4672,11.7338,21.7358,357.101,48.9537,434.819,
468,0.5047,1.4243,9.0915,0.0751,0.0038,0.8139,0.0001,0.0773,1.6198,0.0002,4.7634,4.4522,11.8309,22.8722,365.271,50.6534,446.004,
469,0.4903,1.2616,7.9786,0.0644,0.0038,0.7507,0.0002,0.0723,1.6101,0.0002,4.6585,4.4433,11.6227,21.373,365.671,47.9707,441.991,
470,0.4894,1.2866,8.1095,0.0772,0.0048,0.8042,0.0001,0.0756,1.6344,0.0002,4.8054,4.4403,11.8556,21.761,346.784,47.9267,423.391,
471,0.5019,1.3183,8.1556,0.0718,0.0052,0.8806,0.0001,0.0886,1.6481,0.0002,4.7026,4.4851,11.9095,21.903,374.465,47.8688,451.163,
472,0.4746,0.8067,8.995,0.0779,0.0038,0.8229,0.0002,0.0826,1.6608,0.0002,4.7144,4.4693,11.8416,22.131,344.056,47.7818,419.699,
473,0.4532,1.3635,8.2243,0.0693,0.0036,0.8913,0.0002,0.0744,1.6224,0.0002,4.7638,4.4537,11.8955,21.9524,356.527,48.8625,434.221,
474,0.4932,1.4461,9.4046,0.0623,0.0034,0.8101,0.0001,0.0821,1.6388,0.0002,4.62,4.4718,11.7134,23.0766,356.014,48.1093,434.077,
475,0.4909,1.3038,8.1231,0.0706,0.0037,0.8287,0.0001,0.0799,1.6409,0.0003,4.6742,4.4507,11.7742,21.7141,346.299,48.0391,422.937,
476,0.4991,1.2944,7.8456,0.0717,0.0044,0.8247,0.0002,0.0793,1.7275,0.0003,4.6367,4.4512,11.8212,21.4822,346.5,47.8687,422.851,
477,0.489,1.2905,8.1233,0.0778,0.0026,0.8021,0.0001,0.0752,1.6423,0.0002,4.622,4.438,11.6744,21.5928,366.038,47.8143,442.423,
478,0.4551,1.3035,8.1143,0.0696,0.0038,0.8203,0.0001,0.0802,1.6387,0.0002,4.7681,4.4741,11.8799,21.769,352.8,48.3843,429.88,
479,0.5069,1.314,8.1129,0.0806,0.0048,0.8246,0.0003,0.0731,1.6377,0.0002,4.6898,4.4519,11.7886,21.7433,351.066,47.9765,428,
480,0.4649,0.6501,9.3643,0.0733,0.0039,0.7818,0.0001,0.0768,1.6068,0.0001,4.6329,4.4882,11.6738,22.1632,344.304,48.0573,420.249,
481,0.4515,1.3045,8.0956,0.076,0.0049,0.8193,0.0002,0.0778,1.6404,0.0002,4.6181,4.4554,11.7214,21.5894,346.517,47.993,422.978,
482,0.4868,1.4788,9.3383,0.0705,0.0068,0.8196,0.0001,0.0776,1.6482,0.0002,4.6832,4.4602,11.7935,23.118,346.778,47.932,424.758,
483,0.489,1.3184,8.077,0.0766,0.0079,0.8325,0.0001,0.0755,1.6421,0.0003,4.6732,4.4704,11.8427,21.7466,360.236,51.6492,440.719,
484,0.4519,1.4886,9.1634,0.0745,0.0056,0.816,0.0002,0.0789,1.6179,0.0002,4.587,4.5043,11.713,22.8316,346.224,47.7876,423.74,
485,0.5003,1.3141,8.5303,0.0747,0.0064,0.8402,0.0002,0.079,1.6349,0.0002,4.7249,4.4474,11.8351,22.1969,344.768,47.9547,421.884,
486,0.4986,1.3077,8.1416,0.0752,0.0041,0.8946,0.0001,0.0805,1.644,0.0002,4.6878,4.4707,11.8843,21.8522,358.487,55.3714,442.62,
487,0.4933,1.3068,8.1221,0.0661,0.0036,0.7577,0.0002,0.0773,1.615,0.0002,4.7074,4.4367,11.679,21.6197,365.359,48.053,442.006,
488,0.4977,0.7286,7.6924,0.0669,0.0037,0.8306,0.0001,0.0819,1.6571,0.0002,4.6048,4.4707,11.726,20.6565,344.798,55.4609,426.59,
489,0.4504,1.2983,8.0369,0.073,0.0028,0.8423,0.0003,0.0756,1.6204,0.0001,4.7714,4.4437,11.8482,21.6492,362.388,48.2406,439.341,
490,0.4902,1.3903,9.3881,0.0722,0.0029,0.7879,0.0001,0.0898,1.6973,0.0002,4.7182,4.4406,11.8273,23.1164,346.151,48.6215,424.81,
491,0.4946,1.4971,8.1536,0.0804,0.0052,0.8576,0.0003,0.0775,1.6369,0.0004,4.7271,4.4607,11.8729,22.036,345.045,48.0849,422.101,
492,0.4906,1.4531,9.3071,0.0688,0.0057,0.8211,0.0001,0.0764,1.6236,0.0003,4.5834,4.431,11.6354,22.9031,362.331,52.4696,444.721,
493,0.4927,1.3899,8.0752,0.0753,0.0045,0.7671,0.0001,0.0824,1.6136,0.0003,4.5592,4.4578,11.5828,21.5583,358.59,47.8642,434.977,
494,0.4498,1.4602,7.8774,0.0719,0.0041,0.8156,0.0001,0.0775,1.6142,0.0002,4.5207,4.4385,11.5699,21.3736,346.081,47.8249,422.231,
495,0.4966,1.315,8.4012,0.0812,0.0032,0.8144,0.0001,0.0777,1.7015,0.0003,4.7308,4.438,11.8628,22.0908,345.281,56.4544,430.824,
496,0.494,0.675,9.1686,0.069,0.0034,0.8394,0.0001,0.0747,1.6527,0.0001,4.7644,4.4854,11.9039,22.2535,344.308,47.905,420.119,
497,0.4922,1.3277,8.1065,0.0743,0.0053,0.819,0.0002,0.0786,1.6371,0.0002,4.7609,4.4411,11.841,21.7873,346.064,48.0344,422.808,
498,0.4547,1.2792,7.7356,0.069,0.0027,0.8335,0.0001,0.0797,1.6462,0.0002,4.6124,4.498,11.7635,21.2496,361.581,53.8555,443.499,
499,0.4949,1.3202,8.1207,0.0651,0.0044,0.8321,0.0002,0.0748,1.6748,0.0003,4.7325,4.4566,11.8682,21.8226,357.413,47.7422,433.95,
500,0.4873,1.4825,9.3665,0.0694,0.003,0.8144,0.0002,0.077,1.6232,0.0003,4.5968,4.4608,11.6689,23.0211,345.527,47.8047,423.303,
501,0.4874,1.3465,8.219,0.0722,0.0043,0.8341,0.0001,0.0899,1.6409,0.0002,4.6748,4.4376,11.7682,21.8357,345.567,52.0792,426.43,
502,0.4517,1.3072,8.107,0.0702,0.0027,0.822,0.0001,0.0775,1.5843,0.0002,4.685,4.4393,11.6955,21.5726,356.674,48.4774,433.636,
503,0.4559,1.5086,9.0564,0.0786,0.0042,0.954,0.0001,0.0823,1.6504,0.0002,4.7949,4.4544,12.0484,23.084,346.95,47.798,424.817,
504,0.456,0.7227,7.9776,0.0903,0.0037,0.7932,0.0001,0.0793,1.6394,0.0001,4.6446,4.4931,11.7535,20.9203,366.828,47.5959,441.011,
505,0.4876,1.3112,8.0432,0.0805,0.0042,0.8206,0.0002,0.076,1.6262,0.0002,4.7301,4.4466,11.8097,21.6693,361.725,48.0233,438.377,
506,0.4916,1.4783,9.0924,0.0706,0.0048,0.8156,0.0001,0.0797,1.6966,0.0001,4.5956,4.4385,11.7269,22.8068,357.446,51.0966,438.195,
507,0.4904,1.3105,8.1698,0.0811,0.0039,0.8314,0.0001,0.0782,1.6268,0.0002,4.6679,4.4614,11.7728,21.7633,346.642,55.4321,430.793,
508,0.496,1.3558,8.1033,0.0697,0.0028,0.799,0.0001,0.0766,1.6299,0.0002,4.6357,4.449,11.6803,21.6527,353.236,56.5473,438.361,
509,0.4934,1.4191,8.2901,0.0869,0.0055,0.8273,0.0004,0.081,1.6299,0.0003,4.7024,4.4612,11.825,22.0473,345.988,47.8984,422.809,
510,0.4501,1.2963,8.1043,0.073,0.0027,0.87,0.0001,0.0771,1.6399,0.0002,4.7122,4.4345,11.8312,21.6992,345.09,47.8099,421.51,
511,0.4903,1.3069,8.3025,0.0814,0.0044,0.8686,0.0002,0.0786,1.6283,0.0002,4.6992,4.4677,11.8548,21.9714,370.918,48.2555,448.086,
512,0.498,0.6288,8.905,0.0745,0.0037,0.9082,0.0001,0.0766,1.6145,0.0002,4.6097,4.4586,11.7565,21.801,344.039,47.6835,419.237,
513,0.4686,1.3111,8.1071,0.0701,0.0027,0.8148,0.0001,0.0765,1.6089,0.0003,4.6034,4.4324,11.6243,21.5272,351.786,52.0556,432.224,
514,0.4959,1.3891,9.1757,0.0654,0.0032,0.8085,0.0001,0.0742,1.5997,0.0002,4.6714,4.4604,11.7,22.7771,365.636,53.8538,449.123,
515,0.4977,1.2493,8.2689,0.0685,0.003,0.8919,0.0002,0.0881,1.6265,0.0004,4.6755,4.457,11.8357,21.8704,360.434,51.0667,440.387,
516,0.4915,1.2406,7.8247,0.0705,0.0031,0.8066,0.0002,0.0816,1.6114,0.0002,4.5775,4.4562,11.6325,21.2089,344.952,47.891,421.027,
517,0.4924,1.4666,8.3075,0.0645,0.0046,0.8324,0.0002,0.0772,1.6379,0.0002,4.5864,4.4512,11.6799,21.9656,363.144,48.1606,440.285,
518,0.4959,1.3121,8.3294,0.0681,0.0029,0.8705,0.0002,0.0762,1.6408,0.0003,4.6302,4.4381,11.7444,21.9021,359.869,48.0554,436.861,
519,0.487,1.2844,8.2048,0.0792,0.0034,0.9137,0.0002,0.0901,1.6594,0.0002,4.803,4.4544,12.0278,22.0232,345.469,48.1934,422.66,
