0,0.0202,0.2802,0.3248,0.3735,0.1864,0.1995,0.1879,0.5838,0.0003,0.0002,0.0805,0.1793,1.8411,1.8653,1.7311,0.2583,3.9833,
1,0.0201,0.2954,0.4531,0.3491,0.21,0.2554,0.1855,0.6594,0.0002,0.0002,0.0952,0.1794,2.0476,2.0707,1.6748,0.2946,4.1974,
2,0.0227,0.3304,0.3585,0.4109,0.1821,0.2543,0.1894,0.6364,0.0002,0.0002,0.0776,0.1774,2.0116,2.0374,2.3528,0.3057,4.8268,
3,0.0204,0.3023,0.3386,0.4156,0.1849,0.2179,0.1855,0.6017,0.0003,0.0002,0.1012,0.1992,1.9812,2.0048,2.2206,0.4539,4.942,
4,0.0201,0.494,0.3603,0.3454,0.1769,0.2493,0.1882,0.6216,0.0002,0.0002,0.0999,0.1879,2.1352,2.159,1.7061,0.2592,4.2342,
5,0.0204,0.3119,0.3152,0.3959,0.1998,0.2371,0.2016,0.6548,0.0003,0.0003,0.1097,0.2403,2.0564,2.0802,2.1992,0.2554,4.6436,
6,0.0198,0.2997,0.3238,0.3432,0.1884,0.1754,0.1863,0.5595,0.0003,0.0002,0.0751,0.1795,1.7992,1.8218,1.6856,0.2909,3.9156,
7,0.0198,0.3081,0.2908,0.3432,0.2037,0.3421,0.2215,0.7757,0.0002,0.0002,0.1249,0.1667,2.0256,2.0487,1.6644,0.302,4.1341,
8,0.0223,0.2073,0.2989,0.3685,0.2043,0.193,0.2004,0.6067,0.0002,0.0002,0.0876,0.2898,1.8776,1.9049,3.0569,0.3107,5.6215,
9,0.0208,0.3135,0.3566,0.394,0.2034,0.2473,0.2101,0.6712,0.0002,0.0002,0.0921,0.1882,2.0332,2.057,2.4614,0.306,4.9431,
10,0.019,0.3007,0.3146,0.3423,0.2024,0.2507,0.2055,0.6686,0.0002,0.0002,0.1003,0.1789,1.9244,1.9464,1.6943,0.3104,4.0745,
11,0.0193,0.298,0.3351,0.5089,0.2227,0.2357,0.2107,0.6771,0.0002,0.0002,0.0913,0.1802,2.1056,2.1277,1.8447,0.3122,4.3996,
12,0.0196,0.3143,0.3197,0.3675,0.2046,0.1914,0.1993,0.6034,0.0002,0.0002,0.0717,0.168,1.8625,1.8849,1.9158,0.4644,4.3755,
13,0.02,0.1726,0.32,0.3749,0.2052,0.2321,0.2059,0.6528,0.0003,0.0002,0.1003,0.1811,1.8208,1.8434,1.7019,0.3008,3.9552,
14,0.021,0.2941,0.3021,0.3194,0.2014,0.2413,0.2079,0.6575,0.0003,0.0002,0.0696,0.1633,1.8196,1.8433,3.014,0.5342,5.4981,
15,0.0192,0.3139,0.3315,0.3593,0.2164,0.2447,0.2207,0.6936,0.0003,0.0002,0.0944,0.1794,1.9931,2.0152,1.9719,0.3076,4.4016,
16,0.0234,0.2715,0.3172,0.3592,0.1963,0.2314,0.2002,0.634,0.0002,0.0002,0.074,0.1716,1.8444,1.8722,3.0237,0.4499,5.5019,
17,0.0195,0.3136,0.3291,0.3775,0.1973,0.1859,0.2067,0.5935,0.0002,0.0002,0.0951,0.1828,1.9074,1.9297,2.3672,0.3105,4.7216,
18,0.0198,0.4339,0.3097,0.3468,0.196,0.24,0.2148,0.6583,0.0002,0.0002,0.0847,0.1907,2.0484,2.071,1.845,0.3027,4.3229,
19,0.0194,0.289,0.3062,0.3328,0.2181,0.2357,0.2203,0.6798,0.0002,0.0002,0.0828,0.1675,1.8734,1.8956,2.1973,0.3099,4.5384,
20,0.0192,0.3154,0.3061,0.3423,0.2136,0.2263,0.2225,0.6673,0.0002,0.0002,0.0793,0.1653,1.8886,1.9105,1.8904,0.3058,4.2188,
21,0.0234,0.2992,0.3219,0.5372,0.2075,0.2385,0.2503,0.7045,0.0003,0.0002,0.097,0.1741,2.16,2.1862,1.9183,0.3018,4.5336,
22,0.0192,0.3097,0.3258,0.3509,0.2153,0.2304,0.2326,0.687,0.0002,0.0002,0.0945,0.1759,1.9616,1.9835,2.1918,0.292,4.5928,
23,0.0197,0.3023,0.3146,0.3065,0.2092,0.1795,0.2138,0.6057,0.0002,0.0002,0.08,0.1677,1.7873,1.8096,1.9346,0.3015,4.1639,
24,0.0224,0.1738,0.3188,0.4019,0.225,0.2745,0.2177,0.7218,0.0002,0.0002,0.1054,0.1836,1.9336,1.9612,3.2155,0.4819,5.7965,
25,0.0198,0.2937,0.3875,0.3671,0.2316,0.2489,0.2329,0.7232,0.0003,0.0002,0.102,0.2057,2.1004,2.1234,3.3021,0.5053,6.051,
26,0.0201,0.3308,0.3691,0.3679,0.2216,0.2457,0.2529,0.7273,0.0003,0.0002,0.1032,0.2164,2.1392,2.1623,3.3947,0.3927,6.1469,
27,0.0209,0.3221,0.371,0.3703,0.2304,0.247,0.2322,0.7203,0.0003,0.0001,0.0992,0.3318,2.2393,2.2636,3.3325,0.3225,6.0444,
28,0.0196,0.335,0.3483,0.3564,0.2368,0.2592,0.2393,0.7436,0.0002,0.0002,0.1103,0.1965,2.106,2.1286,2.9864,0.53,5.7558,
29,0.0227,0.3369,0.327,0.4101,0.2169,0.2584,0.224,0.7078,0.0003,0.0001,0.1148,0.2235,2.1391,2.1649,3.7149,0.545,6.5336,
30,0.0195,0.3384,0.3459,0.3675,0.2153,0.2322,0.2323,0.6902,0.0002,0.0002,0.1068,0.2385,2.1064,2.1289,3.7893,0.5637,6.6686,
31,0.0209,0.3436,0.3356,0.3722,0.2178,0.2049,0.2175,0.6529,0.0003,0.0002,0.1023,0.183,2.0099,2.034,3.8152,0.5614,6.5415,
32,0.0267,0.3055,0.3471,0.3693,0.2045,0.253,0.21,0.6726,0.0002,0.0002,0.0724,0.1762,1.9706,2.0023,3.4019,0.3041,5.8928,
33,0.02,0.3093,0.3238,0.3746,0.2199,0.2471,0.2219,0.6973,0.0002,0.0002,0.0905,0.1802,1.9928,2.0157,2.7907,0.309,5.3705,
34,0.0207,0.293,0.3324,0.3687,0.2221,0.2418,0.2398,0.7117,0.0002,0.0002,0.1109,0.227,2.0615,2.0854,3.1012,0.3427,6.4591,
35,0.0193,0.3336,0.2833,0.3549,0.2222,0.2555,0.2258,0.7134,0.0002,0.0002,0.0929,0.1992,2.0002,2.0225,2.5479,0.5356,5.2226,
36,0.0189,0.2999,0.3072,0.4663,0.1933,0.2096,0.2157,0.6238,0.0002,0.0002,0.095,0.1639,1.9648,1.9863,2.4773,0.3084,4.8846,
37,0.0194,0.2994,0.3162,0.3729,0.2253,0.2482,0.215,0.6977,0.0003,0.0002,0.0935,0.1804,1.9773,1.9996,2.7198,0.3114,5.1417,
38,0.0198,0.3029,0.3202,0.3716,0.2063,0.2298,0.218,0.6632,0.0002,0.0002,0.0954,0.187,1.9594,1.9821,2.4353,0.4446,4.9719,
39,0.0207,0.1763,0.2975,0.3486,0.2064,0.241,0.2189,0.6721,0.0002,0.0001,0.0801,0.1755,1.7634,1.7868,2.4391,0.3168,4.6424,
40,0.0208,0.2206,0.3245,0.3512,0.2139,0.2586,0.2207,0.7025,0.0002,0.0002,0.0859,0.1969,1.9043,1.9296,2.85,0.3233,5.2169,
41,0.0204,0.3123,0.3135,0.4078,0.2291,0.3701,0.2125,0.8195,0.0003,0.0002,0.0753,0.217,2.1625,2.1859,2.5546,0.3368,5.213,
42,0.02,0.303,0.3296,0.3702,0.2172,0.2411,0.2278,0.6936,0.0003,0.0003,0.0841,0.1944,1.9919,2.0149,3.1564,0.338,5.6625,
43,0.0203,0.3387,0.3505,0.3883,0.2387,0.2966,0.2375,0.7864,0.0002,0.0002,0.0928,0.1994,2.1777,2.2014,4.4717,0.5928,7.3705,
44,0.0194,0.3437,0.3567,0.3797,0.2263,0.2538,0.2235,0.7128,0.0002,0.0002,0.0939,0.1748,2.0769,2.0996,2.9597,0.4295,5.6198,
45,0.0196,0.2478,0.3003,0.3477,0.2211,0.242,0.2381,0.7135,0.0003,0.0002,0.0997,0.1864,1.9139,1.9363,2.4753,0.3234,4.8424,
46,0.0197,0.3024,0.4814,0.362,0.2091,0.2286,0.2324,0.6783,0.0001,0.0002,0.0864,0.1856,2.113,2.1356,2.4861,0.3242,5.0542,
47,0.0194,0.307,0.3047,0.3541,0.2142,0.263,0.2387,0.7262,0.0002,0.0002,0.0911,0.1877,1.9932,2.0155,2.7513,0.3283,5.2105,
48,0.0209,0.1671,0.3201,0.3476,0.2103,0.2471,0.2099,0.676,0.0003,0.0002,0.0732,0.3329,1.9398,1.9655,4.3032,0.5875,7.0678,
49,0.0201,0.3176,0.3241,0.3622,0.216,0.2518,0.2494,0.7218,0.0002,0.0002,0.118,0.1852,2.0469,2.07,2.7972,0.336,5.3076,
50,0.0196,0.3007,0.3153,0.3594,0.2107,0.2398,0.2239,0.6852,0.0002,0.0002,0.0894,0.178,1.9459,1.9682,2.8062,0.3372,5.2464,
51,0.0197,0.3111,0.3356,0.3425,0.2111,0.2343,0.2273,0.6796,0.0002,0.0002,0.0874,0.1896,1.9636,1.9861,2.5739,0.5003,5.2273,
52,0.02,0.3058,0.3159,0.3387,0.2144,0.2184,0.2247,0.6611,0.0002,0.0002,0.1041,0.2146,1.959,1.9818,3.444,0.3374,5.8865,
53,0.0193,0.3255,0.3245,0.4883,0.2272,0.2452,0.2165,0.6967,0.0003,0.0002,0.0963,0.1846,2.1376,2.1597,2.8504,0.3409,5.4722,
54,0.0198,0.3256,0.3292,0.3974,0.2148,0.2474,0.2203,0.6931,0.0002,0.0002,0.1025,0.1926,2.075,2.0979,2.9259,0.3584,5.5459,
55,0.0194,0.3118,0.3311,0.3786,0.2102,0.248,0.2179,0.685,0.0002,0.0002,0.1024,0.1964,2.0281,2.0509,2.6922,0.3302,5.1797,
56,0.0224,0.2107,0.3469,0.3553,0.2144,0.238,0.2143,0.6759,0.0002,0.0002,0.0652,0.1842,1.8599,1.8873,3.4077,0.3363,5.7763,
57,0.02,0.3234,0.3291,0.3748,0.2209,0.2414,0.2176,0.6865,0.0002,0.0002,0.0808,0.1778,1.9901,2.0133,3.8731,0.3369,6.3356,
58,0.0197,0.303,0.3157,0.343,0.2002,0.2664,0.2253,0.7057,0.0003,0.0002,0.0955,0.1861,1.9656,1.988,3.2614,0.3671,5.7378,
59,0.0187,0.1946,0.3332,0.333,0.2057,0.2378,0.2123,0.6637,0.0003,0.0002,0.0924,0.1921,1.8283,1.85,2.4989,0.3284,4.787,
60,0.0191,0.2958,0.3245,0.3448,0.2158,0.2881,0.2155,0.7268,0.0002,0.0002,0.0834,0.19,1.9882,2.0106,2.5079,0.3351,4.956,
61,0.0187,0.3016,0.3049,0.3317,0.2101,0.2277,0.2097,0.6543,0.0003,0.0002,0.0882,0.1637,1.8572,1.8785,2.8615,0.333,5.186,
62,0.0194,0.2996,0.3286,0.3412,0.215,0.2118,0.2124,0.6426,0.0002,0.0002,0.0765,0.186,1.8914,1.9139,2.5218,0.3302,4.8741,
63,0.0195,0.3484,0.2725,0.3556,0.2089,0.2444,0.2159,0.6767,0.0003,0.0002,0.0915,0.1989,1.9602,1.9826,4.4913,0.6432,7.2794,
64,0.021,0.2671,0.3263,0.3609,0.2039,0.2567,0.2114,0.6781,0.0002,0.0002,0.0815,0.1726,1.9045,1.9303,4.7045,0.6045,7.3974,
65,0.0199,0.3188,0.3214,0.3735,0.2046,0.2522,0.222,0.6869,0.0001,0.0002,0.0867,0.2018,2.0061,2.0288,3.5527,0.3344,6.0253,
66,0.0208,0.3059,0.3183,0.3618,0.2139,0.2451,0.2098,0.679,0.0003,0.0002,0.1083,0.1861,1.973,1.9967,2.8338,0.4628,5.4044,
67,0.0198,0.1978,0.3281,0.3316,0.209,0.2167,0.2167,0.6501,0.0003,0.0002,0.0902,0.1933,1.8562,1.8788,2.5625,0.5413,5.0936,
68,0.022,0.3165,0.3321,0.3332,0.2089,0.3767,0.2267,0.8188,0.0002,0.0001,0.0691,0.1818,2.0722,2.0975,2.5731,0.3333,5.1183,
69,0.0193,0.2913,0.3349,0.4213,0.22,0.2014,0.2116,0.6429,0.0002,0.0002,0.0954,0.1873,1.9952,2.0174,2.7343,0.3376,5.1976,
70,0.0188,0.2909,0.3246,0.3701,0.2056,0.231,0.2147,0.6598,0.0003,0.0002,0.0893,0.1858,1.9426,1.9644,2.5115,0.332,4.9172,
71,0.0211,0.4147,0.3105,0.3579,0.2119,0.2282,0.2144,0.6619,0.0002,0.0002,0.0811,0.1866,2.0275,2.0513,2.5006,0.3362,4.9931,
72,0.0204,0.2073,0.3432,0.3655,0.2166,0.2506,0.2052,0.6835,0.0003,0.0002,0.0762,0.1893,1.8849,1.9099,2.925,0.3357,5.3387,
73,0.02,0.2949,0.3435,0.4943,0.212,0.2477,0.2145,0.6818,0.0003,0.0002,0.0868,0.1849,2.1025,2.1257,2.672,0.3492,5.2876,
74,0.0202,0.3168,0.3133,0.3714,0.2051,0.2374,0.2241,0.6744,0.0002,0.0002,0.0902,0.1819,1.9643,1.9876,3.7465,0.5722,6.4595,
75,0.0206,0.326,0.3354,0.3817,0.2051,0.2119,0.2191,0.6405,0.0001,0.0001,0.0786,0.1742,1.9565,1.9805,3.0773,0.3476,5.5178,
76,0.0199,0.2935,0.3283,0.3505,0.2106,0.2422,0.2179,0.6797,0.0003,0.0002,0.0808,0.1734,1.9226,1.9454,2.7544,0.5783,5.3761,
77,0.0194,0.2029,0.311,0.338,0.2151,0.1827,0.2201,0.6264,0.0002,0.0002,0.1056,0.2422,1.8543,1.8767,2.6269,0.3268,4.947,
78,0.0192,0.3139,0.324,0.3553,0.2498,0.1882,0.2263,0.6693,0.0002,0.0002,0.1041,0.1884,1.9726,1.9947,2.5283,0.4486,5.0781,
79,0.0194,0.3167,0.3261,0.4623,0.2072,0.3104,0.2169,0.7427,0.0003,0.0003,0.0974,0.1883,2.1535,2.1758,2.8327,0.3349,5.444,
80,0.0194,0.3245,0.3549,0.3647,0.1977,0.1927,0.2068,0.6036,0.0003,0.0002,0.0704,0.1741,1.9122,1.9369,4.4308,0.3471,6.9852,
81,0.0208,0.3446,0.3634,0.3792,0.2082,0.2049,0.2253,0.6471,0.0003,0.0002,0.0951,0.302,2.1499,2.1755,4.1272,0.5793,7.0399,
82,0.0196,0.3137,0.3305,0.4069,0.224,0.2278,0.2273,0.6907,0.0002,0.0001,0.2259,0.2142,2.2032,2.2257,2.7206,0.3351,5.4235,
83,0.0194,0.3071,0.3183,0.3446,0.2172,0.2519,0.2162,0.6977,0.0003,0.0002,0.094,0.1912,1.9754,1.9977,2.8989,0.3459,5.357,
84,0.0195,0.3143,0.3172,0.3813,0.2075,0.2552,0.2114,0.6796,0.0001,0.0001,0.0986,0.188,2.0004,2.023,2.5731,0.4866,5.1898,
85,0.0209,0.2722,0.3255,0.3778,0.208,0.2085,0.2174,0.6459,0.0003,0.0002,0.0984,0.1775,1.9203,1.9444,3.7977,0.4758,6.3331,
86,0.02,0.3142,0.4139,0.3673,0.2126,0.1997,0.2178,0.636,0.0002,0.0002,0.0936,0.1792,2.0262,2.0496,3.6643,0.3386,6.1781,
87,0.0192,0.2964,0.3055,0.3058,0.3182,0.242,0.2297,0.7952,0.0003,0.0001,0.099,0.1872,2.0033,2.0253,3.5723,0.6194,6.3349,
88,0.0213,0.1855,0.3578,0.3437,0.1891,0.1975,0.2168,0.6194,0.0004,0.0002,0.0848,0.1704,1.7785,1.8042,3.0609,0.3368,5.3098,
89,0.021,0.3098,0.3251,0.3907,0.2031,0.1821,0.2157,0.6085,0.0002,0.0001,0.0916,0.1605,1.9073,1.9312,2.6207,0.3395,5.0524,
90,0.0202,0.3059,0.3491,0.4209,0.2224,0.2515,0.216,0.6972,0.0002,0.0002,0.1029,0.2237,2.1234,2.1466,3.7344,0.3348,6.7671,
91,0.0191,0.2963,0.3486,0.3659,0.2108,0.2192,0.2153,0.6567,0.0003,0.0002,0.0961,0.1819,1.9687,1.9907,2.8303,0.3367,5.2757,
92,0.0194,0.3467,0.3274,0.3325,0.217,0.1938,0.2168,0.6329,0.0002,0.0002,0.0818,0.1716,1.9111,1.9333,3.9107,0.3362,6.2989,
93,0.0189,0.3199,0.3395,0.3439,0.2177,0.2245,0.2149,0.6605,0.0002,0.0001,0.0901,0.1839,1.9562,1.9781,2.7013,0.3349,5.126,
94,0.0195,0.4466,0.3065,0.2987,0.2249,0.234,0.2194,0.6874,0.0002,0.0002,0.0958,0.1951,2.0511,2.0733,2.5667,0.3395,5.0853,
95,0.0194,0.3074,0.3358,0.3853,0.2123,0.1989,0.2165,0.6383,0.0002,0.0002,0.093,0.1858,1.9679,1.9908,4.026,0.49,6.6304,
96,0.0246,0.3421,0.2927,0.4061,0.2045,0.2666,0.2072,0.6847,0.0002,0.0002,0.0834,0.1662,1.9949,2.0247,4.2119,0.3531,6.7696,
97,0.0193,0.3646,0.3245,0.3124,0.2419,0.2286,0.2204,0.6984,0.0002,0.0002,0.0935,0.2122,2.028,2.0506,2.6258,0.3393,5.1604,
98,0.019,0.3186,0.3212,0.3714,0.2191,0.2022,0.2156,0.6464,0.0002,0.0002,0.0909,0.329,2.0971,2.1189,2.7151,0.3426,5.2995,
99,0.0192,0.307,0.3282,0.3593,0.2207,0.2366,0.221,0.6874,0.0003,0.0002,0.0847,0.1831,1.9648,1.9868,2.9747,0.3324,5.408,
100,0.0193,0.307,0.3142,0.3622,0.2126,0.2316,0.2255,0.6792,0.0002,0.0002,0.0928,0.1769,1.9489,1.971,3.0212,0.4036,5.522,
101,0.0196,0.2229,0.3365,0.336,0.2155,0.1933,0.2204,0.6373,0.0003,0.0002,0.1047,0.2161,1.8909,1.9173,2.5833,0.3361,4.9535,
102,0.0196,0.2992,0.3369,0.3572,0.2118,0.2505,0.2032,0.6759,0.0002,0.0002,0.0801,0.203,1.9721,1.9949,2.706,0.3348,5.1444,
103,0.0197,0.3141,0.3145,0.3734,0.2137,0.1876,0.202,0.6073,0.0002,0.0002,0.0881,0.1938,1.9102,1.9328,2.9355,0.3636,5.3432,
104,0.0233,0.3364,0.3201,0.3669,0.2,0.2477,0.2147,0.6697,0.0002,0.0002,0.0781,0.1693,1.9568,1.985,4.0721,0.5199,6.7379,
105,0.0196,0.2947,0.341,0.3486,0.2067,0.2439,0.218,0.675,0.0002,0.0001,0.0954,0.1998,1.9724,1.9948,3.5092,0.3365,5.957,
106,0.02,0.3347,0.3194,0.3151,0.2156,0.1734,0.2117,0.6038,0.0002,0.0002,0.0727,0.1737,1.8308,1.8534,3.0949,0.603,5.6762,
107,0.0194,0.3159,0.3264,0.3806,0.2139,0.2502,0.2223,0.6934,0.0002,0.0002,0.0987,0.2045,2.0391,2.0612,4.0706,0.3398,6.6025,
108,0.0194,0.3336,0.3246,0.3752,0.2193,0.2549,0.2233,0.7061,0.0002,0.0002,0.1161,0.2203,2.0932,2.116,2.7054,0.4693,5.4023,
109,0.0195,0.1825,0.3281,0.3507,0.2133,0.1896,0.2121,0.6228,0.0002,0.0002,0.0838,0.1865,1.7707,1.7958,2.514,0.3331,4.7559,
110,0.0192,0.3099,0.3205,0.3518,0.2116,0.2048,0.2193,0.6449,0.0002,0.0002,0.0909,0.2729,2.0081,2.0301,2.6543,0.3368,5.1284,
111,0.0193,0.3039,0.3126,0.3166,0.2201,0.1933,0.2184,0.639,0.0002,0.0002,0.087,0.1989,1.8791,1.9018,3.1049,0.3339,5.4737,
112,0.0206,0.1713,0.3129,0.3787,0.2053,0.2362,0.2117,0.6616,0.0002,0.0002,0.0935,0.1861,1.8255,1.8504,4.3284,0.5573,6.9249,
113,0.0201,0.3217,0.3282,0.3449,0.2164,0.1764,0.2138,0.613,0.0003,0.0002,0.0958,0.1877,1.9085,1.9314,3.7574,0.3478,6.1607,
114,0.0204,0.3511,0.393,0.4334,0.2156,0.2186,0.2638,0.709,0.0003,0.0002,0.1123,0.2475,2.2804,2.304,3.7451,0.3393,6.5315,
115,0.0194,0.3089,0.343,0.3656,0.2185,0.252,0.2222,0.7029,0.0002,0.0002,0.0956,0.1636,1.9935,2.0157,3.0016,0.3329,5.4686,
116,0.0185,0.3026,0.3322,0.3655,0.2195,0.2408,0.2208,0.6906,0.0002,0.0002,0.096,0.1924,1.9979,2.0193,2.5412,0.3332,5.0024,
117,0.02,0.2903,0.3796,0.3432,0.2232,0.187,0.2249,0.6473,0.0003,0.0001,0.0912,0.1883,1.9601,1.9831,2.5257,0.3358,4.9595,
118,0.0226,0.2948,0.3023,0.3426,0.223,0.1852,0.2107,0.6237,0.0002,0.0002,0.0842,0.1735,1.8348,1.8603,2.7212,0.3309,5.032,
119,0.0193,0.2915,0.3182,0.4041,0.2415,0.247,0.2201,0.7138,0.0002,0.0002,0.0901,0.1763,2.0084,2.0304,2.7168,0.4457,5.3006,
120,0.0209,0.2908,0.3178,0.3742,0.1995,0.2025,0.2092,0.6203,0.0002,0.0002,0.0853,0.1728,1.8779,1.9031,4.404,0.3344,6.8192,
121,0.0197,0.3114,0.3301,0.319,0.2217,0.1802,0.2214,0.6266,0.0002,0.0002,0.0837,0.1739,1.8586,1.8811,3.4638,0.3341,5.8234,
122,0.0194,0.3038,0.3378,0.3716,0.2081,0.1815,0.219,0.612,0.0002,0.0001,0.0951,0.1948,1.9344,1.9566,2.5214,0.3319,4.9166,
123,0.0197,0.3275,0.295,0.392,0.2141,0.2452,0.2206,0.6908,0.0002,0.0002,0.0929,0.1782,1.9941,2.0168,2.576,0.3304,5.0327,
124,0.0192,0.296,0.3368,0.3577,0.2108,0.1802,0.217,0.613,0.0002,0.0002,0.0852,0.1699,1.8727,1.8945,2.8063,0.335,5.1523,
125,0.0187,0.3014,0.3096,0.356,0.2128,0.1979,0.2219,0.6422,0.0003,0.0002,0.0945,0.1853,1.9108,1.9324,2.8481,0.334,5.2232,
126,0.0198,0.3033,0.3273,0.3429,0.2202,0.2419,0.2203,0.6902,0.0002,0.0002,0.0955,0.1847,1.9606,1.9833,2.5315,0.3291,4.953,
127,0.0197,0.3035,0.4412,0.3664,0.213,0.1938,0.2159,0.6313,0.0003,0.0002,0.0974,0.1855,2.04,2.0625,3.5383,0.4462,6.156,
128,0.0207,0.1904,0.315,0.4028,0.1887,0.2078,0.2032,0.6091,0.0003,0.0002,0.0758,0.1641,1.7748,1.8003,3.0882,0.3404,5.3884,
129,0.0197,0.4455,0.3067,0.3312,0.2036,0.237,0.2171,0.6639,0.0002,0.0002,0.092,0.1805,2.0376,2.0606,2.8738,0.5303,5.6046,
130,0.0206,0.3185,0.3374,0.3533,0.218,0.1977,0.3112,0.7344,0.0002,0.0002,0.1169,0.1757,2.0485,2.072,3.9646,0.5027,6.7171,
131,0.0203,0.268,0.3224,0.3514,0.2169,0.2485,0.2205,0.692,0.0002,0.0002,0.0917,0.3326,2.0788,2.102,3.2413,0.3334,5.8053,
132,0.0196,0.3064,0.3249,0.3621,0.2051,0.2374,0.2095,0.6597,0.0003,0.0002,0.0875,0.184,1.9366,1.9589,4.0559,0.5288,6.6623,
133,0.0242,0.311,0.332,0.3665,0.2219,0.1794,0.2185,0.6271,0.0002,0.0001,0.0941,0.189,1.9393,1.9665,2.8787,0.3448,5.2992,
134,0.0189,0.3165,0.3235,0.3381,0.2105,0.1738,0.2187,0.6063,0.0002,0.0001,0.0819,0.1798,1.863,1.8848,2.5194,0.3287,4.8925,
135,0.0192,0.4549,0.3409,0.3777,0.209,0.2327,0.2201,0.6654,0.0002,0.0002,0.0937,0.1952,2.1485,2.1706,2.5703,0.3313,5.1975,
136,0.0192,0.1927,0.3099,0.3307,0.2291,0.1838,0.2197,0.6404,0.0002,0.0002,0.0996,0.208,1.8021,1.8255,3.0566,0.3329,5.3539,
137,0.0201,0.3135,0.3296,0.3718,0.2078,0.2086,0.209,0.6317,0.0003,0.0002,0.0798,0.1668,1.911,1.9343,4.0324,0.3413,6.4441,
138,0.0197,0.3264,0.9591,0.5614,0.1906,0.1936,0.2414,0.6385,0.0002,0.0002,0.0781,0.1843,2.769,2.7918,2.5624,0.3803,5.8447,
139,0.0201,0.3105,0.3235,0.3677,0.2196,0.1914,0.2153,0.6329,0.0003,0.0002,0.0963,0.1689,1.9159,1.9389,2.8,0.3316,5.1909,
140,0.0195,0.3136,0.3351,0.3568,0.2116,0.1795,0.2253,0.6228,0.0003,0.0002,0.0962,0.1916,1.9373,1.9596,2.7686,0.453,5.3571,
141,0.0198,0.3442,0.3308,0.3358,0.2092,0.1998,0.2207,0.6375,0.0002,0.0002,0.09,0.1991,1.9584,1.9816,2.508,0.338,4.9406,
142,0.0192,0.3014,0.3347,0.3547,0.2297,0.1992,0.2312,0.6689,0.0003,0.0002,0.1021,0.2005,1.9841,2.0062,2.9371,0.3349,5.3854,
143,0.019,0.3221,0.317,0.3701,0.2102,0.1921,0.2303,0.6368,0.0002,0.0002,0.0876,0.1985,1.9518,1.9739,2.7746,0.3349,5.201,
144,0.0207,0.2101,0.3357,0.3809,0.2019,0.1953,0.2438,0.6484,0.0002,0.0002,0.1868,0.1919,1.975,2.0004,3.9521,0.3327,6.4801,
145,0.0192,0.3588,0.355,0.3767,0.2096,0.2655,0.222,0.7061,0.0003,0.0002,0.0979,0.3453,2.2584,2.2804,3.133,0.3335,5.8716,
146,0.0197,0.3268,0.325,0.3429,0.212,0.1843,0.2217,0.6255,0.0003,0.0002,0.0858,0.1864,1.9103,1.9326,2.7842,0.334,5.2188,
147,0.0193,0.3071,0.3097,0.321,0.2177,0.1994,0.2185,0.6431,0.0002,0.0001,0.079,0.1894,1.8645,1.8867,2.599,0.3342,4.9305,
148,0.0196,0.3936,0.325,0.4062,0.2093,0.2421,0.2134,0.6749,0.0002,0.0002,0.0948,0.1812,2.0961,2.1186,3.2202,0.5258,5.9876,
149,0.0197,0.3398,0.3558,0.5711,0.2101,0.249,0.2277,0.6975,0.0003,0.0001,0.096,0.2011,2.2835,2.3064,3.0199,0.3313,5.8025,
150,0.0199,0.3103,0.3225,0.3546,0.2109,0.2289,0.2156,0.6643,0.0002,0.0002,0.0882,0.1912,1.9472,1.9698,2.8749,0.3321,5.2925,
151,0.0197,0.2919,0.335,0.3548,0.2043,0.2018,0.223,0.6404,0.0002,0.0001,0.0935,0.1754,1.9091,1.9318,2.8313,0.328,5.199,
152,0.0233,0.1902,0.3314,0.3784,0.2092,0.2457,0.2058,0.6668,0.0002,0.0002,0.0947,0.2025,1.8836,1.9112,3.1329,0.3334,5.646,
153,0.0204,0.3179,0.3277,0.3716,0.2094,0.1909,0.2202,0.6258,0.0002,0.0001,0.0831,0.1814,1.9262,1.9495,3.9306,0.3295,6.3921,
154,0.0193,0.3101,0.3149,0.3695,0.2086,0.191,0.2188,0.6225,0.0002,0.0002,0.0848,0.1881,1.9106,1.9329,2.5668,0.3335,5.0185,
155,0.0198,0.3068,0.3004,0.3613,0.2086,0.1856,0.2238,0.6271,0.0002,0.0001,0.0884,0.1885,1.8886,1.9113,2.8233,0.3424,5.2277,
156,0.0192,0.3078,0.3299,0.3524,0.2125,0.1886,0.2154,0.6257,0.0002,0.0001,0.0875,0.2365,1.956,1.978,2.8319,0.327,5.2422,
157,0.0197,0.3192,0.3225,0.3283,0.2085,0.2121,0.2195,0.6441,0.0002,0.0001,0.0921,0.1663,1.8972,1.9204,2.8887,0.3295,5.2753,
158,0.0199,0.32,0.3248,0.3421,0.2178,0.182,0.222,0.6295,0.0002,0.0002,0.0892,0.1754,1.9001,1.9226,2.5219,0.3255,4.8949,
159,0.0193,0.4263,0.3136,0.3643,0.2127,0.2323,0.2196,0.6711,0.0002,0.0002,0.0919,0.1823,2.0621,2.0842,2.5941,0.3336,5.1428,
160,0.024,0.1948,0.3046,0.3567,0.2069,0.1874,0.2224,0.6249,0.0002,0.0002,0.097,0.1811,1.7786,1.8076,3.0506,0.3273,5.3735,
161,0.0207,0.2974,0.3393,0.3664,0.2114,0.2733,0.2517,0.744,0.0002,0.0002,0.0917,0.2076,2.0736,2.0975,2.6511,0.3293,5.2403,
162,0.0241,0.3216,0.3534,0.412,0.2102,0.2178,0.2177,0.656,0.0003,0.0002,0.1021,0.1905,2.0584,2.086,3.9919,0.5535,6.9882,
163,0.0243,0.3332,0.3506,0.3693,0.2115,0.2506,0.2165,0.6872,0.0002,0.0002,0.0963,0.1925,2.0482,2.0764,3.551,0.5211,8.5468,
164,0.0192,0.3208,0.3384,0.3808,0.2134,0.3121,0.2026,0.7411,0.0003,0.0002,0.0827,0.1817,2.0693,2.0915,4.2853,0.3291,6.8275,
165,0.0191,0.2954,0.3099,0.3642,0.2111,0.1837,0.2149,0.6148,0.0002,0.0002,0.0854,0.2192,1.9072,1.9294,2.558,0.3309,4.9362,
166,0.0196,0.2975,0.3276,0.3768,0.2148,0.2375,0.2281,0.6906,0.0002,0.0002,0.1031,0.1966,2.0155,2.0382,3.4358,0.5715,6.1584,
167,0.0225,0.3455,0.3405,0.345,0.2099,0.1827,0.2156,0.6118,0.0001,0.0002,0.0577,0.1817,1.9027,1.9281,3.2682,0.3302,5.6465,
168,0.0207,0.2041,0.3287,0.3494,0.2145,0.2103,0.213,0.6456,0.0002,0.0002,0.0835,0.1719,1.8471,1.8725,4.2644,0.5229,6.7795,
169,0.0201,0.3331,0.3475,0.3651,0.2234,0.2231,0.2283,0.6854,0.0003,0.0002,0.0837,0.1971,2.0316,2.0546,3.475,0.3232,5.9722,
170,0.0185,0.2913,0.2976,0.3375,0.2197,0.1796,0.2171,0.6195,0.0002,0.0002,0.0804,0.1676,1.8029,1.824,2.6965,0.4632,5.1013,
171,0.0209,0.1962,0.3271,0.3678,0.222,0.1851,0.2225,0.6368,0.0002,0.0002,0.0871,0.2062,1.8368,1.8603,4.4545,0.527,6.979,
172,0.0194,0.1689,0.3498,0.3517,0.21,0.1977,0.2308,0.6462,0.0003,0.0002,0.0923,0.1761,1.8045,1.8266,2.5987,0.3294,4.8713,
173,0.0194,0.2954,0.325,0.3145,0.2113,0.295,0.2446,0.7573,0.0002,0.0002,0.0829,0.1778,1.9672,1.9893,2.5036,0.3291,4.9297,
174,0.0222,0.3034,0.3175,0.3597,0.2116,0.1961,0.2217,0.6363,0.0001,0.0002,0.0974,0.2036,1.9509,1.9764,3.6075,0.5686,6.2639,
175,0.0194,0.3192,0.3574,0.3639,0.2241,0.1939,0.227,0.6482,0.0002,0.0002,0.0987,0.1985,2.0033,2.0256,3.4645,0.3271,5.9452,
176,0.023,0.2657,0.3227,0.4089,0.2088,0.204,0.2168,0.6381,0.0003,0.0002,0.0918,0.1905,1.9356,1.9634,4.2296,0.5125,6.836,
177,0.0206,0.3293,0.345,0.3683,0.2135,0.2087,0.2167,0.6523,0.0003,0.0002,0.0898,0.1946,1.9988,2.0223,4.3307,0.4875,6.9759,
178,0.0204,0.3164,0.3576,0.3799,0.2184,0.2445,0.2196,0.6881,0.0002,0.0002,0.0962,0.2026,2.0576,2.0809,3.964,0.4439,6.6547,
179,0.019,0.3427,0.3513,0.3595,0.2119,0.1938,0.2228,0.6355,0.0002,0.0002,0.0703,0.1892,1.9699,1.9917,2.6916,0.3265,5.1522,
180,0.0194,0.3035,0.3221,0.3641,0.2214,0.192,0.2223,0.6459,0.0002,0.0002,0.0948,0.1884,1.9394,1.9616,2.6051,0.5194,5.2044,
181,0.0192,0.2391,0.3144,0.3569,0.2099,0.1767,0.2224,0.6123,0.0002,0.0002,0.1037,0.1887,1.8291,1.8511,2.5761,0.3888,4.9904,
182,0.0195,0.3364,0.3245,0.4133,0.2167,0.329,0.2641,0.8255,0.0003,0.0002,0.0742,0.204,2.2001,2.2226,4.1055,0.4521,7.1565,
183,0.0197,0.3254,0.3575,0.3701,0.2304,0.2736,0.2226,0.7396,0.0003,0.0002,0.1038,0.203,2.1205,2.1433,2.5418,0.3196,5.115,
184,0.0207,0.1846,0.3227,0.4818,0.2223,0.1969,0.2348,0.6619,0.0003,0.0002,0.0708,0.1935,1.9418,1.9671,3.9497,0.5059,6.5998,
185,0.0204,0.3072,0.3293,0.3529,0.1845,0.2374,0.2112,0.642,0.0002,0.0002,0.0996,0.1794,1.9281,1.9514,2.5497,0.3436,4.9602,
186,0.0196,0.3139,0.3235,0.368,0.2098,0.2436,0.2243,0.6842,0.0002,0.0002,0.0847,0.1849,1.975,1.9973,3.0935,0.5435,5.7393,
187,0.0193,0.2788,0.3161,0.3477,0.2299,0.1789,0.2283,0.6424,0.0002,0.0002,0.0958,0.1721,1.8707,1.8929,3.3903,0.3265,5.7255,
188,0.0195,0.31,0.3513,0.353,0.2205,0.1711,0.2367,0.6363,0.0003,0.0002,0.0901,0.1757,1.9356,1.9578,2.5292,0.3259,4.9235,
189,0.0208,0.2965,0.4232,0.3542,0.2214,0.1923,0.2268,0.6489,0.0002,0.0002,0.0932,0.1802,2.0147,2.0384,3.623,0.5463,6.3294,
190,0.0194,0.3133,0.3283,0.3404,0.2466,0.2253,0.2522,0.7336,0.0003,0.0002,0.1007,0.197,2.0332,2.0554,2.6877,0.3226,5.1797,
191,0.0198,0.3088,0.3188,0.3463,0.2232,0.2326,0.2208,0.6798,0.0002,0.0001,0.0851,0.1876,1.9455,1.968,3.2523,0.3242,5.6564,
192,0.0241,0.2813,0.3341,0.3423,0.2041,0.1978,0.2172,0.625,0.0002,0.0002,0.0768,0.2606,1.9382,1.9668,4.1669,0.4946,6.7611,
193,0.0202,0.325,0.3506,0.3658,0.2164,0.1844,0.2247,0.6334,0.0002,0.0002,0.0833,0.2967,2.072,2.095,2.6958,0.3261,5.2239,
194,0.0198,0.3151,0.3188,0.356,0.2144,0.1811,0.227,0.6301,0.0003,0.0002,0.1045,0.2187,1.9612,1.9839,3.9711,0.4908,6.7653,
195,0.0192,0.2941,0.3322,0.3658,0.2158,0.249,0.2237,0.6971,0.0003,0.0002,0.0959,0.2368,2.0404,2.0624,3.5248,0.3268,6.0343,
196,0.0203,0.3175,0.3417,0.3568,0.2147,0.1905,0.2343,0.6466,0.0002,0.0002,0.1014,0.1989,1.9798,2.0031,3.7873,0.4883,6.3987,
197,0.0191,0.3323,0.3411,0.3993,0.2379,0.2683,0.2314,0.7472,0.0002,0.0002,0.0835,0.1986,2.1233,2.1451,2.6492,0.33,5.2392,
198,0.0207,0.3495,0.334,0.3824,0.221,0.2389,0.2247,0.6946,0.0002,0.0002,0.1026,0.2197,2.1092,2.1336,2.8308,0.3294,5.4193,
199,0.0195,0.3114,0.2946,0.3483,0.2163,0.1956,0.2944,0.7133,0.0002,0.0002,0.1162,0.1799,1.9797,2.002,3.0767,0.3276,5.5353,
200,0.0235,0.2754,0.3498,0.3712,0.2129,0.2184,0.218,0.6601,0.0003,0.0002,0.0895,0.1845,1.9587,1.9869,3.8645,0.3246,6.3157,
201,0.0195,0.3186,0.324,0.4925,0.2313,0.1748,0.211,0.6246,0.0002,0.0002,0.0875,0.1909,2.0779,2.1002,3.8484,0.327,6.382,
202,0.0201,0.3369,0.3383,0.3654,0.2243,0.2444,0.2418,0.7188,0.0002,0.0002,0.1054,0.2213,2.1072,2.1302,4.0356,0.5083,6.7846,
203,0.0195,0.2932,0.2915,0.397,0.2142,0.2366,0.2245,0.6859,0.0002,0.0002,0.2275,0.1873,2.0981,2.1204,2.67,0.3232,5.2187,
204,0.0197,0.3097,0.3509,0.3967,0.2249,0.2226,0.2347,0.693,0.0003,0.0002,0.1086,0.2052,2.0914,2.1144,2.9349,0.3293,5.5071,
205,0.0215,0.2951,0.34,0.383,0.2263,0.2551,0.2538,0.7438,0.0002,0.0002,0.1116,0.1837,2.0833,2.1098,3.1923,0.3787,5.8054,
206,0.0203,0.3674,0.3311,0.4122,0.2328,0.2113,0.2227,0.6773,0.0003,0.0002,0.0879,0.177,2.0748,2.0982,2.6071,0.3268,5.1518,
207,0.0214,0.2991,0.3528,0.5532,0.2582,0.2052,0.2251,0.6971,0.0003,0.0001,0.0983,0.1983,2.2256,2.2514,2.5932,0.331,5.3193,
208,0.0207,0.3274,0.3647,0.4003,0.2063,0.2549,0.2209,0.6924,0.0002,0.0001,0.0948,0.1831,2.0893,2.1153,2.9559,0.3268,6.3138,
209,0.0213,0.3251,0.3616,0.4632,0.2013,0.2904,0.2514,0.7626,0.0003,0.0002,0.1047,0.2176,2.263,2.2894,3.2985,0.3276,6.049,
210,0.0204,0.3064,0.3328,0.3716,0.2205,0.2058,0.3312,0.7763,0.0003,0.0002,0.1131,0.1843,2.1015,2.125,3.0394,0.3195,5.6685,
211,0.0193,0.3087,0.3237,0.3717,0.2199,0.2079,0.2259,0.6643,0.0002,0.0001,0.0931,0.1834,1.9636,1.9859,2.7707,0.3202,5.179,
212,0.0193,0.3063,0.3221,0.3656,0.2189,0.1891,0.2234,0.6415,0.0002,0.0002,0.0882,0.1776,1.9201,1.9421,2.5035,0.4669,5.0197,
213,0.0193,0.3109,0.3188,0.3456,0.207,0.2228,0.2188,0.6556,0.0003,0.0002,0.0796,0.1836,1.911,1.9332,2.4731,0.3129,4.8209,
214,0.0192,0.2874,0.3183,0.3594,0.2097,0.1963,0.2188,0.634,0.0002,0.0001,0.0907,0.3462,2.0561,2.0781,2.5865,0.3204,5.0892,
215,0.0189,0.2977,0.3258,0.3342,0.2195,0.2275,0.228,0.6869,0.0002,0.0002,0.0891,0.183,1.9332,1.9547,2.7297,0.3179,5.122,
216,0.024,0.2455,0.3377,0.3508,0.2171,0.2577,0.214,0.6978,0.0002,0.0002,0.099,0.1874,1.9357,1.9645,3.1947,0.322,5.6738,
217,0.0199,0.3151,0.3294,0.3733,0.2226,0.1883,0.2217,0.6396,0.0002,0.0002,0.0954,0.1801,1.9512,1.974,2.9088,0.571,5.578,
218,0.0205,0.3473,0.3608,0.393,0.209,0.2336,0.2168,0.6649,0.0002,0.0001,0.0885,0.1777,2.0522,2.0759,4.0008,0.3593,6.5556,
219,0.0202,0.2189,0.3926,0.4195,0.2443,0.2924,0.2248,0.7717,0.0003,0.0002,0.0935,0.2077,2.1281,2.1514,2.9989,0.3263,5.7464,
220,0.0196,0.3112,0.338,0.305,0.2195,0.242,0.2261,0.7012,0.0002,0.0002,0.0972,0.1927,1.9716,1.9943,2.5551,0.3778,5.0389,
221,0.0194,0.3201,0.3168,0.3844,0.2175,0.1894,0.2144,0.6257,0.0002,0.0002,0.0952,0.1779,1.9392,1.9614,2.6573,0.3151,5.0405,
222,0.0193,0.3026,0.2975,0.369,0.2153,0.1811,0.2195,0.6234,0.0002,0.0003,0.0874,0.1832,1.8824,1.9046,2.9012,0.3214,5.2285,
223,0.0194,0.2864,0.3414,0.3686,0.216,0.2419,0.2313,0.701,0.0003,0.0002,0.1067,0.2182,2.041,2.0632,2.6784,0.4564,5.3126,
224,0.0202,0.1907,0.3117,0.359,0.2035,0.218,0.2086,0.6408,0.0002,0.0001,0.0897,0.1693,1.7755,1.8001,2.9445,0.4712,5.3383,
225,0.0201,0.1944,0.3105,0.3578,0.2048,0.2324,0.2213,0.6645,0.0002,0.0002,0.0892,0.1847,1.818,1.8412,3.0676,0.331,5.4037,
226,0.0208,0.3298,0.3218,0.3832,0.2177,0.2051,0.2354,0.6676,0.0003,0.0002,0.0804,0.1859,1.9846,2.0084,2.636,0.3314,5.1268,
227,0.0197,0.3087,0.3266,0.3722,0.2048,0.242,0.222,0.6775,0.0003,0.0002,0.0844,0.1944,1.9785,2.0013,2.9715,0.3309,5.4514,
228,0.0194,0.3109,0.3276,0.3745,0.2081,0.1873,0.225,0.6276,0.0003,0.0001,0.1,0.1816,1.9373,1.9594,2.8593,0.3882,5.3369,
229,0.0192,0.3652,0.3484,0.3459,0.2058,0.1977,0.2163,0.6294,0.0002,0.0002,0.1033,0.1814,1.9954,2.0174,2.5236,0.3239,4.9741,
230,0.0191,0.2928,0.3214,0.3415,0.2264,0.2158,0.2339,0.6845,0.0001,0.0002,0.0864,0.1833,1.9297,1.9517,3.8762,0.4548,6.4509,
231,0.02,0.3141,0.3312,0.373,0.2045,0.1944,0.2541,0.6634,0.0003,0.0002,0.0965,0.2086,2.0066,2.0296,3.6826,0.4637,6.2981,
232,0.0193,0.2336,0.3391,0.3826,0.2026,0.1717,0.2088,0.5906,0.0002,0.0002,0.0997,0.1875,1.8524,1.876,4.1291,0.4807,6.5946,
233,0.0197,0.4363,0.3372,0.3412,0.235,0.1994,0.2242,0.6726,0.0002,0.0002,0.0875,0.1896,2.0804,2.103,2.6771,0.32,5.2224,
234,0.0205,0.3201,0.3265,0.3569,0.215,0.2331,0.2177,0.674,0.0003,0.0002,0.0793,0.1842,1.9545,1.978,3.0529,0.3207,5.5038,
235,0.0195,0.3274,0.3447,0.342,0.2225,0.2062,0.2293,0.671,0.0003,0.0002,0.1091,0.1991,2.0466,2.069,2.9706,0.3253,5.4923,
236,0.0189,0.3128,0.3127,0.334,0.219,0.1765,0.2158,0.6145,0.0002,0.0002,0.0816,0.1814,1.8482,1.8699,2.5754,0.3635,4.9126,
237,0.0193,0.2668,0.2997,0.3202,0.2137,0.2116,0.2169,0.6515,0.0002,0.0002,0.0609,0.1834,1.7974,1.8196,2.463,0.3191,4.7214,
238,0.0197,0.3056,0.3166,0.3783,0.2246,0.2414,0.2171,0.6929,0.0002,0.0002,0.0987,0.1925,2.0036,2.026,2.6735,0.3178,5.1348,
239,0.019,0.3077,0.312,0.354,0.2083,0.1814,0.2185,0.6147,0.0002,0.0002,0.0925,0.1842,1.881,1.903,2.9949,0.3211,5.3282,
240,0.0206,0.1671,0.3315,0.3638,0.1995,0.2012,0.2102,0.6155,0.0002,0.0002,0.0761,0.1871,1.7614,1.7868,3.2238,0.3209,5.5304,
241,0.0201,0.3044,0.3248,0.364,0.2233,0.2435,0.2218,0.6948,0.0002,0.0002,0.0862,0.1688,1.9587,1.982,3.6981,0.3797,6.1742,
242,0.0203,0.3397,0.3356,0.3692,0.2184,0.1921,0.2182,0.6348,0.0002,0.0002,0.0644,0.178,1.947,1.9706,2.5068,0.3178,4.903,
243,0.0193,0.292,0.3327,0.32,0.2138,0.1921,0.218,0.6337,0.0002,0.0001,0.0929,0.1983,1.8826,1.9048,2.4311,0.3087,4.759,
244,0.0188,0.2729,0.3347,0.3895,0.2176,0.1888,0.2211,0.6368,0.0003,0.0002,0.099,0.1815,1.9342,1.9558,2.8586,0.3238,5.2501,
245,0.0197,0.3192,0.3411,0.3622,0.2237,0.2289,0.2235,0.6898,0.0002,0.0002,0.099,0.1917,2.0312,2.054,2.6794,0.3508,5.1893,
246,0.0195,0.3625,0.3307,0.3273,0.212,0.2025,0.2231,0.6504,0.0003,0.0002,0.0901,0.1806,1.96,1.9828,2.5688,0.3215,4.978,
247,0.0189,0.2834,0.3178,0.345,0.261,0.2509,0.2445,0.767,0.0002,0.0001,0.0941,0.1917,2.0184,2.0401,2.4849,0.3149,4.9422,
248,0.023,0.2365,0.4604,0.3358,0.1943,0.178,0.2219,0.603,0.0003,0.0002,0.0633,0.1626,1.8816,1.9089,2.7975,0.3119,5.1419,
249,0.0197,0.3167,0.3201,0.382,0.2122,0.1972,0.2159,0.6331,0.0003,0.0002,0.0688,0.1881,1.9234,1.9461,2.7433,0.3185,5.1577,
250,0.02,0.3129,0.3322,0.3494,0.2106,0.1912,0.2179,0.6254,0.0002,0.0002,0.094,0.1792,1.9092,1.9322,3.123,0.5289,5.7802,
251,0.0202,0.3157,0.3339,0.3564,0.2124,0.1971,0.2198,0.6352,0.0002,0.0002,0.0817,0.1964,1.9406,1.9642,2.4879,0.3164,4.8865,
252,0.0192,0.438,0.3189,0.3587,0.2197,0.1878,0.2231,0.6378,0.0002,0.0002,0.0961,0.1894,2.0576,2.0796,2.463,0.3145,4.9728,
253,0.0195,0.3065,0.3141,0.3579,0.2162,0.2493,0.2153,0.6909,0.0002,0.0002,0.0953,0.1686,1.9534,1.9759,3.0741,0.4395,5.609,
254,0.02,0.3291,0.3308,0.3918,0.225,0.198,0.2188,0.6467,0.0002,0.0002,0.0816,0.18,1.982,2.0051,3.8106,0.3632,6.298,
255,0.0199,0.2986,0.3466,0.3582,0.2144,0.1845,0.2224,0.6309,0.0002,0.0002,0.0922,0.179,1.926,1.9489,3.1151,0.3165,5.487,
256,0.0234,0.3105,0.3321,0.3505,0.1984,0.2203,0.2195,0.6467,0.0003,0.0002,0.0749,0.1967,1.9321,1.9601,4.0239,0.4673,6.7341,
257,0.0238,0.3589,0.3771,0.3646,0.2138,0.214,0.226,0.6644,0.0003,0.0001,0.1012,0.2096,2.0964,2.1275,3.5393,0.5089,6.5988,
258,0.0194,0.3306,0.3247,0.3618,0.2395,0.2252,0.2317,0.7077,0.0002,0.0002,0.0912,0.183,2.018,2.0404,2.6853,0.3022,5.1375,
259,0.0195,0.3301,0.3159,0.3688,0.2221,0.2026,0.2246,0.6594,0.0003,0.0002,0.0963,0.199,2.0096,2.0322,2.4666,0.3143,4.9213,
260,0.0197,0.3108,0.402,0.4226,0.217,0.1736,0.2227,0.6233,0.0002,0.0002,0.0913,0.1812,2.0546,2.0774,2.4507,0.309,4.9495,
261,0.0198,0.3055,0.3321,0.3398,0.2245,0.1906,0.2276,0.6509,0.0002,0.0002,0.0974,0.1955,1.9405,1.9632,2.6986,0.3097,5.0787,
262,0.0195,0.2937,0.3422,0.3402,0.2155,0.2004,0.2212,0.6445,0.0002,0.0002,0.0855,0.1965,1.9268,1.9495,2.4056,0.4385,4.9102,
263,0.0194,0.2271,0.3125,0.3337,0.2217,0.2006,0.2266,0.6598,0.0002,0.0002,0.0845,0.1844,1.817,1.8394,2.4622,0.3073,4.7137,
264,0.0207,0.1906,0.3266,0.3634,0.2158,0.1975,0.2135,0.6332,0.0003,0.0002,0.0705,0.1772,1.7843,1.8094,2.8141,0.3101,5.0775,
265,0.0205,0.2977,0.331,0.3764,0.2229,0.3262,0.2271,0.7827,0.0002,0.0002,0.0881,0.1833,2.0782,2.1016,2.5854,0.3878,5.2492,
266,0.0205,0.2927,0.3211,0.3665,0.2208,0.1867,0.2336,0.6478,0.0003,0.0002,0.0935,0.1882,1.9253,1.9487,3.0545,0.4681,5.6503,
267,0.0195,0.319,0.343,0.3522,0.2185,0.1953,0.2269,0.6534,0.0003,0.0001,0.0714,0.177,1.9344,1.9567,2.9279,0.3122,5.3064,
268,0.0195,0.3303,0.3217,0.3504,0.2137,0.1905,0.2316,0.6438,0.0002,0.0002,0.0906,0.1737,1.9298,1.9717,2.4077,0.3085,4.7965,
269,0.0199,0.3079,0.3253,0.3463,0.3194,0.2233,0.2447,0.7918,0.0002,0.0002,0.0887,0.191,2.0719,2.0952,2.4793,0.3451,5.0276,
270,0.0195,0.3167,0.3211,0.3617,0.2241,0.1895,0.2182,0.6363,0.0002,0.0002,0.0679,0.187,1.9087,1.9312,2.5436,0.3108,4.8915,
271,0.0192,0.311,0.3357,0.373,0.2189,0.1893,0.2192,0.6337,0.0003,0.0001,0.0845,0.1682,1.9226,1.9447,2.406,0.3564,4.8103,
272,0.0207,0.2785,0.3224,0.38,0.2101,0.2011,0.2069,0.6286,0.0002,0.0002,0.087,0.1776,1.8902,1.9155,3.3148,0.4865,5.8798,
273,0.0195,0.2475,0.3203,0.3555,0.2137,0.1932,0.2165,0.6301,0.0002,0.0002,0.0662,0.1958,1.8342,1.8566,3.4992,0.3089,5.8102,
274,0.0192,0.3078,0.4084,0.3264,0.207,0.1961,0.2186,0.629,0.0002,0.0002,0.0887,0.2002,1.9763,1.9981,2.3551,0.3014,4.7631,
275,0.0198,0.2983,0.3269,0.3278,0.2188,0.1883,0.2194,0.6298,0.0002,0.0002,0.0802,0.1852,1.8709,1.8937,3.4002,0.5715,5.982,
276,0.0198,0.337,0.3672,0.3595,0.2281,0.2259,0.2241,0.6907,0.0002,0.0002,0.1097,0.221,2.1054,2.1283,3.7208,0.4497,6.4183,
277,0.0205,0.3066,0.3149,0.3625,0.2174,0.1882,0.2221,0.6309,0.0002,0.0002,0.0991,0.1859,1.9144,1.9378,3.8759,0.4576,6.4225,
278,0.0198,0.3386,0.3439,0.3979,0.2366,0.2127,0.2259,0.6871,0.0003,0.0002,0.0858,0.1865,2.0647,2.0878,3.3713,0.5026,6.0666,
279,0.0196,0.3166,0.3435,0.3753,0.2115,0.202,0.2304,0.6564,0.0003,0.0002,0.0947,0.2021,2.0136,2.0366,3.7368,0.4524,6.3461,
280,0.0194,0.1823,0.3186,0.3911,0.1993,0.2047,0.2183,0.6349,0.0002,0.0002,0.1055,0.1947,1.8462,1.8701,3.9224,0.4543,6.3754,
281,0.0206,0.335,0.3642,0.396,0.2274,0.2117,0.2351,0.6842,0.0002,0.0002,0.1041,0.2001,2.1043,2.1279,3.6592,0.3157,6.3024,
282,0.0199,0.3163,0.3225,0.3281,0.2198,0.1745,0.2347,0.6348,0.0002,0.0002,0.0997,0.1918,1.909,1.9319,2.8958,0.4628,5.4618,
283,0.0196,0.2309,0.3241,0.3535,0.2176,0.2039,0.2184,0.6478,0.0003,0.0002,0.0824,0.1766,1.8347,1.8572,2.39,0.3069,4.6664,
284,0.0193,0.3007,0.3188,0.3742,0.2205,0.1929,0.2173,0.6399,0.0002,0.0001,0.0893,0.2787,2.0236,2.046,2.6828,0.3069,5.1739,
285,0.0198,0.321,0.3302,0.364,0.2111,0.1805,0.2193,0.6159,0.0002,0.0002,0.091,0.1864,1.9293,1.9521,2.7806,0.3107,5.1538,
286,0.0204,0.3314,0.32,0.3431,0.2083,0.189,0.2235,0.6254,0.0002,0.0002,0.0621,0.1775,1.8791,1.9024,2.4532,0.3472,4.808,
287,0.0192,0.3044,0.4346,0.3557,0.2285,0.2452,0.2184,0.6989,0.0004,0.0001,0.097,0.1852,2.0984,2.1203,2.356,0.2996,4.8825,
288,0.0201,0.1786,0.3647,0.3633,0.2047,0.1618,0.2137,0.5875,0.0003,0.0002,0.0938,0.2021,1.8144,1.8388,3.8736,0.4522,6.2818,
289,0.0195,0.3041,0.3358,0.465,0.2291,0.1825,0.2102,0.6291,0.0002,0.0002,0.083,0.1713,2.0036,2.0262,2.3584,0.298,4.7972,
290,0.0189,0.3023,0.323,0.3561,0.2122,0.1867,0.2169,0.6212,0.0002,0.0002,0.0876,0.1753,1.886,1.9083,2.6266,0.2997,4.9393,
291,0.0189,0.2869,0.3208,0.3469,0.2039,0.1919,0.2186,0.6223,0.0002,0.0002,0.079,0.1782,1.8502,1.8718,2.4963,0.3023,4.7805,
292,0.019,0.3228,0.4145,0.3173,0.2088,0.2025,0.2185,0.6388,0.0002,0.0002,0.0922,0.1806,1.9831,2.005,2.3794,0.3,4.7885,
293,0.0194,0.3042,0.311,0.345,0.2154,0.1886,0.2142,0.6257,0.0002,0.0002,0.093,0.1834,1.8777,1.8998,2.5701,0.3026,4.8828,
294,0.0196,0.3091,0.3045,0.3702,0.2079,0.1976,0.212,0.6281,0.0002,0.0002,0.0884,0.1936,1.9136,1.9365,3.2604,0.4743,5.7809,
295,0.02,0.3391,0.3489,0.4317,0.2103,0.216,0.2292,0.6677,0.0003,0.0002,0.1,0.2361,2.15,2.1734,2.7811,0.3084,5.4267,
296,0.0233,0.1841,0.3081,0.3222,0.1915,0.1887,0.2063,0.5932,0.0002,0.0002,0.0829,0.1757,1.688,1.7162,3.4561,0.4152,5.7048,
297,0.0205,0.1997,0.2942,0.3978,0.2045,0.1946,0.2133,0.6211,0.0003,0.0002,0.0933,0.1795,1.8065,1.8301,2.4126,0.3014,4.6631,
298,0.0203,0.2826,0.3138,0.3416,0.209,0.3467,0.2104,0.772,0.0002,0.0002,0.0845,0.2007,2.012,2.0352,2.5803,0.3004,5.035,
299,0.0197,0.3059,0.3171,0.3532,0.2152,0.2059,0.2274,0.6626,0.0003,0.0002,0.0815,0.1815,1.9198,1.9424,2.6603,0.2988,5.0158,
300,0.0192,0.3157,0.2985,0.3666,0.2058,0.2003,0.2156,0.6336,0.0002,0.0001,0.0884,0.1916,1.9122,1.9344,2.3693,0.3028,4.7345,
301,0.019,0.3079,0.3984,0.3607,0.2035,0.1876,0.2109,0.6104,0.0002,0.0002,0.0789,0.1759,1.949,1.9708,2.4001,0.2977,4.7819,
302,0.0198,0.3116,0.3248,0.3738,0.2197,0.2005,0.2171,0.647,0.0002,0.0003,0.0886,0.1901,1.9778,2.0003,2.6769,0.2967,5.0904,
303,0.0195,0.2888,0.3282,0.3627,0.2019,0.1846,0.2133,0.6075,0.0002,0.0002,0.0948,0.1939,1.8942,1.9169,3.0942,0.4564,5.5817,
304,0.0204,0.1855,0.3211,0.362,0.1991,0.2046,0.2006,0.6132,0.0003,0.0002,0.0928,0.1804,1.7751,1.7995,3.813,0.3793,6.1302,
305,0.0208,0.318,0.3536,0.359,0.21,0.2159,0.2157,0.6506,0.0003,0.0002,0.0956,0.1918,1.9867,2.0105,2.595,0.497,5.2662,
306,0.0254,0.1927,0.3266,0.3952,0.2108,0.1954,0.2131,0.6301,0.0002,0.0002,0.0904,0.2011,1.8548,1.8833,2.8987,0.2993,5.2915,
307,0.0199,0.3148,0.3027,0.4846,0.228,0.1894,0.2142,0.6357,0.0002,0.0002,0.0997,0.1763,2.0265,2.0493,2.8251,0.2929,5.2754,
308,0.0194,0.3222,0.335,0.3511,0.2032,0.2448,0.2173,0.6753,0.0002,0.0002,0.0886,0.1731,1.9652,1.9875,2.5953,0.4552,5.1581,
309,0.0197,0.3341,0.3245,0.3708,0.2065,0.1883,0.2136,0.6195,0.0003,0.0002,0.0764,0.1776,1.9231,1.9455,2.4424,0.3664,4.8615,
310,0.0195,0.1942,0.3299,0.3449,0.2135,0.1943,0.2076,0.6214,0.0002,0.0002,0.0908,0.181,1.7835,1.8061,2.3311,0.2908,4.5322,
311,0.0198,0.3002,0.3241,0.3598,0.2148,0.194,0.2119,0.6281,0.0003,0.0002,0.2396,0.1959,2.0701,2.0927,2.3579,0.2906,4.8759,
312,0.0206,0.2089,0.341,0.3686,0.2005,0.2033,0.254,0.6668,0.0002,0.0002,0.1235,0.3928,2.1216,2.1468,2.7814,0.3133,5.4158,
313,0.0209,0.3181,0.3309,0.381,0.215,0.1931,0.2118,0.6271,0.0002,0.0002,0.0841,0.1724,1.932,1.9558,2.586,0.2979,5.0064,
314,0.0204,0.3041,0.3275,0.3571,0.2052,0.2478,0.2089,0.671,0.0002,0.0002,0.0883,0.1759,1.9388,1.962,2.7596,0.3019,5.1877,
315,0.02,0.3056,0.3426,0.3713,0.2036,0.2105,0.2178,0.6391,0.0003,0.0002,0.0937,0.1871,1.957,1.98,2.3898,0.2915,4.8447,
316,0.0209,0.2999,0.323,0.3433,0.2155,0.1908,0.2131,0.6272,0.0002,0.0001,0.0954,0.289,1.9975,2.0213,2.4895,0.2885,4.9066,
317,0.0231,0.3157,0.324,0.3636,0.2011,0.192,0.2108,0.6116,0.0002,0.0002,0.0939,0.188,1.914,1.9402,2.8455,0.2912,5.1897,
318,0.0224,0.2998,0.313,0.3574,0.2004,0.2325,0.2123,0.65,0.0001,0.0002,0.0936,0.182,1.9154,1.9411,2.3505,0.2868,4.6988,
319,0.0195,0.3085,0.3136,0.4255,0.2195,0.2001,0.2041,0.6293,0.0002,0.0002,0.0881,0.1917,1.9738,1.9964,2.3097,0.2825,4.7219,
320,0.0195,0.1738,0.3394,0.3615,0.2239,0.2325,0.1901,0.6554,0.0002,0.0002,0.0803,0.1688,1.8,1.8242,2.7175,0.2919,5.2782,
321,0.02,0.3116,0.352,0.3444,0.2106,0.2521,0.2053,0.6761,0.0003,0.0002,0.0924,0.1742,1.9674,1.9903,2.7813,0.2936,5.179,
322,0.0203,0.3139,0.3174,0.3771,0.1971,0.2546,0.2129,0.6716,0.0002,0.0002,0.0971,0.194,1.988,2.0113,2.566,0.4354,5.1327,
323,0.0202,0.1906,0.3063,0.3657,0.2054,0.1907,0.2117,0.6168,0.0003,0.0002,0.1133,0.1982,1.8059,1.8288,2.6997,0.2874,4.942,
324,0.0196,0.3133,0.3375,0.369,0.1995,0.3205,0.2325,0.761,0.0002,0.0002,0.0854,0.1691,2.0578,2.0804,2.3329,0.2862,4.825,
325,0.0193,0.3187,0.3217,0.3633,0.2009,0.2311,0.2102,0.6487,0.0002,0.0002,0.0943,0.1737,1.9467,1.969,2.5026,0.2846,4.8633,
326,0.0194,0.3077,0.3112,0.3301,0.2067,0.2317,0.2098,0.6554,0.0003,0.0002,0.0877,0.1805,1.888,1.9102,2.4161,0.2886,4.7203,
327,0.0198,0.3085,0.3262,0.5566,0.2141,0.1987,0.2035,0.625,0.0002,0.0002,0.0811,0.1988,2.1127,2.1353,2.3509,0.2859,4.8868,
328,0.0244,0.3488,0.3332,0.3585,0.1939,0.2513,0.2003,0.6519,0.0002,0.0002,0.0916,0.179,1.984,2.0134,3.245,0.3281,5.7039,
329,0.0249,0.3284,0.3384,0.3509,0.2074,0.3664,0.2133,0.7945,0.0002,0.0002,0.0629,0.1529,2.047,2.0751,3.0283,0.2819,5.5481,
330,0.0194,0.3073,0.3201,0.3249,0.2074,0.2019,0.2172,0.6365,0.0002,0.0001,0.0883,0.1793,1.8763,1.8987,2.6184,0.2839,4.9065,
331,0.0188,0.2765,0.3169,0.3558,0.208,0.1886,0.2091,0.6134,0.0002,0.0002,0.0873,0.1745,1.8427,1.8644,2.2955,0.3134,4.5857,
332,0.0196,0.4557,0.3205,0.3594,0.2102,0.254,0.2161,0.6924,0.0002,0.0002,0.0811,0.1868,2.1155,2.1391,2.3257,0.2818,4.8635,
333,0.024,0.3133,0.3173,0.3566,0.2011,0.1803,0.2048,0.5913,0.0002,0.0001,0.085,0.165,1.8467,1.8737,2.6518,0.2806,4.9182,
334,0.0205,0.3049,0.3187,0.3579,0.1985,0.2445,0.2098,0.6623,0.0002,0.0002,0.1035,0.1999,1.968,1.9914,2.4724,0.4242,4.9917,
335,0.0188,0.1944,0.3697,0.4119,0.2068,0.2786,0.2186,0.7183,0.0002,0.0002,0.0929,0.218,2.0303,2.0524,3.2955,0.3799,5.8597,
336,0.0245,0.1685,0.3212,0.393,0.195,0.1963,0.2009,0.6,0.0002,0.0003,0.0787,0.1814,1.7615,1.791,2.5924,0.4347,5.047,
337,0.0214,0.2342,0.306,0.3418,0.1983,0.1917,0.206,0.6051,0.0003,0.0002,0.0945,0.175,1.7742,1.7988,2.5462,0.2838,4.8276,
338,0.02,0.3241,0.328,0.3679,0.2064,0.2359,0.3251,0.7746,0.0003,0.0002,0.1153,0.1999,2.1283,2.1514,2.5148,0.29,5.1553,
339,0.0197,0.3129,0.341,0.3658,0.2015,0.2404,0.2144,0.6626,0.0002,0.0002,0.092,0.2034,1.9968,2.0195,3.0013,0.2849,5.446,
340,0.0202,0.3167,0.334,0.3507,0.2152,0.2028,0.2133,0.6448,0.0003,0.0002,0.0961,0.1777,1.9392,1.9622,2.4997,0.2853,4.8552,
341,0.0196,0.3906,0.2936,0.3741,0.205,0.1847,0.2179,0.6166,0.0003,0.0002,0.095,0.1963,1.9906,2.0134,2.2855,0.2798,4.6825,
342,0.0194,0.2965,0.3122,0.3611,0.2094,0.2399,0.2121,0.6705,0.0003,0.0001,0.0831,0.1784,1.9167,1.9388,2.6527,0.281,4.9764,
343,0.0196,0.3144,0.3315,0.3572,0.201,0.221,0.2111,0.6394,0.0003,0.0001,0.0945,0.1744,1.9302,1.9528,2.6367,0.4818,5.1831,
344,0.0198,0.173,0.3282,0.3499,0.1947,0.2026,0.2009,0.6037,0.0003,0.0002,0.074,0.1792,1.7267,1.7506,3.1138,0.2823,5.3071,
345,0.0184,0.2036,0.3366,0.3523,0.2149,0.1978,0.2132,0.6336,0.0002,0.0002,0.0786,0.178,1.8024,1.8238,2.4195,0.3085,4.6866,
346,0.0184,0.2946,0.3095,0.4627,0.2157,0.234,0.2212,0.6812,0.0002,0.0002,0.1063,0.1973,2.0644,2.0858,2.475,0.2807,4.9603,
347,0.0186,0.3253,0.3233,0.3814,0.2057,0.1881,0.2068,0.608,0.0003,0.0002,0.0879,0.1804,1.9231,1.9445,2.7927,0.2863,5.1592,
348,0.0186,0.3107,0.3343,0.355,0.205,0.1904,0.2147,0.6176,0.0002,0.0003,0.0901,0.1866,1.9096,1.9311,2.4163,0.3996,4.8605,
349,0.0176,0.3106,0.3164,0.3494,0.2132,0.2169,0.2173,0.6527,0.0001,0.0002,0.0968,0.1662,1.9066,1.9266,2.3393,0.2735,4.6486,
350,0.0178,0.3171,0.3342,0.3269,0.2112,0.1933,0.2155,0.6245,0.0002,0.0002,0.0676,0.1674,1.8532,1.8738,2.4692,0.2725,4.7218,
351,0.018,0.3077,0.3188,0.3715,0.2131,0.2469,0.2189,0.689,0.0002,0.0002,0.091,0.1803,1.9808,2.0018,2.4212,0.4278,4.9692,
352,0.0177,0.2669,0.3127,0.3515,0.1979,0.194,0.2088,0.6077,0.0002,0.0002,0.079,0.183,1.8177,1.8396,2.9851,0.2857,5.3019,
353,0.0182,0.2022,0.3375,0.3818,0.2054,0.2468,0.2174,0.6766,0.0002,0.0002,0.0916,0.1797,1.8897,1.9109,2.441,0.274,4.8004,
354,0.0186,0.3078,0.3162,0.4706,0.2185,0.2346,0.2086,0.6682,0.0002,0.0002,0.0892,0.1775,2.0465,2.0678,2.4213,0.2969,4.943,
355,0.0185,0.3136,0.3472,0.3539,0.2166,0.1938,0.2151,0.6344,0.0002,0.0002,0.0919,0.1806,1.9384,1.9597,3.85,0.272,6.3178,
356,0.0176,0.3198,0.3233,0.3679,0.2073,0.2491,0.2126,0.677,0.0002,0.0001,0.0935,0.1891,1.9927,2.0132,2.4416,0.2684,4.83,
357,0.0178,0.305,0.3009,0.3492,0.2087,0.2303,0.2162,0.6624,0.0002,0.0002,0.0814,0.184,1.902,1.9227,2.3157,0.2706,4.6259,
358,0.0176,0.3005,0.3294,0.4924,0.2154,0.2206,0.2065,0.6462,0.0002,0.0001,0.0775,0.1923,2.0635,2.084,2.4392,0.2675,4.9018,
359,0.0177,0.3217,0.3289,0.3226,0.2141,0.1879,0.2127,0.6179,0.0002,0.0002,0.0811,0.1753,1.8561,1.8764,2.5438,0.2675,4.8017,
360,0.0212,0.2621,0.3353,0.3557,0.2076,0.2443,0.2152,0.674,0.0002,0.0002,0.0815,0.1949,1.9243,1.9501,3.5686,0.2744,5.9274,
361,0.0182,0.3315,0.3201,0.3765,0.2124,0.2499,0.2227,0.6926,0.0003,0.0001,0.0765,0.1795,1.9946,2.016,2.7771,0.2736,5.188,
362,0.0189,0.31,0.3344,0.3631,0.2186,0.2396,0.2189,0.6879,0.0002,0.0002,0.0904,0.1736,1.9795,2.0013,2.3063,0.2916,4.7189,
363,0.0176,0.2962,0.3788,0.3508,0.2052,0.2462,0.2183,0.6829,0.0003,0.0002,0.0922,0.1833,1.9988,2.0193,2.2805,0.2648,4.6689,
364,0.0176,0.3055,0.3298,0.3664,0.2195,0.2004,0.2261,0.6582,0.0003,0.0002,0.1018,0.1869,1.9675,1.9879,2.5932,0.2663,4.9545,
365,0.0174,0.3126,0.3212,0.3552,0.2134,0.2453,0.214,0.6805,0.0002,0.0001,0.1001,0.1973,1.9907,2.0109,2.2341,0.2654,4.6224,
366,0.0177,0.3656,0.287,0.3602,0.2133,0.1874,0.2217,0.6309,0.0003,0.0002,0.0885,0.1738,1.9209,1.9413,2.2264,0.2795,4.5518,
367,0.0178,0.3061,0.3309,0.3421,0.207,0.2342,0.2164,0.6635,0.0002,0.0002,0.0829,0.166,1.9124,1.9331,2.5873,0.2626,4.8941,
368,0.0218,0.2751,0.3434,0.3611,0.204,0.247,0.2015,0.6601,0.0002,0.0002,0.0837,0.3048,2.0497,2.0759,2.5428,0.2662,5.051,
369,0.0183,0.3279,0.32,0.3564,0.2122,0.1902,0.2161,0.6463,0.0003,0.0002,0.0885,0.1849,1.9428,1.9641,2.9135,0.4827,5.5418,
370,0.0176,0.3175,0.3189,0.3833,0.2076,0.2397,0.2192,0.6744,0.0003,0.0002,0.0872,0.2003,1.9985,2.019,2.7237,0.2642,5.1239,
371,0.0176,0.4659,0.3186,0.3395,0.206,0.2321,0.2155,0.662,0.0002,0.0002,0.0878,0.182,2.073,2.0935,2.3276,0.2683,4.797,
372,0.0177,0.3093,0.3248,0.3632,0.2083,0.2022,0.212,0.6318,0.0003,0.0001,0.0979,0.1838,1.9307,1.9513,2.4286,0.2671,4.7504,
373,0.0184,0.304,0.3201,0.3502,0.2403,0.2215,0.2367,0.7137,0.0003,0.0002,0.1123,0.2184,2.05,2.0716,3.6225,0.3133,6.1262,
374,0.0187,0.3515,0.3936,0.4341,0.2021,0.2045,0.2127,0.6295,0.0003,0.0002,0.1025,0.1984,2.1334,2.156,2.3171,0.2731,4.8569,
375,0.0195,0.2908,0.3601,0.37,0.2043,0.1798,0.2125,0.6011,0.0002,0.0002,0.0937,0.1854,1.9193,1.9418,2.574,0.3108,4.9338,
376,0.0194,0.3436,0.3481,0.3762,0.2319,0.2061,0.2248,0.673,0.0002,0.0002,0.0736,0.189,2.0243,2.048,2.6683,0.2807,5.1677,
377,0.0202,0.3257,0.352,0.3748,0.2069,0.1955,0.3393,0.7495,0.0003,0.0002,0.1258,0.1931,2.142,2.1652,3.9333,0.2715,6.5235,
378,0.0196,0.3008,0.3404,0.358,0.2141,0.2485,0.2228,0.6919,0.0002,0.0002,0.0992,0.1903,2.0053,2.0278,2.5533,0.2756,4.9613,
379,0.0179,0.3077,0.325,0.3593,0.218,0.2001,0.2206,0.6485,0.0002,0.0002,0.0943,0.1708,1.9255,1.9464,2.3882,0.5023,4.947,
380,0.018,0.1926,0.313,0.3589,0.2176,0.1924,0.216,0.634,0.0002,0.0002,0.0895,0.1754,1.7805,1.8028,2.2124,0.2771,4.4004,
381,0.0188,0.3057,0.3144,0.3698,0.2166,0.2216,0.212,0.658,0.0003,0.0001,0.2328,0.1757,2.0747,2.0963,2.4419,0.4397,5.1157,
382,0.0194,0.3265,0.3294,0.343,0.2081,0.1788,0.2197,0.6113,0.0002,0.0001,0.0673,0.1776,1.8723,1.8945,2.5383,0.2946,4.8364,
383,0.0196,0.3126,0.3242,0.3316,0.2045,0.1947,0.2174,0.6224,0.0003,0.0002,0.0912,0.1781,1.8755,1.898,2.2371,0.2767,4.5219,
384,0.0246,0.1631,0.337,0.3542,0.2096,0.242,0.2035,0.6634,0.0002,0.0002,0.0807,0.1767,1.7923,1.8213,3.2828,0.2829,5.4977,
385,0.0202,0.4762,0.3301,0.3651,0.231,0.2144,0.223,0.6813,0.0003,0.0002,0.1009,0.1829,2.1593,2.1826,2.3377,0.2817,4.9901,
386,0.0206,0.2985,0.3163,0.3779,0.2187,0.2428,0.2133,0.6819,0.0001,0.0002,0.0859,0.1859,1.9622,1.9857,2.517,0.2875,4.9709,
387,0.0204,0.2969,0.3353,0.3557,0.2116,0.2297,0.2143,0.6641,0.0002,0.0001,0.0822,0.174,1.921,1.9443,2.5687,0.44,5.06,
388,0.0192,0.3665,0.3122,0.3434,0.2138,0.2109,0.2105,0.6449,0.0002,0.0002,0.0798,0.1909,1.9575,1.9797,2.1864,0.2813,4.5519,
389,0.0195,0.2978,0.3143,0.3709,0.2174,0.1949,0.2189,0.6384,0.0003,0.0002,0.0832,0.3065,2.0323,2.0552,2.5763,0.2869,5.033,
390,0.0195,0.3012,0.2956,0.3635,0.2152,0.212,0.2194,0.6564,0.0002,0.0002,0.0942,0.1924,1.9239,1.9464,2.6181,0.287,4.9588,
391,0.0195,0.2954,0.3034,0.3856,0.2185,0.2307,0.2175,0.6745,0.0002,0.0002,0.0956,0.1717,1.9469,1.9692,2.1787,0.2841,4.5338,
392,0.0194,0.2583,0.3438,0.3538,0.1994,0.2342,0.2099,0.6531,0.0002,0.0002,0.0774,0.1939,1.8948,1.9182,3.9316,0.4514,6.4277,
393,0.0201,0.1981,0.3242,0.3626,0.2237,0.2702,0.2029,0.7066,0.0002,0.0001,0.0839,0.1768,1.8856,1.9088,3.4794,0.4951,5.9946,
394,0.0199,0.3522,0.3134,0.3839,0.2061,0.2483,0.216,0.6768,0.0002,0.0001,0.083,0.1891,2.0186,2.0413,3.472,0.4545,6.0889,
395,0.0199,0.3029,0.3059,0.5184,0.2386,0.2225,0.2202,0.6898,0.0002,0.0002,0.0886,0.1929,2.1145,2.1372,3.1315,0.3016,5.6783,
396,0.0196,0.3449,0.3269,0.338,0.2124,0.1865,0.2198,0.6267,0.0002,0.0002,0.0819,0.202,1.946,1.9691,3.6906,0.4611,6.4261,
397,0.0198,0.3014,0.3367,0.3399,0.2075,0.2666,0.2247,0.7041,0.0002,0.0002,0.0975,0.1693,1.9647,1.9874,2.5892,0.2892,4.9766,
398,0.0192,0.3203,0.3257,0.3599,0.2145,0.2409,0.2136,0.6771,0.0003,0.0001,0.0895,0.1977,1.9857,2.0077,2.8306,0.457,5.4056,
399,0.0194,0.1742,0.3168,0.3776,0.2199,0.2446,0.2212,0.6935,0.0002,0.0001,0.0912,0.1765,1.8471,1.8693,2.2789,0.2924,4.5505,
400,0.0243,0.1774,0.3098,0.3466,0.2033,0.2461,0.2066,0.6635,0.0002,0.0002,0.0792,0.169,1.7642,1.7947,3.7596,0.2962,5.9815,
401,0.0202,0.3956,0.3521,0.3098,0.2066,0.2567,0.2228,0.6958,0.0003,0.0001,0.0927,0.1928,2.058,2.0814,2.5419,0.2929,5.0231,
402,0.0199,0.3033,0.3111,0.3439,0.2222,0.2531,0.2175,0.6986,0.0002,0.0002,0.0953,0.1826,1.9523,1.9761,2.4364,0.3026,4.8423,
403,0.0198,0.2896,0.3004,0.3785,0.2094,0.2584,0.2148,0.6953,0.0002,0.0002,0.0888,0.1762,1.9447,1.9671,2.4779,0.4355,4.9889,
404,0.0194,0.197,0.3413,0.3706,0.2095,0.2373,0.2186,0.6705,0.0003,0.0002,0.0946,0.1863,1.8816,1.9037,2.2498,0.3146,4.5739,
405,0.0192,0.3076,0.3203,0.3368,0.2105,0.2689,0.2227,0.7107,0.0003,0.0002,0.0835,0.176,1.9521,1.9741,2.2376,0.3025,4.6378,
406,0.0193,0.3034,0.3118,0.3608,0.2208,0.2509,0.2169,0.6939,0.0002,0.0002,0.083,0.1964,1.9674,1.9897,2.4162,0.3502,4.8576,
407,0.0192,0.3427,0.3111,0.3582,0.2195,0.311,0.2456,0.7902,0.0003,0.0002,0.1015,0.2095,2.1368,2.1592,2.8995,0.3344,5.5411,
408,0.0209,0.1757,0.3707,0.373,0.2089,0.2574,0.2071,0.6838,0.0003,0.0003,0.0945,0.1868,1.909,1.9347,2.6971,0.4162,5.2712,
409,0.0206,0.2728,0.287,0.3352,0.2102,0.2514,0.2178,0.6862,0.0003,0.0001,0.0957,0.1823,1.878,1.9017,4.1867,0.5431,6.7598,
410,0.0203,0.4323,0.4179,0.4123,0.2375,0.3078,0.2479,0.8079,0.0002,0.0002,0.1075,0.2267,2.4334,2.457,3.8778,0.4421,6.9261,
411,0.0196,0.4128,0.361,0.3898,0.2007,0.2091,0.2287,0.6482,0.0002,0.0002,0.0981,0.1921,2.1242,2.1471,4.0858,0.5301,6.8876,
412,0.0195,0.4062,0.3073,0.3673,0.2126,0.231,0.2201,0.6671,0.0002,0.0002,0.0804,0.1735,2.0191,2.0414,4.1792,0.5366,6.8697,
413,0.0199,0.3628,0.3291,0.3409,0.2182,0.2524,0.2191,0.6981,0.0003,0.0002,0.0948,0.1805,2.0263,2.0491,4.0486,0.4957,6.7085,
414,0.0201,0.4241,0.3727,0.3502,0.2342,0.258,0.24,0.7387,0.0002,0.0002,0.1037,0.1849,2.1922,2.2149,2.99,0.3133,5.6402,
415,0.0191,0.3145,0.3237,0.3515,0.2223,0.2441,0.2698,0.7438,0.0003,0.0002,0.128,0.1715,2.0579,2.08,2.3238,0.3178,4.8941,
416,0.0203,0.2794,0.3221,0.3813,0.2035,0.3826,0.2093,0.8017,0.0002,0.0002,0.0886,0.1763,2.0648,2.0891,2.83,0.3128,5.3949,
417,0.0193,0.3228,0.3223,0.3361,0.2137,0.247,0.2248,0.6969,0.0003,0.0002,0.0892,0.1827,1.9621,1.9844,3.7838,0.3187,6.1955,
418,0.0191,0.3168,0.3059,0.3633,0.2264,0.2362,0.2218,0.6932,0.0002,0.0002,0.101,0.2064,2.0112,2.0334,2.5612,0.3162,5.0202,
419,0.0194,0.3065,0.2969,0.381,0.2315,0.2459,0.2202,0.7041,0.0003,0.0002,0.0925,0.1813,1.9794,2.0017,2.5955,0.3174,5.0206,
420,0.02,0.3305,0.3905,0.4096,0.2153,0.2456,0.2213,0.6911,0.0003,0.0002,0.0969,0.1832,2.1185,2.1414,2.3999,0.3208,4.9671,
421,0.0193,0.2979,0.3105,0.32,0.2169,0.2192,0.2226,0.6619,0.0001,0.0002,0.0922,0.1761,1.8721,1.8943,2.6023,0.3127,4.9177,
422,0.0194,0.2991,0.3131,0.3333,0.2243,0.2422,0.2273,0.7002,0.0003,0.0002,0.0932,0.1837,1.9386,1.9609,2.4386,0.4404,4.9486,
423,0.0192,0.2027,0.3072,0.3839,0.232,0.1925,0.2313,0.6624,0.0003,0.0001,0.0846,0.1909,1.855,1.8772,2.3507,0.3217,4.664,
424,0.0228,0.1786,0.3248,0.3789,0.2208,0.2401,0.217,0.6855,0.0002,0.0002,0.0848,0.1801,1.8523,1.8798,2.7191,0.3274,5.0958,
425,0.0205,0.3005,0.3396,0.5226,0.2265,0.2382,0.2101,0.6834,0.0002,0.0002,0.0915,0.192,2.147,2.1707,4.0173,0.3215,6.6305,
426,0.0193,0.3163,0.3333,0.3464,0.2375,0.347,0.2219,0.8134,0.0003,0.0002,0.0841,0.1983,2.1105,2.1327,2.3935,0.3169,4.9486,
427,0.0193,0.3029,0.3054,0.3617,0.2125,0.1979,0.2326,0.6527,0.0002,0.0002,0.0774,0.1709,1.8856,1.9077,2.7511,0.4778,5.2509,
428,0.0191,0.3185,0.3128,0.4235,0.2377,0.2251,0.2302,0.7028,0.0002,0.0002,0.0964,0.191,2.0674,2.09,3.9524,0.4989,6.7275,
429,0.0199,0.2926,0.3253,0.3712,0.2208,0.2383,0.2297,0.6944,0.0002,0.0002,0.0752,0.1935,1.9679,1.9909,4.2898,0.514,6.9252,
430,0.0204,0.3027,0.3176,0.3429,0.2161,0.2058,0.2236,0.6536,0.0002,0.0002,0.0864,0.1855,1.9048,1.9282,3.9636,0.5222,6.5244,
431,0.0194,0.3162,0.3304,0.3441,0.2255,0.2017,0.2283,0.6635,0.0002,0.0002,0.0749,0.1772,1.9236,1.9459,3.9818,0.5368,6.5852,
432,0.0246,0.262,0.3248,0.3623,0.2182,0.2009,0.2145,0.6403,0.0002,0.0002,0.0766,0.1766,1.8594,1.8883,4.0682,0.5255,6.623,
433,0.0201,0.3233,0.3436,0.3915,0.2298,0.2538,0.2144,0.7035,0.0002,0.0002,0.0922,0.1789,2.056,2.0798,4.0299,0.4529,6.7192,
434,0.0206,0.1839,0.3353,0.363,0.2248,0.1884,0.2258,0.649,0.0003,0.0002,0.0893,0.1767,1.8177,1.8412,4.2966,0.4772,6.7389,
435,0.0195,0.3368,0.3537,0.3728,0.2201,0.1976,0.2284,0.653,0.0002,0.0002,0.0593,0.1819,1.9765,1.9993,4.1279,0.514,6.7641,
436,0.0207,0.3042,0.3363,0.3449,0.2313,0.1963,0.2164,0.653,0.0002,0.0002,0.0942,0.1773,1.9467,1.9704,3.9369,0.5151,6.5271,
437,0.0198,0.3279,0.3381,0.3417,0.2237,0.2121,0.2257,0.6707,0.0002,0.0003,0.0953,0.1833,1.9715,1.9942,3.9574,0.4888,6.5556,
438,0.0197,0.3058,0.3137,0.3816,0.2317,0.2201,0.2316,0.6937,0.0002,0.0002,0.102,0.1866,2.0091,2.0318,3.8002,0.4872,6.4382,
439,0.0206,0.2955,0.3313,0.4096,0.2192,0.2062,0.2348,0.6682,0.0002,0.0002,0.0932,0.1783,1.9958,2.0193,3.9348,0.5122,6.5803,
440,0.0207,0.1811,0.3337,0.3827,0.2034,0.1969,0.2159,0.6244,0.0002,0.0002,0.0641,0.1801,1.786,1.8108,4.2254,0.5258,6.6905,
441,0.0205,0.3184,0.3468,0.3796,0.2186,0.1903,0.2247,0.6414,0.0002,0.0002,0.0906,0.1866,1.9828,2.0063,3.9862,0.4251,6.5404,
442,0.0205,0.3183,0.3608,0.3523,0.2267,0.2503,0.2493,0.7372,0.0003,0.0001,0.1244,0.1874,2.1,2.1237,3.9212,0.455,6.6653,
443,0.0209,0.3411,0.3599,0.4006,0.2338,0.1977,0.2319,0.673,0.0003,0.0002,0.0929,0.1887,2.076,2.1003,4.038,0.4783,6.7334,
444,0.0195,0.3431,0.3566,0.3901,0.2259,0.2026,0.2266,0.6664,0.0003,0.0003,0.1031,0.2275,2.1083,2.131,3.8613,0.35,6.4854,
445,0.0194,0.2904,0.3282,0.3584,0.2208,0.185,0.2209,0.6352,0.0003,0.0002,0.0927,0.1789,1.9023,1.9247,3.8777,0.509,6.4192,
446,0.0201,0.3105,0.3466,0.373,0.2221,0.2076,0.2359,0.6802,0.0002,0.0002,0.1019,0.2141,2.0451,2.068,4.0318,0.5183,6.7348,
447,0.0198,0.3163,0.3333,0.3597,0.2187,0.1958,0.2202,0.639,0.0002,0.0002,0.0819,0.1855,1.9348,1.9573,3.6651,0.5223,6.2522,
448,0.0209,0.2666,0.3385,0.3531,0.2145,0.1939,0.2126,0.6256,0.0002,0.0002,0.1055,0.1908,1.8977,1.9232,4.1066,0.445,6.6294,
449,0.02,0.331,0.3543,0.4005,0.2342,0.2674,0.2294,0.7424,0.0003,0.0002,0.0983,0.2047,2.1496,2.1729,3.8474,0.5238,6.6718,
450,0.0195,0.3139,0.3222,0.3615,0.2193,0.1816,0.231,0.6386,0.0002,0.0002,0.0909,0.1755,1.9242,1.9466,4.0468,0.3217,6.4412,
451,0.02,0.1968,0.3489,0.3631,0.223,0.2075,0.2271,0.6625,0.0002,0.0002,0.0935,0.1848,1.8657,1.8886,3.8653,0.4089,6.2868,
452,0.0198,0.1989,0.3283,0.3636,0.2145,0.1946,0.2235,0.6403,0.0002,0.0002,0.0817,0.1855,1.8138,1.8364,3.7944,0.5255,6.2669,
453,0.0197,0.277,0.3245,0.3629,0.2156,0.2037,0.2266,0.6547,0.0003,0.0002,0.0951,0.1853,1.9232,1.9458,3.8812,0.478,6.4142,
454,0.0199,0.4538,0.3396,0.3884,0.2321,0.1932,0.225,0.6588,0.0002,0.0002,0.0837,0.1814,2.1202,2.1434,3.8829,0.4622,6.6071,
455,0.0203,0.2803,0.4605,0.3795,0.2311,0.1958,0.226,0.6616,0.0003,0.0002,0.0961,0.2125,2.1162,2.1395,3.7876,0.5048,6.544,
456,0.0206,0.3209,0.3296,0.4195,0.2114,0.2024,0.2133,0.6366,0.0002,0.0002,0.0761,0.1885,1.9892,2.0148,3.8131,0.5507,6.5492,
457,0.0186,0.1747,0.3234,0.3913,0.2183,0.1901,0.2231,0.6383,0.0002,0.0001,0.0943,0.1691,1.8063,1.8281,4.2634,0.7151,6.9607,
458,0.02,0.1948,0.3436,0.3814,0.2345,0.2205,0.2251,0.6907,0.0002,0.0002,0.0848,0.2013,1.9208,1.9452,4.2697,0.5376,6.9257,
459,0.0195,0.1931,0.3659,0.3457,0.2121,0.1909,0.2302,0.6404,0.0002,0.0002,0.0931,0.1892,1.8445,1.8668,3.922,0.4645,6.4318,
460,0.0212,0.2298,0.3536,0.3888,0.2329,0.21,0.2328,0.6894,0.0002,0.0002,0.093,0.202,1.98,2.0052,3.91,0.4958,6.5277,
461,0.0198,0.4103,0.3553,0.421,0.2209,0.2166,0.2248,0.6736,0.0003,0.0002,0.1032,0.1939,2.1812,2.2042,3.7958,0.5083,6.6275,
462,0.0192,0.4925,0.3305,0.4216,0.2173,0.2191,0.2318,0.6796,0.0003,0.0002,0.0976,0.1948,2.2407,2.2632,3.8564,0.4676,6.7526,
463,0.0197,0.3265,0.4891,0.4017,0.2301,0.191,0.2223,0.6467,0.0002,0.0002,0.0984,0.1824,2.1604,2.1831,3.9128,0.4507,6.721,
464,0.0201,0.2119,0.3603,0.3819,0.2137,0.2003,0.211,0.6351,0.0003,0.0002,0.0825,0.194,1.8857,1.9104,3.883,0.5249,6.4456,
465,0.0204,0.1806,0.3484,0.3515,0.2142,0.1949,0.2201,0.6353,0.0002,0.0002,0.0882,0.1819,1.8024,1.8258,3.7161,0.5065,6.2128,
466,0.0202,0.1774,0.3209,0.3471,0.2189,0.2001,0.2293,0.6624,0.0002,0.0002,0.0937,0.1834,1.8019,1.8252,3.7185,0.5489,6.2097,
467,0.0199,0.455,0.3237,0.3306,0.2145,0.242,0.2267,0.6904,0.0003,0.0001,0.0913,0.182,2.0947,2.1179,3.7423,0.5033,6.473,
468,0.0199,0.3101,0.3402,0.4632,0.2199,0.2408,0.2251,0.6955,0.0002,0.0002,0.0939,0.1832,2.1002,2.1229,3.1972,0.4914,5.9224,
469,0.0203,0.3074,0.3353,0.3568,0.219,0.2323,0.2363,0.6934,0.0002,0.0002,0.2331,0.18,2.1567,2.1828,3.4779,0.503,6.29,
470,0.02,0.3226,0.3323,0.3323,0.2191,0.1852,0.2207,0.6283,0.0002,0.0001,0.0816,0.1786,1.8871,1.9098,3.8003,0.4939,6.3257,
471,0.019,0.3071,0.3239,0.3405,0.2227,0.2041,0.2251,0.6625,0.0002,0.0002,0.0896,0.1812,1.9213,1.943,3.7752,0.497,6.3397,
472,0.0205,0.2818,0.33,0.3752,0.214,0.3317,0.2089,0.7637,0.0002,0.0002,0.0649,0.1967,2.0325,2.0573,3.7714,0.4963,6.5096,
473,0.0203,0.3253,0.3266,0.3618,0.2232,0.1871,0.2163,0.634,0.0002,0.0002,0.0893,0.3272,2.0806,2.104,3.7512,0.5084,6.5788,
474,0.0199,0.338,0.3682,0.4036,0.2199,0.1934,0.2235,0.6422,0.0002,0.0002,0.0805,0.1995,2.057,2.0809,4.0178,0.5194,7.003,
475,0.0208,0.3317,0.3506,0.3552,0.2167,0.2489,0.2253,0.7001,0.0002,0.0002,0.0929,0.1723,2.0216,2.0455,3.938,0.4848,6.6136,
476,0.021,0.344,0.3526,0.3411,0.2228,0.2461,0.2208,0.6962,0.0002,0.0002,0.0803,0.1778,2.0101,2.0342,3.9174,0.4978,6.5626,
477,0.0213,0.3183,0.293,0.3685,0.2211,0.1897,0.2272,0.6451,0.0002,0.0002,0.0912,0.1988,1.9419,1.9665,3.7783,0.5004,6.3591,
478,0.0194,0.309,0.3135,0.3567,0.2303,0.2324,0.2236,0.694,0.0003,0.0002,0.0967,0.2007,1.9862,2.0083,4.0136,0.4649,6.675,
479,0.0199,0.31,0.3439,0.4093,0.224,0.2097,0.2282,0.6724,0.0003,0.0002,0.1007,0.2094,2.066,2.0889,3.888,0.4965,6.5918,
480,0.0187,0.1848,0.3214,0.3521,0.2086,0.2646,0.2101,0.6915,0.0002,0.0003,0.0803,0.3416,1.9896,2.0124,3.8455,0.4776,6.4891,
481,0.0176,0.3222,0.3553,0.3801,0.2361,0.2154,0.2358,0.6989,0.0003,0.0004,0.0933,0.2034,2.0723,2.0928,4.1482,0.4703,7.0558,
482,0.0196,0.3364,0.5338,0.3932,0.2328,0.2111,0.2296,0.6841,0.0002,0.0002,0.2447,0.2043,2.4144,2.4374,3.6505,0.4869,6.6927,
483,0.0203,0.3583,0.3639,0.3822,0.2329,0.2099,0.2347,0.6876,0.0003,0.0001,0.0841,0.1885,2.0941,2.1179,3.9472,0.5072,6.7025,
484,0.0233,0.3185,0.3573,0.363,0.2211,0.2193,0.2339,0.6847,0.0003,0.0002,0.1078,0.1935,2.0444,2.0706,3.9135,0.5056,6.6288,
485,0.0194,0.3134,0.3459,0.3552,0.2418,0.2381,0.2249,0.7234,0.0002,0.0002,0.229,0.1959,2.1834,2.2057,4.3607,0.4805,7.2252,
486,0.0194,0.309,0.3419,0.3441,0.2247,0.2481,0.2267,0.7104,0.0003,0.0001,0.0878,0.1792,1.9941,2.0168,3.9567,0.4996,6.584,
487,0.0196,0.3158,0.3325,0.3774,0.2141,0.2415,0.2207,0.6839,0.0003,0.0002,0.0976,0.1822,2.0056,2.0279,4.0233,0.4677,6.6483,
488,0.0234,0.1896,0.3174,0.5366,0.2197,0.185,0.2347,0.646,0.0003,0.0002,0.071,0.1698,1.9504,1.9789,3.9053,0.5136,6.5377,
489,0.0192,0.3156,0.3667,0.3873,0.2473,0.274,0.2047,0.7364,0.0002,0.0002,0.0764,0.1761,2.0837,2.106,3.8108,0.4938,6.5249,
490,0.0194,0.3191,0.3471,0.3359,0.2177,0.2031,0.3067,0.7398,0.0002,0.0002,0.12,0.1881,2.0697,2.0922,3.8161,0.468,6.4879,
491,0.0202,0.3114,0.317,0.3602,0.2319,0.2408,0.2355,0.7163,0.0002,0.0001,0.0905,0.1988,2.0096,2.0329,3.9551,0.4746,6.5773,
492,0.0198,0.3262,0.3276,0.3841,0.226,0.2456,0.2235,0.7035,0.0002,0.0002,0.0782,0.1861,2.0227,2.0454,3.7614,0.4866,6.4864,
493,0.0206,0.3098,0.3297,0.3941,0.2204,0.2047,0.2241,0.659,0.0002,0.0002,0.0966,0.1864,1.9965,2.0198,3.8004,0.4701,6.4259,
494,0.0211,0.3174,0.3337,0.3535,0.2115,0.1938,0.2304,0.6449,0.0003,0.0002,0.0924,0.1851,1.9496,1.974,3.6023,0.4904,6.1856,
495,0.0195,0.2787,0.343,0.3558,0.2126,0.2064,0.2247,0.6502,0.0002,0.0002,0.0895,0.1796,1.9155,1.9382,3.5622,0.5139,6.1241,
496,0.0209,0.2725,0.3332,0.3586,0.2158,0.2831,0.2185,0.7226,0.0002,0.0002,0.0945,0.191,1.9883,2.0133,3.9958,0.5006,6.8834,
497,0.019,0.3308,0.3236,0.3845,0.2085,0.2521,0.2191,0.6852,0.0002,0.0002,0.1055,0.1953,2.0462,2.068,4.0479,0.4886,6.778,
498,0.0201,0.3074,0.346,0.4025,0.2149,0.2493,0.2296,0.7025,0.0002,0.0002,0.0946,0.1918,2.057,2.0799,3.8364,0.3382,7.7013,
499,0.0194,0.3425,0.3525,0.3785,0.2151,0.2369,0.2205,0.6786,0.0002,0.0002,0.0792,0.1859,2.0386,2.0609,3.9275,0.5083,6.626,
500,0.0201,0.323,0.3418,0.3945,0.236,0.2593,0.2325,0.7341,0.0002,0.0002,0.0916,0.1904,2.0985,2.1218,4.0032,0.4923,6.7326,
501,0.0197,0.3432,0.3348,0.4065,0.2348,0.2676,0.2229,0.7376,0.0003,0.0002,0.0879,0.2115,2.1429,2.1654,2.8717,0.2988,5.473,
502,0.0187,0.3144,0.3185,0.3623,0.2148,0.2167,0.2227,0.6574,0.0002,0.0001,0.0851,0.2074,1.959,1.9811,2.2971,0.5165,4.9063,
503,0.0186,0.198,0.3196,0.3637,0.2193,0.2573,0.2289,0.7119,0.0002,0.0002,0.0771,0.179,1.8933,1.9146,2.1942,0.3051,4.5223,
504,0.0211,0.2074,0.3183,0.3583,0.2061,0.2329,0.2259,0.6734,0.0002,0.0002,0.0933,0.1983,1.8703,1.8958,3.8399,0.5091,6.4193,
505,0.0188,0.1938,0.3401,0.3494,0.2189,0.2735,0.213,0.7163,0.0004,0.0001,0.0912,0.1949,1.9069,1.9324,2.5553,0.3003,4.9193,
506,0.0188,0.3259,0.3208,0.3856,0.2181,0.189,0.219,0.6338,0.0003,0.0002,0.1266,0.2134,2.0205,2.0422,2.5689,0.3589,5.2807,
507,0.0207,0.325,0.3478,0.356,0.2196,0.2381,0.2233,0.6867,0.0002,0.0002,0.0891,0.1813,2.0048,2.0289,3.0615,0.2952,5.5315,
508,0.0176,0.2725,0.3204,0.3521,0.2244,0.2461,0.2182,0.6964,0.0002,0.0001,0.0869,0.1692,1.9142,1.9342,2.2414,0.3068,4.584,
509,0.0195,0.3208,0.3225,0.3147,0.21,0.2351,0.2226,0.6747,0.0002,0.0002,0.0962,0.2062,1.954,1.9762,2.3804,0.3056,4.7677,
510,0.0175,0.3183,0.3187,0.3541,0.2244,0.2387,0.2226,0.6962,0.0002,0.0002,0.0848,0.1734,1.9643,1.9846,2.4964,0.2991,4.8833,
511,0.0186,0.2978,0.3434,0.3508,0.2106,0.1794,0.2216,0.62,0.0002,0.0002,0.0938,0.1934,1.9221,1.944,2.2228,0.413,4.6922,
512,0.0187,0.1789,0.3237,0.3549,0.2076,0.213,0.2182,0.6459,0.0002,0.0002,0.0874,0.1739,1.7857,1.8086,3.535,0.5193,6.0319,
513,0.0176,0.3087,0.3479,0.3497,0.2238,0.1913,0.2231,0.6461,0.0002,0.0002,0.0957,0.1715,1.9397,1.9601,2.3187,0.307,4.7752,
514,0.0189,0.2924,0.4353,0.3424,0.2136,0.2659,0.2232,0.7113,0.0003,0.0002,0.0864,0.1815,2.0637,2.0855,2.7735,0.3091,5.2729,
515,0.0196,0.2993,0.2997,0.3793,0.2269,0.2444,0.2352,0.7182,0.0003,0.0002,0.0962,0.3241,2.143,2.1658,3.4344,0.4477,6.1602,
516,0.0201,0.3319,0.3614,0.3773,0.2186,0.257,0.2471,0.7362,0.0003,0.0001,0.1059,0.2215,2.1633,2.1865,3.1761,0.5155,6.074,
517,0.0181,0.3193,0.3244,0.3628,0.2246,0.2789,0.2317,0.7534,0.0003,0.0002,0.0932,0.1891,2.066,2.0877,3.4632,0.3074,5.9686,
518,0.0192,0.3353,0.3286,0.3777,0.2273,0.2518,0.2344,0.7181,0.0002,0.0002,0.0613,0.1823,2.0206,2.0428,2.9294,0.5016,5.5922,
519,0.0198,0.1762,0.3124,0.3817,0.2341,0.1977,0.236,0.6825,0.0003,0.0002,0.0977,0.1826,1.8492,1.8719,2.8655,0.3121,5.1545,
