,Unnecessary Copy,Copy to GPU,Arrange data,Full count array and resize neighbour array,Execute kncomputeNeighboursCount and resize neighbour offsets,Execute exclusive_scan over counts,Count resize,Set inverse offsets and counts,Execute kncomputeNeighbours,Neighbour resize,Inverse particle indexes,Copy neighbour data to CPU,Compute neighbours,neighborhood search, constraint projection,XSPH viscosity computation,SimStep
0,0.0065,0.1922,0.6412,0.0531,0.0022,0.2566,0.0001,0.0438,0.1266,0.0002,0.0738,0.2639,0.8493,1.7012,1.6669,0.2516,3.674
1,0.0061,0.2133,0.6029,0.0552,0.0021,0.2899,0.0001,0.051,0.1085,0.0002,0.1249,0.2411,0.892,1.7246,1.7046,0.2483,3.7506
2,0.0062,0.2185,0.5828,0.049,0.0025,0.238,0.0002,0.0497,0.106,0.0002,0.0741,0.2487,0.7871,1.6045,1.8283,0.2528,3.7588
3,0.0061,0.2135,0.5929,0.0499,0.0018,0.2287,0.0001,0.0478,0.1074,0.0002,0.0813,0.2532,0.7882,1.6092,2.2614,0.2455,4.1856
4,0.0059,0.2178,0.5635,0.044,0.0017,0.2159,0.0001,0.0442,0.1034,0.0002,0.0764,0.2428,0.7402,1.5371,1.6055,0.3556,3.5718
5,0.0062,0.202,0.557,0.0442,0.0015,0.2187,0,0.0515,0.1088,0.0001,0.0713,0.2273,0.733,1.5034,1.5315,0.2501,3.3521
6,0.006,0.2002,0.5219,0.0461,0.0014,0.2195,0,0.0434,0.1053,0.0002,0.075,0.2212,0.7208,1.4533,1.5633,0.2717,3.3536
7,0.0056,0.2053,0.548,0.0533,0.0016,0.2688,0.0001,0.0485,0.1042,0.0002,0.1219,0.2433,0.8525,1.6221,1.57,0.2797,3.5418
8,0.0062,0.0851,0.5954,0.055,0.0023,0.2344,0.0001,0.0488,0.1149,0.0002,0.077,0.2498,0.8051,1.5035,2.2418,0.2882,4.1099
9,0.0064,0.2146,0.6004,0.0555,0.0038,0.2858,0.0002,0.0488,0.1116,0.0002,0.1223,0.2454,0.8938,1.7236,2.6091,0.2863,4.6926
10,0.0059,0.2156,0.5909,0.0567,0.0041,0.2774,0.0001,0.0484,0.1099,0.0003,0.1235,0.2414,0.8847,1.7068,1.6379,0.289,3.7081
11,0.0059,0.2091,0.5942,0.0598,0.0019,0.2749,0.0001,0.0483,0.1096,0.0002,0.1218,0.2499,0.8866,1.705,1.7611,0.285,3.8256
12,0.0062,0.2163,0.6086,0.0578,0.0019,0.2304,0.0001,0.0484,0.1086,0.0003,0.0771,0.2602,0.8052,1.6461,1.7646,0.295,3.7816
13,0.0061,0.211,0.5917,0.0561,0.0037,0.2791,0.0001,0.048,0.1226,0.0002,0.1225,0.2467,0.8939,1.7124,1.6973,0.2813,3.7632
14,0.0058,0.207,0.5311,0.0525,0.0014,0.2621,0.0001,0.0437,0.123,0.0001,0.1163,0.2381,0.8497,1.5986,1.6646,0.2873,3.6219
15,0.006,0.2113,0.5919,0.0557,0.0033,0.2782,0.0002,0.0486,0.1243,0.0002,0.1188,0.2332,0.8816,1.7019,1.688,0.4054,3.8675
16,0.0067,0.1726,0.6149,0.0601,0.0021,0.2499,0.0001,0.0505,0.118,0.0002,0.088,0.2482,0.834,1.641,2.1256,0.2956,4.1445
17,0.0061,0.2155,0.5943,0.0615,0.0032,0.2844,0.0001,0.0515,0.1285,0.0003,0.1262,0.2444,0.9195,1.7436,1.8292,0.2937,3.9441
18,0.0061,0.2059,0.5755,0.0592,0.0025,0.2903,0.0001,0.047,0.1233,0.0003,0.1276,0.2409,0.9089,1.7039,1.8593,0.2961,3.9351
19,0.0061,0.2124,0.5822,0.0628,0.0026,0.3044,0.0001,0.053,0.1333,0.0001,0.124,0.2492,0.9478,1.7578,1.89,0.2987,4.0217
20,0.006,0.2128,0.5982,0.0593,0.0019,0.3205,0.0001,0.0517,0.1335,0.0001,0.1189,0.2417,0.9431,1.7683,2.3414,0.2979,4.48
21,0.0058,0.207,0.5746,0.0621,0.0016,0.293,0,0.0548,0.1323,0.0002,0.1177,0.2508,0.9249,1.7189,1.8609,0.2942,3.9441
22,0.0057,0.217,0.5471,0.0545,0.0014,0.2846,0.0001,0.0445,0.1306,0.0002,0.1162,0.2379,0.8795,1.6556,1.8753,0.2872,3.8876
23,0.0063,0.2094,0.5464,0.0523,0.0016,0.2395,0.0001,0.0435,0.1308,0.0002,0.0742,0.2395,0.795,1.5631,1.8667,0.2914,3.7909
24,0.0068,0.1734,0.5633,0.054,0.0017,0.2806,0.0002,0.0449,0.1221,0.0002,0.1245,0.2277,0.8712,1.6279,3.1119,0.454,5.276
25,0.0059,0.2183,0.5975,0.0578,0.0019,0.3195,0.0002,0.0462,0.1523,0.0002,0.1269,0.255,0.9796,1.8089,2.0891,0.2886,4.2603
26,0.0061,0.2141,0.5837,0.0606,0.0038,0.3002,0.0001,0.0497,0.1337,0.0002,0.1216,0.2439,0.9331,1.7453,2.4931,0.2874,4.5978
27,0.006,0.21,0.5757,0.0559,0.004,0.3146,0.0001,0.0497,0.1423,0.0002,0.1273,0.252,0.9654,1.7643,2.0611,0.2887,4.1826
28,0.0059,0.2038,0.574,0.0572,0.0031,0.297,0.0001,0.0488,0.1336,0.0002,0.1253,0.2358,0.9217,1.7137,2.0784,0.2812,4.1435
29,0.006,0.2135,0.5891,0.059,0.0018,0.3049,0.0001,0.0459,0.141,0.0003,0.1246,0.2389,0.9363,1.7545,2.0996,0.2891,4.213
30,0.0059,0.1871,0.5793,0.0588,0.0039,0.2962,0.0001,0.0506,0.1308,0.0003,0.1229,0.2301,0.9124,1.6936,2.1621,0.3154,4.2415
31,0.006,0.2138,0.5846,0.053,0.0039,0.2516,0.0002,0.0532,0.1423,0.0002,0.0786,0.2307,0.8331,1.6473,2.1333,0.2926,4.142
32,0.0068,0.17,0.5902,0.0617,0.006,0.3038,0.0001,0.0479,0.1302,0.0003,0.1219,0.2461,0.9371,1.7171,3.3414,0.2966,5.4367
33,0.0061,0.2276,0.6038,0.0511,0.0018,0.2999,0.0001,0.0455,0.1288,0.0003,0.1263,0.2482,0.9209,1.7675,2.2898,0.2977,4.4271
34,0.0063,0.2143,0.583,0.0582,0.0024,0.3108,0.0001,0.0468,0.1377,0.0002,0.1356,0.2562,0.9659,1.8217,2.4152,0.2984,4.6067
35,0.0061,0.2051,0.5722,0.057,0.0032,0.3032,0.0001,0.0504,0.1342,0.0002,0.1264,0.2471,0.9421,1.7337,3.342,0.5447,5.687
36,0.006,0.2032,0.5745,0.0593,0.0033,0.2943,0.0001,0.0496,0.1338,0.0001,0.1261,0.2566,0.9405,1.7322,4.0022,0.5338,6.335
37,0.0061,0.214,0.6126,0.0556,0.0031,0.3214,0.0002,0.045,0.1493,0.0002,0.1308,0.2404,0.9671,1.8099,2.3439,0.3061,4.5266
38,0.0059,0.2046,0.5527,0.0537,0.0016,0.2996,0.0001,0.043,0.129,0.0002,0.1265,0.236,0.9019,1.6736,3.9778,0.5057,6.2287
39,0.0062,0.2194,0.6156,0.0583,0.0027,0.3078,0.0002,0.0498,0.1319,0.0003,0.1291,0.25,0.9516,1.8014,2.4566,0.3094,4.6383
40,0.0068,0.176,0.5785,0.059,0.002,0.2985,0.0002,0.0469,0.1259,0.0002,0.1278,0.2468,0.927,1.7015,4.3215,0.5745,6.677
41,0.0061,0.229,0.5942,0.0637,0.002,0.3082,0.0001,0.0576,0.1327,0.0002,0.131,0.24,0.9545,1.7932,2.8661,0.3251,5.0562
42,0.0062,0.21,0.5557,0.0548,0.002,0.3017,0.0001,0.0571,0.1351,0.0002,0.1326,0.2551,0.9563,1.7371,2.4834,0.3194,4.6093
43,0.006,0.2102,0.5728,0.0587,0.0035,0.2968,0.0001,0.0497,0.1297,0.0002,0.1339,0.2332,0.9253,1.7235,2.5531,0.4826,4.8276
44,0.0058,0.2154,0.5822,0.0519,0.0019,0.3014,0.0001,0.0514,0.1357,0.0002,0.1257,0.2544,0.9412,1.7549,3.5782,0.3152,5.717
45,0.0058,0.209,0.5628,0.0516,0.0017,0.2987,0.0001,0.0438,0.1323,0.0001,0.119,0.25,0.9087,1.6951,2.4633,0.3213,4.5461
46,0.0057,0.2091,0.5673,0.0543,0.0015,0.2837,0.0001,0.0463,0.1273,0.0002,0.1249,0.2438,0.8908,1.678,3.3522,0.579,5.6805
47,0.0059,0.2128,0.5632,0.0558,0.0015,0.2923,0,0.0518,0.1292,0.0001,0.1206,0.2523,0.9126,1.7011,2.8272,0.3192,4.914
48,0.0064,0.0786,0.552,0.0535,0.0015,0.2857,0,0.0465,0.123,0.0002,0.1289,0.2437,0.892,1.5351,3.9066,0.5739,6.0807
49,0.0057,0.2086,0.5568,0.0535,0.0014,0.3139,0.0001,0.0543,0.1365,0.0003,0.1287,0.2498,0.9629,1.7386,3.8495,0.5045,6.1618
50,0.006,0.2135,0.5849,0.0549,0.002,0.3013,0.0001,0.0487,0.13,0.0002,0.127,0.2515,0.9332,1.7476,2.4637,0.3957,4.6755
51,0.0063,0.2238,0.5977,0.0512,0.0022,0.3585,0.0001,0.0505,0.1312,0.0002,0.1299,0.2392,0.9821,1.8208,3.6261,0.5798,6.0976
52,0.0062,0.2178,0.5871,0.0621,0.0033,0.3087,0.0001,0.0508,0.1307,0.0002,0.1231,0.2363,0.9331,1.7527,3.9342,0.4433,6.2013
53,0.0061,0.2175,0.5906,0.0599,0.0024,0.303,0.0001,0.0453,0.1438,0.0002,0.1207,0.2432,0.9377,1.7625,3.2671,0.3225,5.4248
54,0.0059,0.2161,0.5898,0.0555,0.0021,0.3025,0.0001,0.0502,0.1342,0.0003,0.1319,0.2417,0.9381,1.7574,4.3523,0.5534,6.7294
55,0.006,0.2056,0.5862,0.0567,0.0039,0.293,0.0001,0.0492,0.1267,0.0002,0.1232,0.2444,0.9165,1.7231,2.4714,0.3223,4.5835
56,0.0063,0.1759,0.585,0.0549,0.004,0.3045,0.0001,0.0508,0.1232,0.0003,0.1387,0.2393,0.9349,1.7126,4.2476,0.5808,6.6142
57,0.0061,0.2185,0.5778,0.0559,0.0032,0.2988,0.0001,0.052,0.1308,0.0003,0.1304,0.2426,0.9355,1.747,2.5989,0.3347,4.751
58,0.0061,0.2055,0.6007,0.0557,0.0019,0.2454,0.0001,0.0492,0.1288,0.0002,0.0826,0.26,0.8428,1.6622,2.9303,0.3308,4.9968
59,0.0062,0.2272,0.5767,0.0614,0.0026,0.3113,0.0001,0.0492,0.1329,0.0003,0.1434,0.2506,0.9724,1.7915,3.6703,0.3299,5.8614
60,0.0061,0.2123,0.5941,0.0556,0.0032,0.3012,0.0001,0.0508,0.1292,0.0002,0.1302,0.2521,0.9419,1.7644,2.8747,0.3237,5.0315
61,0.0058,0.2059,0.5763,0.055,0.0019,0.2915,0.0001,0.0483,0.124,0.0002,0.1247,0.2384,0.9032,1.7002,2.969,0.5833,5.3202
62,0.0059,0.2093,0.5975,0.0556,0.0028,0.284,0.0001,0.0457,0.1249,0.0003,0.1236,0.2323,0.8873,1.7086,3.2925,0.3266,5.3957
63,0.0059,0.2083,0.5703,0.0585,0.0035,0.2908,0.0001,0.0583,0.1312,0.0003,0.1245,0.2635,0.9503,1.7445,2.4923,0.3234,4.6276
64,0.0068,0.0854,0.6207,0.0577,0.0035,0.2892,0.0001,0.0469,0.1159,0.0002,0.1282,0.2625,0.9235,1.6483,4.6314,0.6044,6.9621
65,0.006,0.2188,0.6,0.0597,0.0028,0.2849,0.0001,0.0507,0.1249,0.0002,0.1298,0.2487,0.9226,1.758,2.6238,0.3325,4.7898
66,0.0063,0.2153,0.6,0.0541,0.0019,0.2882,0.0001,0.0458,0.1271,0.0003,0.1255,0.2401,0.902,1.7313,3.0606,0.5822,5.4492
67,0.0062,0.2237,0.6027,0.0577,0.0023,0.2983,0.0001,0.0454,0.1283,0.0002,0.1222,0.2505,0.9242,1.7663,4.0195,0.3252,6.1822
68,0.0061,0.2261,0.6096,0.057,0.0038,0.2592,0.0002,0.0484,0.1291,0.0002,0.0832,0.2531,0.8529,1.7042,2.6587,0.3625,4.7925
69,0.0062,0.2152,0.5879,0.057,0.0038,0.2886,0.0001,0.0499,0.1305,0.0003,0.1425,0.2764,0.9725,1.7909,4.7971,0.6267,7.2865
70,0.0057,0.23,0.5945,0.0589,0.0023,0.2384,0.0001,0.0502,0.1282,0.0003,0.088,0.245,0.8301,1.6712,4.6389,0.5295,6.9264
71,0.0059,0.228,0.6487,0.0537,0.0017,0.2683,0.0001,0.0454,0.1235,0.0002,0.1233,0.2461,0.8728,1.7681,2.4835,0.3231,4.6424
72,0.0059,0.2169,0.6018,0.057,0.0018,0.2915,0.0001,0.0499,0.1146,0.0002,0.1222,0.2279,0.8818,1.7199,3.3293,0.3317,5.4518
73,0.0061,0.2199,0.6119,0.0621,0.0022,0.2414,0.0002,0.0503,0.1289,0.0003,0.0815,0.2601,0.8482,1.6981,2.5686,0.3265,4.6643
74,0.006,0.2127,0.6015,0.0593,0.0026,0.2377,0.0001,0.0485,0.1262,0.0002,0.0826,0.2484,0.8259,1.6557,2.6129,0.3343,4.6755
75,0.0062,0.218,0.5769,0.0598,0.0016,0.2679,0.0001,0.0449,0.1239,0.0002,0.132,0.2425,0.8835,1.6951,3.0422,0.3265,5.1345
76,0.0058,0.2039,0.5451,0.0549,0.0015,0.2699,0.0001,0.0425,0.1227,0.0001,0.1303,0.2493,0.8802,1.6395,2.5559,0.3306,4.5933
77,0.0058,0.2054,0.5433,0.0515,0.0015,0.2704,0.0001,0.0433,0.1223,0.0002,0.1241,0.2354,0.8574,1.6182,2.5021,0.3293,4.5165
78,0.0058,0.2039,0.5373,0.0556,0.0015,0.2197,0,0.0509,0.1249,0.0001,0.077,0.2258,0.7642,1.5156,2.5123,0.3302,4.4255
79,0.006,0.2058,0.5471,0.0536,0.0015,0.2489,0.0001,0.0505,0.1305,0.0001,0.0828,0.2348,0.8135,1.5805,2.5047,0.3341,4.487
80,0.0059,0.1664,0.5635,0.0558,0.0035,0.2851,0.0001,0.0538,0.1145,0.0002,0.1291,0.2582,0.9144,1.6565,4.5539,0.3271,6.6078
81,0.0059,0.2197,0.6108,0.055,0.0034,0.2353,0.0001,0.0453,0.1264,0.0003,0.0822,0.246,0.8148,1.6637,2.5215,0.325,4.5779
82,0.0058,0.2062,0.5824,0.0535,0.0036,0.2345,0.0001,0.047,0.1299,0.0002,0.0853,0.2421,0.8155,1.6175,2.5183,0.3256,4.5289
83,0.0059,0.2096,0.5813,0.0547,0.0035,0.2806,0.0001,0.0486,0.1244,0.0002,0.1225,0.2422,0.8952,1.7032,2.5313,0.3282,4.6303
84,0.0059,0.2126,0.5701,0.0529,0.0032,0.2366,0.0001,0.0506,0.1295,0.0002,0.0838,0.2519,0.8289,1.628,2.5168,0.3338,4.5496
85,0.006,0.2074,0.5727,0.0549,0.0022,0.2862,0.0001,0.0466,0.1234,0.0001,0.129,0.2444,0.9052,1.7001,2.524,0.3318,4.6238
86,0.0062,0.2053,0.5576,0.0603,0.0039,0.2275,0.0001,0.0492,0.1251,0.0002,0.0829,0.2358,0.803,1.5817,2.5367,0.3335,4.5209
87,0.0059,0.2116,0.5785,0.0585,0.0017,0.2304,0.0002,0.0601,0.1305,0.0002,0.0835,0.2515,0.8355,1.641,2.5144,0.3278,4.5518
88,0.0063,0.1819,0.618,0.0628,0.0019,0.2892,0.0002,0.0559,0.1181,0.0002,0.1295,0.2459,0.9234,1.7425,3.0103,0.3297,5.1586
89,0.0063,0.2331,0.5878,0.0594,0.002,0.2927,0.0001,0.0539,0.1274,0.0002,0.135,0.2519,0.9486,1.7856,3.3655,0.3273,5.5514
90,0.0057,0.2081,0.5832,0.0533,0.0023,0.2282,0.0001,0.0477,0.1256,0.0002,0.0829,0.235,0.7924,1.599,2.531,0.3264,4.5254
91,0.0059,0.2094,0.5645,0.0654,0.0038,0.2404,0.0001,0.0459,0.1268,0.0002,0.0843,0.2433,0.83,1.6194,2.5097,0.3319,4.5291
92,0.0062,0.2034,0.5813,0.0539,0.0038,0.2347,0.0002,0.0467,0.125,0.0003,0.0815,0.2544,0.8202,1.62,2.5126,0.328,4.5288
93,0.0059,0.2109,0.5928,0.0536,0.0018,0.2921,0.0001,0.0448,0.1256,0.0003,0.1283,0.2433,0.9092,1.7281,2.5157,0.3307,4.646
94,0.006,0.2093,0.5673,0.0594,0.0037,0.2801,0.0001,0.0496,0.13,0.0002,0.1285,0.247,0.9166,1.7094,2.5428,0.3292,4.649
95,0.0062,0.2138,0.578,0.0552,0.005,0.2774,0.0001,0.0505,0.1269,0.0002,0.1265,0.254,0.9156,1.7238,2.5109,0.3274,4.6306
96,0.0067,0.1781,0.5963,0.0494,0.0021,0.2494,0.0001,0.0536,0.1229,0.0002,0.086,0.2567,0.8452,1.6395,3.1121,0.3336,5.1628
97,0.0062,0.2174,0.5876,0.0572,0.0018,0.2331,0.0001,0.0454,0.1214,0.0001,0.0846,0.243,0.7975,1.6142,2.6114,0.3337,4.6333
98,0.0065,0.2115,0.5496,0.0566,0.0034,0.2384,0.0001,0.0476,0.1291,0.0001,0.0832,0.2424,0.8163,1.5891,2.6528,0.3289,4.6433
99,0.0061,0.209,0.5678,0.0561,0.0017,0.2347,0.0001,0.0559,0.1249,0.0001,0.0812,0.2573,0.8254,1.6144,2.6247,0.3381,4.6481
100,0.0062,0.2034,0.5542,0.0541,0.0015,0.2783,0,0.0462,0.13,0.0002,0.1321,0.2545,0.9089,1.6793,2.6207,0.3356,4.7062
101,0.006,0.2084,0.5703,0.0556,0.002,0.2332,0.0001,0.0462,0.126,0.0002,0.0809,0.2384,0.7962,1.6024,2.6234,0.3353,4.6324
102,0.0063,0.2068,0.5587,0.0542,0.0015,0.2694,0,0.0448,0.1213,0.0001,0.1215,0.2347,0.8567,1.6334,2.6025,0.3346,4.6407
103,0.0062,0.202,0.5476,0.0554,0.0016,0.2861,0.0001,0.0455,0.1219,0.0002,0.1231,0.2462,0.8918,1.6539,2.5154,0.3256,4.5631
104,0.007,0.1754,0.5839,0.0545,0.0021,0.2449,0.0001,0.0491,0.1187,0.0002,0.082,0.2494,0.8172,1.5935,3.3015,0.3319,5.2999
105,0.006,0.2195,0.6013,0.0548,0.0032,0.2848,0.0001,0.0458,0.1265,0.0002,0.1256,0.2595,0.9147,1.7477,3.9419,0.3254,6.0861
106,0.0061,0.2056,0.5561,0.0563,0.0015,0.2713,0.0001,0.0463,0.1235,0.0002,0.1299,0.2321,0.8713,1.646,2.5457,0.3214,4.5815
107,0.0064,0.2081,0.5681,0.0553,0.0028,0.2227,0.0001,0.0508,0.1266,0.0001,0.0816,0.2377,0.7873,1.5763,2.4999,0.3311,4.4751
108,0.0066,0.2095,0.5496,0.0537,0.0016,0.2686,0.0001,0.0538,0.1294,0.0001,0.1237,0.251,0.8917,1.6626,2.5069,0.3256,4.563
109,0.0061,0.2104,0.608,0.0542,0.002,0.2371,0.0001,0.0462,0.1334,0.0002,0.0789,0.2586,0.8314,1.6667,2.5192,0.3244,4.5776
110,0.0063,0.2048,0.565,0.0538,0.005,0.2884,0.0001,0.0452,0.1283,0.0002,0.1315,0.2335,0.9032,1.6874,2.5245,0.3335,4.613
111,0.0061,0.2072,0.5852,0.0553,0.0023,0.2329,0.0002,0.0479,0.1279,0.0002,0.0863,0.2512,0.8231,1.6332,2.5007,0.3264,4.5295
112,0.0062,0.095,0.596,0.058,0.0026,0.2932,0.0002,0.0514,0.1189,0.0002,0.1318,0.2552,0.9377,1.6464,3.2687,0.332,5.3216
113,0.0061,0.2169,0.6046,0.0563,0.0019,0.2335,0.0001,0.048,0.1283,0.0002,0.0779,0.2409,0.8043,1.642,2.5965,0.331,4.6402
114,0.0058,0.2058,0.587,0.0501,0.0018,0.2246,0.0001,0.0454,0.1322,0.0002,0.0892,0.2553,0.8135,1.6215,2.6252,0.3344,4.6528
115,0.006,0.2115,0.589,0.0573,0.0023,0.2484,0.0001,0.0497,0.1286,0.0002,0.0847,0.2395,0.8282,1.6438,2.6087,0.3288,4.6538
116,0.0061,0.2072,0.5729,0.0582,0.0017,0.2393,0.0001,0.0496,0.1272,0.0002,0.0793,0.2487,0.822,1.6178,2.628,0.3316,4.6493
117,0.0059,0.2222,0.5752,0.0621,0.0046,0.2438,0.0001,0.0549,0.1258,0.0003,0.0811,0.2689,0.8593,1.6719,2.6185,0.3305,4.6941
118,0.0059,0.2049,0.557,0.0631,0.0021,0.2359,0.0001,0.0485,0.1232,0.0002,0.0818,0.2398,0.8119,1.5869,2.5842,0.3323,4.579
119,0.006,0.2112,0.5751,0.0581,0.002,0.242,0.0002,0.0493,0.1298,0.0001,0.0832,0.2494,0.8336,1.6343,2.4908,0.3248,4.5237
120,0.0068,0.1651,0.6255,0.0531,0.0028,0.2891,0.0001,0.0507,0.1148,0.0002,0.1384,0.2419,0.91,1.7179,4.5098,0.552,6.8582
121,0.0059,0.2244,0.6,0.0542,0.0015,0.2602,0.0001,0.0447,0.1215,0.0002,0.1222,0.2195,0.8336,1.674,2.5278,0.325,4.5951
122,0.0061,0.2113,0.5323,0.052,0.0014,0.2188,0.0001,0.0493,0.1272,0.0003,0.0844,0.2508,0.8042,1.5587,2.5011,0.3279,4.4561
123,0.0062,0.2049,0.5691,0.0495,0.0018,0.229,0.0002,0.0475,0.1322,0.0002,0.0795,0.2522,0.8086,1.5977,2.4958,0.3226,4.4877
124,0.0059,0.2037,0.5766,0.0534,0.0019,0.2319,0.0002,0.0484,0.1276,0.0002,0.0828,0.2501,0.8185,1.6156,2.5103,0.3391,4.5333
125,0.0058,0.2031,0.5506,0.0539,0.0014,0.2208,0,0.0442,0.1219,0.0002,0.0777,0.2265,0.7561,1.5203,2.4918,0.3237,4.4068
126,0.0058,0.204,0.5323,0.0544,0.0014,0.2198,0.0001,0.0435,0.1244,0.0001,0.0798,0.2347,0.7671,1.5138,2.494,0.3284,4.4079
127,0.0058,0.2098,0.551,0.0538,0.0017,0.2212,0,0.0503,0.1223,0.0001,0.0794,0.2458,0.7836,1.5581,2.4971,0.3258,4.4488
128,0.006,0.0862,0.5536,0.0632,0.0038,0.2272,0.0001,0.0443,0.1142,0.0002,0.0759,0.242,0.7863,1.4396,3.2166,0.3349,5.0656
129,0.0061,0.2174,0.5859,0.0607,0.0019,0.2389,0.0001,0.0498,0.1259,0.0002,0.0834,0.263,0.8429,1.6644,2.6039,0.3278,4.6707
130,0.006,0.2125,0.5836,0.0533,0.0022,0.2858,0.0001,0.0496,0.1266,0.0002,0.1229,0.2476,0.9088,1.7201,2.6431,0.3322,4.7702
131,0.006,0.227,0.5759,0.0574,0.002,0.2345,0.0001,0.0493,0.1249,0.0002,0.0847,0.2503,0.8238,1.6405,2.5426,0.3246,4.5828
132,0.0059,0.2066,0.57,0.0549,0.0032,0.2756,0.0001,0.0464,0.1263,0.0001,0.1255,0.2642,0.9155,1.7058,2.9156,0.3245,5.0162
133,0.0061,0.2076,0.5814,0.0554,0.002,0.2634,0.0001,0.0471,0.1266,0.0003,0.132,0.2482,0.8931,1.6976,2.4942,0.3271,4.5892
134,0.006,0.2087,0.5781,0.0545,0.0023,0.2327,0.0001,0.0502,0.1265,0.0002,0.0822,0.2485,0.815,1.616,2.5323,0.3238,4.5414
135,0.0058,0.2104,0.5763,0.0484,0.0019,0.2308,0.0002,0.049,0.1337,0.0002,0.0875,0.2508,0.8619,1.6637,2.4931,0.3272,4.5527
136,0.0063,0.0848,0.5982,0.0568,0.0022,0.2921,0.0001,0.0544,0.1159,0.0002,0.1262,0.249,0.9116,1.6114,3.2216,0.3261,5.2333
137,0.0061,0.2346,0.589,0.0566,0.0022,0.2346,0.0002,0.0515,0.1271,0.0002,0.0837,0.2595,0.8369,1.6758,2.6223,0.3258,4.696
138,0.0059,0.2148,0.5891,0.0544,0.0027,0.2348,0.0001,0.0455,0.1341,0.0001,0.0829,0.2522,0.8257,1.6445,2.5941,0.3283,4.6402
139,0.006,0.2117,0.5956,0.0589,0.0023,0.2432,0.0001,0.0506,0.1301,0.0002,0.0821,0.236,0.8217,1.6438,2.6292,0.3308,4.6757
140,0.0057,0.2144,0.5876,0.0553,0.0036,0.2288,0.0001,0.0483,0.1299,0.0002,0.0837,0.2619,0.83,1.6474,2.5731,0.3304,4.6225
141,0.0061,0.2073,0.5775,0.0612,0.0018,0.2398,0.0001,0.0468,0.1264,0.0002,0.0826,0.2381,0.8159,1.6159,2.5526,0.3262,4.5681
142,0.006,0.2069,0.5484,0.0556,0.0021,0.2846,0.0001,0.0552,0.131,0.0002,0.1252,0.2407,0.915,1.6841,2.5409,0.3242,4.621
143,0.0062,0.2119,0.564,0.0619,0.0037,0.2312,0.0001,0.0478,0.1278,0.0002,0.0862,0.2557,0.8334,1.6239,2.4944,0.3232,4.5105
144,0.0067,0.0787,0.584,0.0575,0.0022,0.2446,0.0002,0.0531,0.1137,0.0002,0.0856,0.2593,0.8335,1.5141,3.9976,0.3232,5.9164
145,0.0061,0.2227,0.6325,0.0695,0.0028,0.3018,0.0002,0.0487,0.1288,0.0002,0.1378,0.2484,0.9578,1.8279,2.6492,0.3236,4.8715
146,0.006,0.2127,0.5917,0.0561,0.004,0.2261,0.0002,0.0482,0.1266,0.0002,0.0832,0.2488,0.813,1.6333,2.4538,0.3167,4.4725
147,0.0058,0.2046,0.5759,0.0542,0.0034,0.2378,0.0001,0.0522,0.1314,0.0001,0.0791,0.2558,0.8361,1.6305,2.4763,0.3172,4.4935
148,0.0058,0.2033,0.5397,0.0553,0.0015,0.2214,0.0001,0.0442,0.1238,0.0001,0.0778,0.2423,0.7761,1.5307,2.5455,0.3207,4.465
149,0.0067,0.1999,0.5546,0.0533,0.0017,0.2209,0.0001,0.044,0.1258,0.0002,0.0805,0.2259,0.7634,1.5318,2.4811,0.3269,4.4081
150,0.0066,0.2067,0.5244,0.0528,0.0016,0.2241,0.0001,0.0452,0.1223,0.0002,0.0821,0.2407,0.779,1.5221,2.4768,0.3174,4.3841
151,0.0061,0.2044,0.5383,0.0552,0.0015,0.2376,0.0001,0.0503,0.1271,0.0002,0.0767,0.2526,0.811,1.5656,2.4953,0.3219,4.45
152,0.0064,0.1649,0.552,0.0535,0.0017,0.2444,0.0001,0.0518,0.1149,0.0002,0.0885,0.237,0.808,1.5394,4.0982,0.321,6.0324
153,0.006,0.2191,0.6095,0.061,0.0023,0.2865,0.0001,0.048,0.1272,0.0002,0.127,0.251,0.9235,1.7672,3.7783,0.3238,5.9405
154,0.0063,0.2186,0.5789,0.0525,0.0018,0.2445,0.0001,0.0518,0.1295,0.0002,0.082,0.2496,0.8305,1.6437,2.511,0.3235,4.5489
155,0.0061,0.2117,0.5983,0.054,0.0035,0.2395,0.0001,0.0458,0.1235,0.0002,0.0807,0.2344,0.7992,1.6242,2.4905,0.324,4.5072
156,0.0059,0.2071,0.5652,0.0535,0.0034,0.2915,0.0001,0.0444,0.1228,0.0001,0.135,0.253,0.9213,1.7071,2.4934,0.3194,4.5889
157,0.0058,0.2085,0.5828,0.0556,0.0078,0.2315,0.0001,0.0555,0.1278,0.0002,0.0816,0.2551,0.8341,1.6418,2.4714,0.3179,4.4992
158,0.006,0.2088,0.5579,0.0545,0.0016,0.2169,0.0001,0.0441,0.1228,0.0002,0.0796,0.2359,0.7659,1.547,2.4759,0.3201,4.4113
159,0.0061,0.2051,0.5433,0.0534,0.0015,0.2186,0.0001,0.0448,0.1224,0.0002,0.0775,0.2297,0.7568,1.5156,2.485,0.3262,4.3948
160,0.0067,0.0771,0.563,0.0507,0.0016,0.2254,0.0001,0.0462,0.1148,0.0001,0.0764,0.2313,0.7564,1.411,4.2492,0.5172,6.2475
161,0.0062,0.2212,0.5839,0.0603,0.0019,0.2685,0,0.0464,0.1257,0.0002,0.1286,0.2391,0.8835,1.6995,4.2504,0.3193,6.3414
162,0.0061,0.2155,0.5265,0.0552,0.0015,0.222,0.0001,0.0442,0.1235,0.0001,0.0775,0.2427,0.7757,1.5284,2.4997,0.32,4.4155
163,0.006,0.2096,0.542,0.0516,0.0015,0.2207,0.0001,0.044,0.122,0.0002,0.0813,0.2263,0.7566,1.5201,2.4774,0.3238,4.3892
164,0.0062,0.2053,0.5505,0.0558,0.0015,0.2157,0,0.0439,0.1211,0.0002,0.075,0.2346,0.7562,1.5224,2.5385,0.3269,4.4565
165,0.006,0.207,0.5475,0.0521,0.0015,0.2658,0.0001,0.0446,0.125,0.0001,0.1274,0.2284,0.8538,1.6191,2.4673,0.3164,4.4703
166,0.006,0.2054,0.5336,0.0577,0.0015,0.2131,0,0.0452,0.1243,0.0002,0.0783,0.2456,0.7745,1.5239,2.5069,0.3205,4.4192
167,0.0063,0.212,0.5387,0.0553,0.0014,0.22,0.0001,0.0424,0.122,0.0001,0.0773,0.234,0.7612,1.5225,2.463,0.3192,4.3726
168,0.0066,0.0969,0.5747,0.0564,0.0014,0.2196,0.0001,0.045,0.1131,0.0002,0.0796,0.2329,0.7575,1.444,4.047,0.3227,5.8825
169,0.0066,0.2174,0.5813,0.0554,0.0034,0.2756,0.0001,0.045,0.1244,0.0002,0.1267,0.2372,0.8811,1.6913,2.5707,0.5407,4.8731
170,0.0064,0.2629,0.5473,0.053,0.0014,0.2628,0,0.0412,0.124,0.0002,0.124,0.236,0.8511,1.6721,2.5266,0.3201,4.5882
171,0.006,0.2136,0.5513,0.055,0.0014,0.2103,0.0001,0.0442,0.1254,0.0001,0.0781,0.2462,0.7693,1.5456,2.4728,0.3222,4.4096
172,0.0062,0.2037,0.5298,0.0529,0.0015,0.2205,0,0.0437,0.1258,0.0001,0.0792,0.2355,0.7675,1.5114,2.455,0.3208,4.3547
173,0.0061,0.2034,0.543,0.0544,0.0014,0.2149,0,0.0441,0.1215,0.0001,0.0799,0.2235,0.7482,1.5049,2.483,0.3193,4.376
174,0.0062,0.203,0.5422,0.0561,0.0015,0.2608,0.0001,0.0435,0.1215,0.0002,0.1175,0.2332,0.8428,1.5985,2.4868,0.3176,4.4711
175,0.006,0.2096,0.5571,0.0508,0.0014,0.2138,0.0001,0.0492,0.1222,0.0001,0.0779,0.238,0.7622,1.5411,2.4628,0.3188,4.3899
176,0.006,0.171,0.563,0.0588,0.0014,0.2209,0,0.0384,0.114,0.0001,0.0788,0.2391,0.7607,1.5069,3.1366,0.3249,5.0358
177,0.006,0.2225,0.5892,0.0553,0.0018,0.2245,0.0001,0.0455,0.1263,0.0002,0.0815,0.2352,0.7833,1.6077,3.4487,0.3189,5.4453
178,0.006,0.2072,0.543,0.0529,0.0016,0.27,0.0001,0.0428,0.1219,0.0001,0.1258,0.2362,0.8602,1.6208,2.5375,0.3205,4.5474
179,0.006,0.2073,0.55,0.0526,0.0015,0.223,0,0.0443,0.1221,0.0001,0.0769,0.2379,0.7672,1.5348,2.5318,0.316,4.4519
180,0.006,0.2176,0.5363,0.0536,0.0015,0.2234,0.0001,0.0462,0.1213,0.0001,0.0812,0.2528,0.7896,1.554,2.4691,0.3129,4.4047
181,0.0061,0.2054,0.5335,0.0517,0.0015,0.2188,0.0001,0.0446,0.1226,0.0002,0.079,0.2486,0.7769,1.5261,2.4575,0.3178,4.3695
182,0.006,0.2006,0.5306,0.0498,0.0015,0.2137,0.0001,0.0454,0.1244,0.0001,0.0762,0.2367,0.7565,1.4981,2.4668,0.3175,4.3506
183,0.0062,0.203,0.5349,0.0524,0.0014,0.2679,0.0001,0.0463,0.1223,0.0002,0.1196,0.2376,0.8562,1.6045,2.4818,0.3215,4.4763
184,0.0064,0.0786,0.5694,0.0575,0.0015,0.2679,0.0001,0.0456,0.1145,0.0001,0.1203,0.2188,0.8375,1.4978,3.1603,0.3175,5.0432
185,0.006,0.2112,0.5634,0.0569,0.0015,0.2263,0.0001,0.0474,0.1259,0.0001,0.0807,0.2482,0.7956,1.5805,2.5648,0.3249,4.5436
186,0.0063,0.2126,0.5591,0.0537,0.0015,0.2274,0,0.0481,0.1253,0.0001,0.0795,0.2412,0.7854,1.5677,2.5624,0.3139,4.5132
187,0.006,0.1933,0.5375,0.0534,0.0014,0.2289,0,0.0461,0.127,0.0002,0.081,0.2279,0.7743,1.5154,2.5488,0.3151,4.4481
188,0.006,0.2143,0.5549,0.0545,0.0014,0.2253,0,0.0452,0.1253,0.0001,0.0807,0.2469,0.7893,1.569,2.5482,0.3174,4.5033
189,0.0061,0.2069,0.5506,0.0547,0.0016,0.223,0,0.0493,0.1216,0.0001,0.0798,0.2586,0.7976,1.5659,2.5535,0.3167,4.5083
190,0.0063,0.2106,0.6613,0.0614,0.0024,0.2426,0.0001,0.0555,0.1166,0.0005,0.0889,0.2617,0.8546,1.7455,2.4714,0.3165,4.6026
191,0.0066,0.2082,0.6035,0.0603,0.0041,0.2338,0.0001,0.0486,0.1355,0.0003,0.0822,0.2473,0.8329,1.6655,2.6094,0.3166,4.6603
192,0.0067,0.1732,0.6035,0.0454,0.0024,0.234,0.0001,0.0544,0.1171,0.0002,0.0836,0.2476,0.8058,1.6021,4.1444,0.5074,6.3323
193,0.0059,0.2204,0.5982,0.0546,0.0022,0.2343,0.0002,0.0472,0.1271,0.0002,0.0777,0.2461,0.8084,1.6436,2.5406,0.316,4.5739
194,0.0061,0.2124,0.565,0.0528,0.0015,0.2729,0.0001,0.0461,0.1255,0.0001,0.1185,0.2385,0.8654,1.6569,2.4632,0.313,4.5014
195,0.0061,0.2034,0.5463,0.0573,0.0079,0.2786,0.0001,0.0452,0.1268,0.0002,0.1245,0.2415,0.8968,1.6569,2.4666,0.3155,4.5105
196,0.0059,0.2025,0.5427,0.0531,0.0015,0.2629,0.0001,0.0441,0.1226,0.0002,0.1258,0.2507,0.8738,1.6304,2.4468,0.3141,4.4599
197,0.0059,0.207,0.5864,0.0565,0.0033,0.2265,0.0001,0.0497,0.1282,0.0002,0.0831,0.2353,0.804,1.6149,2.4582,0.3173,4.4591
198,0.0059,0.2071,0.57,0.0545,0.002,0.2304,0.0001,0.0431,0.1277,0.0003,0.0807,0.2504,0.8045,1.5968,2.9547,0.3227,4.9443
199,0.0063,0.2209,0.5851,0.052,0.0016,0.2216,0.0001,0.044,0.1239,0.0001,0.081,0.2275,0.7622,1.5857,2.5577,0.3233,4.5366
200,0.0062,0.1689,0.5664,0.0492,0.0014,0.2627,0.0001,0.0543,0.1164,0.0002,0.13,0.2312,0.8546,1.6018,3.8951,0.344,5.9202
201,0.007,0.2325,0.6191,0.055,0.0022,0.2348,0.0001,0.0516,0.1285,0.0002,0.0816,0.2403,0.8139,1.6839,2.6416,0.3223,4.7242
202,0.0061,0.2135,0.5864,0.0554,0.0034,0.2377,0.0001,0.0489,0.1217,0.0002,0.0818,0.2563,0.8257,1.6402,3.0451,0.3117,5.084
203,0.0062,0.2135,0.5985,0.0539,0.0018,0.2873,0.0002,0.0479,0.1257,0.0002,0.1227,0.2363,0.8928,1.7197,2.5227,0.3184,4.631
204,0.0061,0.2057,0.5663,0.0572,0.0019,0.2321,0.0001,0.0489,0.1265,0.0002,0.0805,0.244,0.8093,1.5958,2.5179,0.3151,4.4978
205,0.0061,0.2011,0.586,0.0562,0.0019,0.2892,0.0001,0.0479,0.1364,0.0002,0.1279,0.2487,0.9261,1.7288,2.5099,0.316,4.624
206,0.0059,0.2078,0.5611,0.0561,0.0038,0.2344,0,0.0507,0.1279,0.0002,0.0794,0.2458,0.8181,1.6,2.4727,0.3111,4.4525
207,0.0057,0.2063,0.5669,0.0546,0.0032,0.2254,0.0001,0.0502,0.1266,0.0002,0.0796,0.2334,0.791,1.5776,2.4755,0.3142,4.4374
208,0.0062,0.179,0.621,0.0599,0.0025,0.2875,0.0001,0.0548,0.1241,0.0003,0.1205,0.2505,0.9217,1.7417,3.6337,0.3157,5.7629
209,0.0059,0.2166,0.5942,0.0597,0.0021,0.2424,0.0001,0.0498,0.1241,0.0003,0.0824,0.2501,0.8319,1.658,2.8423,0.3121,4.8853
210,0.0059,0.2168,0.5962,0.0538,0.0046,0.2458,0.0001,0.0456,0.1246,0.0002,0.0879,0.2551,0.8382,1.6664,2.4342,0.3115,4.4812
211,0.0062,0.2046,0.5754,0.0564,0.0056,0.2368,0.0001,0.0465,0.127,0.0002,0.0797,0.2335,0.8054,1.5995,2.4371,0.3101,4.4156
212,0.0062,0.2064,0.5704,0.0573,0.002,0.2285,0.0001,0.0507,0.1255,0.0002,0.0823,0.2388,0.8028,1.5925,2.4447,0.3106,4.4167
213,0.006,0.2143,0.585,0.0556,0.0021,0.2384,0.0001,0.0464,0.1264,0.0002,0.0799,0.2452,0.8129,1.6288,2.4531,0.3074,4.4592
214,0.0059,0.2131,0.565,0.0545,0.0018,0.2261,0.0001,0.0472,0.1342,0.0002,0.0824,0.2568,0.8202,1.6129,2.4195,0.3082,4.4098
215,0.006,0.2073,0.5907,0.0491,0.002,0.2232,0.0001,0.0484,0.124,0.0002,0.0792,0.2548,0.7973,1.6115,2.4127,0.3112,4.4043
216,0.006,0.1786,0.6121,0.0461,0.0038,0.2821,0.0001,0.054,0.1093,0.0003,0.135,0.2436,0.9009,1.7095,3.7766,0.4437,6.0042
217,0.0059,0.2229,0.5779,0.0556,0.0059,0.2332,0.0001,0.052,0.1244,0.0002,0.0808,0.2426,0.8142,1.6282,2.8724,0.3102,4.8846
218,0.0063,0.2214,0.598,0.0537,0.0035,0.226,0.0001,0.0429,0.1096,0.0001,0.08,0.2493,0.7834,1.6181,2.4151,0.3083,4.4108
219,0.006,0.2068,0.5842,0.0554,0.0018,0.2719,0.0001,0.0527,0.1237,0.0001,0.1242,0.2413,0.8842,1.6914,2.4187,0.3063,4.4856
220,0.0058,0.209,0.5812,0.0549,0.0031,0.2748,0.0002,0.0476,0.1215,0.0001,0.123,0.2343,0.879,1.6865,2.462,0.3116,4.5294
221,0.0061,0.2071,0.5559,0.0593,0.0023,0.233,0.0001,0.0494,0.1242,0.0002,0.0815,0.2324,0.8016,1.5793,2.4659,0.3144,4.429
222,0.0061,0.2067,0.5774,0.0546,0.0037,0.2719,0.0002,0.0601,0.1253,0.0003,0.127,0.2568,0.9218,1.7212,2.4416,0.3104,4.5426
223,0.006,0.2064,0.5754,0.0562,0.0054,0.2348,0.0001,0.0512,0.1098,0.0002,0.0826,0.2588,0.8214,1.6182,2.443,0.3112,4.4409
224,0.0066,0.0807,0.5888,0.0569,0.0055,0.2405,0.0001,0.0486,0.1153,0.0002,0.0826,0.2436,0.8076,1.4961,3.103,0.315,4.9851
225,0.0064,0.2111,0.5794,0.0564,0.0019,0.2329,0.0001,0.0465,0.1233,0.0002,0.0835,0.258,0.8203,1.626,2.5626,0.3199,4.585
226,0.0064,0.2158,0.5899,0.0619,0.0023,0.2351,0.0001,0.0461,0.1141,0.0002,0.0821,0.2511,0.8136,1.6353,2.7533,0.3121,4.7751
227,0.0063,0.2103,0.5729,0.0572,0.0036,0.2356,0.0001,0.0477,0.1114,0.0002,0.0844,0.2356,0.7965,1.5944,3.0996,0.3109,5.0788
228,0.0061,0.2163,0.5629,0.0621,0.0023,0.2806,0.0001,0.0453,0.1142,0.0002,0.1345,0.2476,0.9081,1.7008,2.4199,0.3089,4.4991
229,0.0061,0.2123,0.5697,0.0572,0.004,0.234,0.0001,0.0505,0.1237,0.0002,0.0852,0.2359,0.8111,1.6086,2.407,0.3094,4.394
230,0.0058,0.2055,0.562,0.0565,0.0016,0.2281,0.0001,0.0511,0.1103,0.0002,0.0828,0.2296,0.78,1.5624,2.4232,0.3081,4.3624
231,0.0061,0.2027,0.5943,0.0544,0.0038,0.2768,0.0001,0.0493,0.1085,0.0002,0.1263,0.2506,0.8899,1.7012,2.5571,0.3079,4.6351
232,0.0066,0.187,0.5729,0.0563,0.0031,0.2885,0.0001,0.0454,0.1068,0.0002,0.1279,0.2549,0.9016,1.6794,3.0155,0.3154,5.0911
233,0.0059,0.2201,0.6124,0.0574,0.0037,0.2354,0.0001,0.0529,0.1329,0.0003,0.0778,0.248,0.8279,1.6759,3.5422,0.3202,5.6161
234,0.0059,0.2155,0.5759,0.055,0.0029,0.2307,0.0001,0.0462,0.1114,0.0002,0.0831,0.2365,0.7855,1.5921,2.4173,0.3022,4.3816
235,0.0061,0.2158,0.5633,0.0542,0.0017,0.2759,0.0001,0.0484,0.1109,0.0002,0.1233,0.2461,0.8783,1.673,2.4131,0.3101,4.4659
236,0.0061,0.2093,0.5675,0.0544,0.0031,0.2431,0.0001,0.0488,0.108,0.0001,0.0788,0.2457,0.8124,1.6051,2.4338,0.3055,4.4139
237,0.0059,0.2042,0.5394,0.0548,0.0016,0.2142,0,0.0432,0.1225,0.0001,0.0789,0.244,0.7684,1.5229,2.4345,0.3089,4.3345
238,0.0064,0.205,0.5372,0.0549,0.0015,0.2134,0,0.0456,0.107,0.0002,0.0784,0.2231,0.7326,1.486,2.4132,0.3075,4.2777
239,0.006,0.206,0.5351,0.0517,0.0015,0.2072,0,0.0434,0.1064,0.0001,0.0787,0.217,0.7146,1.4659,2.4311,0.3025,4.2674
240,0.0067,0.1818,0.5784,0.0568,0.0024,0.297,0.0001,0.0465,0.1112,0.0003,0.1239,0.2608,0.9196,1.7012,3.9236,0.4594,6.1596
241,0.0062,0.225,0.5876,0.0562,0.0025,0.2354,0.0001,0.0508,0.1118,0.0002,0.0871,0.2325,0.7956,1.6222,2.4322,0.3068,4.4349
242,0.006,0.2106,0.5934,0.055,0.0018,0.2292,0.0001,0.0481,0.1114,0.0003,0.087,0.2518,0.8054,1.6258,2.4574,0.3076,4.4603
243,0.0061,0.2092,0.579,0.0576,0.0036,0.2301,0.0001,0.0465,0.1105,0.0001,0.0782,0.2443,0.7894,1.5921,2.4613,0.3087,4.4324
244,0.0061,0.2101,0.5957,0.0561,0.0032,0.2301,0.0001,0.046,0.113,0.0002,0.0803,0.2258,0.7737,1.5956,2.4526,0.3097,4.4272
245,0.0061,0.2103,0.5823,0.0572,0.0034,0.2236,0.0002,0.0601,0.1191,0.0002,0.0778,0.245,0.8075,1.6166,2.4316,0.3128,4.4305
246,0.006,0.2105,0.5877,0.0531,0.0021,0.2727,0.0002,0.0458,0.1132,0.0002,0.1233,0.2576,0.8859,1.6994,2.4058,0.3029,4.4771
247,0.0059,0.2027,0.5794,0.051,0.0025,0.2261,0.0002,0.0486,0.1065,0.0002,0.0797,0.253,0.7866,1.5827,2.4382,0.305,4.395
248,0.0062,0.186,0.5992,0.0549,0.0015,0.2223,0.0001,0.0486,0.107,0.0001,0.0814,0.2431,0.7699,1.5747,3.6985,0.3124,5.6561
249,0.006,0.216,0.5961,0.0596,0.0032,0.2271,0.0001,0.0478,0.1129,0.0002,0.0885,0.2395,0.8001,1.631,2.5823,0.3099,4.5918
250,0.0061,0.2134,0.5685,0.0572,0.0022,0.2261,0.0001,0.0495,0.1118,0.0001,0.0827,0.247,0.7948,1.593,2.4971,0.3082,4.4681
251,0.0061,0.2122,0.5806,0.0625,0.0033,0.2305,0.0001,0.0476,0.1267,0.0002,0.0901,0.2536,0.8357,1.6432,2.4315,0.3069,4.4512
252,0.0061,0.2058,0.5859,0.0561,0.0018,0.2331,0.0001,0.0482,0.1193,0.0003,0.0826,0.2447,0.8062,1.6121,2.4297,0.3192,4.4307
253,0.0061,0.2083,0.5826,0.0538,0.0033,0.2757,0.0001,0.0471,0.1099,0.0003,0.126,0.2312,0.8655,1.6702,2.4242,0.3081,4.4714
254,0.0062,0.205,0.5773,0.0537,0.0035,0.2255,0.0001,0.0518,0.1324,0.0002,0.0808,0.258,0.8251,1.6221,2.4249,0.3036,4.42
255,0.0062,0.2144,0.5757,0.0572,0.0031,0.2337,0.0001,0.05,0.1115,0.0002,0.0774,0.2321,0.7831,1.5886,2.425,0.3065,4.3898
256,0.0066,0.1764,0.5746,0.0453,0.002,0.2486,0.0001,0.0494,0.1131,0.0002,0.0837,0.2461,0.8068,1.5773,3.6113,0.3066,5.5734
257,0.006,0.2168,0.603,0.0562,0.0019,0.2276,0.0001,0.0506,0.1092,0.0002,0.08,0.25,0.7964,1.6336,2.686,0.3055,4.6961
258,0.0059,0.217,0.5458,0.0533,0.0016,0.2134,0.0001,0.0433,0.1073,0.0001,0.0792,0.2307,0.7389,1.5151,2.4191,0.3042,4.3073
259,0.0056,0.2146,0.5543,0.0545,0.0016,0.212,0.0001,0.0428,0.1054,0.0002,0.0799,0.237,0.743,1.5221,2.4456,0.3054,4.3414
260,0.006,0.2035,0.542,0.0535,0.0014,0.2584,0,0.0512,0.1148,0.0001,0.1252,0.2377,0.8524,1.6083,2.3906,0.3028,4.3701
261,0.0061,0.2041,0.5428,0.0538,0.0015,0.2113,0,0.0441,0.1062,0.0002,0.079,0.2458,0.7512,1.5103,2.4107,0.3007,4.2909
262,0.0058,0.204,0.543,0.0516,0.0015,0.2206,0.0001,0.0529,0.1216,0.0002,0.0828,0.2455,0.7863,1.5437,2.483,0.3008,4.3964
263,0.0056,0.2038,0.5414,0.0494,0.0014,0.2623,0,0.043,0.1049,0.0001,0.1206,0.236,0.8262,1.5816,2.4032,0.3024,4.3559
264,0.0063,0.0717,0.5665,0.0525,0.0017,0.2212,0.0001,0.0476,0.1049,0.0001,0.0796,0.233,0.7548,1.4085,3.9476,0.3039,5.7321
265,0.0059,0.2251,0.5494,0.0472,0.0015,0.217,0.0001,0.0458,0.1046,0.0002,0.0791,0.2138,0.7182,1.5052,3.2815,0.3027,5.1587
266,0.0061,0.2047,0.5624,0.0535,0.0015,0.2177,0.0001,0.043,0.1071,0.0002,0.0785,0.2354,0.7466,1.5266,2.3857,0.2996,4.2814
267,0.006,0.2098,0.5832,0.0594,0.0038,0.2324,0.0001,0.0525,0.1094,0.0003,0.0777,0.2481,0.8064,1.6145,2.4127,0.2971,4.3929
268,0.0058,0.2101,0.5613,0.0531,0.0042,0.227,0.0002,0.0436,0.1057,0.0002,0.0765,0.2399,0.7664,1.5531,2.4426,0.2988,4.3659
269,0.0059,0.2145,0.5772,0.0556,0.002,0.2326,0.0001,0.0465,0.1119,0.0002,0.0789,0.2402,0.7863,1.5949,2.3869,0.2957,4.3466
270,0.0066,0.2053,0.5538,0.056,0.0019,0.2921,0.0001,0.0478,0.1038,0.0002,0.1317,0.248,0.9012,1.7231,2.5776,0.3126,4.6828
271,0.006,0.215,0.5918,0.0547,0.003,0.2815,0.0001,0.0642,0.1159,0.0002,0.0844,0.259,0.8879,1.711,2.4837,0.2977,4.5633
272,0.0062,0.1691,0.6066,0.0504,0.0024,0.2215,0.0001,0.0445,0.112,0.0001,0.0796,0.2504,0.7791,1.5679,2.996,0.303,4.942
273,0.0063,0.2147,0.586,0.0543,0.002,0.2513,0.0001,0.0537,0.1163,0.0002,0.0782,0.2499,0.8277,1.6425,3.2814,0.2984,5.2933
274,0.0064,0.2128,0.5791,0.0545,0.0023,0.2326,0.0001,0.0505,0.126,0.0002,0.0831,0.2333,0.8018,1.6093,2.5328,0.2993,4.5137
275,0.006,0.2155,0.5943,0.0523,0.0029,0.2375,0.0001,0.0466,0.1174,0.0003,0.0775,0.2356,0.7874,1.6129,2.3752,0.2955,4.3525
276,0.0062,0.21,0.5746,0.0543,0.0036,0.2769,0.0001,0.0496,0.1116,0.0003,0.1253,0.2497,0.8942,1.6927,2.3976,0.2991,4.4586
277,0.0061,0.2069,0.5989,0.0592,0.0034,0.2244,0.0001,0.0505,0.1103,0.0002,0.082,0.2551,0.8071,1.6293,2.3803,0.298,4.3767
278,0.0062,0.2073,0.5824,0.0579,0.0022,0.2288,0.0001,0.047,0.108,0.0002,0.0816,0.2361,0.7803,1.5853,2.3903,0.299,4.3435
279,0.0061,0.2093,0.5598,0.0596,0.0032,0.2327,0.0001,0.0463,0.1063,0.0001,0.0816,0.2398,0.7852,1.5683,2.3878,0.2977,4.3222
280,0.0066,0.1831,0.6111,0.0578,0.0038,0.2218,0.0001,0.0485,0.1063,0.0002,0.0784,0.2418,0.776,1.5904,3.6729,0.2953,5.635
281,0.0057,0.2144,0.5518,0.0525,0.0016,0.2132,0,0.0441,0.1206,0.0001,0.0794,0.255,0.7788,1.5574,2.3741,0.2958,4.2959
282,0.006,0.2065,0.5414,0.0535,0.0014,0.2121,0,0.0432,0.106,0.0002,0.0742,0.2378,0.7376,1.4975,2.3819,0.2969,4.2444
283,0.0061,0.2126,0.5287,0.0516,0.0015,0.2206,0.0001,0.0437,0.1055,0.0001,0.0778,0.2321,0.7414,1.493,2.4029,0.2972,4.262
284,0.0059,0.2122,0.5468,0.061,0.0015,0.22,0,0.0458,0.1073,0.0002,0.0792,0.2259,0.7494,1.5187,2.3825,0.2958,4.2667
285,0.0059,0.2042,0.5469,0.0533,0.0014,0.2175,0.0001,0.0424,0.1074,0.0001,0.0772,0.2328,0.7408,1.5034,2.3844,0.3133,4.2698
286,0.0059,0.2073,0.5356,0.0522,0.0015,0.2229,0.0001,0.0428,0.1174,0.0002,0.0749,0.2284,0.7495,1.5042,2.3961,0.2942,4.2627
287,0.006,0.2097,0.5472,0.0465,0.0015,0.2131,0,0.0428,0.1168,0.0002,0.0769,0.2197,0.7262,1.4951,2.3884,0.2963,4.248
288,0.006,0.2463,0.54,0.0523,0.0015,0.2268,0,0.0493,0.1078,0.0001,0.0822,0.235,0.7657,1.5639,2.8654,0.2968,4.8024
289,0.006,0.2152,0.5989,0.0551,0.0021,0.2271,0.0001,0.0535,0.1033,0.0002,0.0793,0.2456,0.7843,1.6142,2.506,0.3058,4.4994
290,0.006,0.2233,0.5644,0.057,0.0022,0.2774,0.0001,0.0478,0.1101,0.0003,0.132,0.2386,0.8833,1.6864,2.5164,0.2994,4.577
291,0.0062,0.2159,0.5853,0.0569,0.0018,0.229,0.0001,0.0523,0.1106,0.0002,0.082,0.2327,0.7821,1.5971,2.9314,0.2979,4.8985
292,0.0061,0.2096,0.5999,0.0587,0.0021,0.244,0.0001,0.0475,0.1094,0.0002,0.0796,0.2617,0.8215,1.6471,2.457,0.2986,4.4721
293,0.0061,0.2093,0.5504,0.0516,0.0016,0.2103,0.0001,0.0497,0.1079,0.0002,0.0803,0.2327,0.7442,1.5186,2.3731,0.298,4.2581
294,0.0062,0.2059,0.5367,0.0529,0.0016,0.2613,0,0.0418,0.104,0.0001,0.1167,0.2257,0.8129,1.5663,2.3467,0.2966,4.2782
295,0.006,0.2031,0.5428,0.0547,0.0015,0.2142,0,0.0439,0.1084,0.0002,0.0744,0.223,0.7286,1.4848,2.3351,0.291,4.1796
296,0.006,0.1786,0.5558,0.0487,0.0016,0.218,0.0001,0.0485,0.1064,0.0001,0.078,0.2396,0.7504,1.4984,2.8102,0.2923,4.6689
297,0.0059,0.2163,0.5667,0.0569,0.0018,0.2719,0,0.0454,0.1066,0.0002,0.1225,0.2382,0.8553,1.6521,2.6296,0.2933,4.6449
298,0.006,0.2092,0.5378,0.0532,0.0016,0.2182,0.0001,0.0469,0.1087,0.0001,0.0782,0.2235,0.7395,1.4982,2.9833,0.2923,4.8468
299,0.006,0.2213,0.5859,0.0564,0.0035,0.2216,0.0001,0.0472,0.1296,0.0002,0.077,0.254,0.8102,1.6358,2.3301,0.2906,4.3257
300,0.0062,0.2085,0.5753,0.0543,0.0023,0.2415,0.0002,0.0553,0.1273,0.0002,0.0789,0.2562,0.8343,1.6332,2.328,0.2928,4.3248
301,0.0059,0.2127,0.5987,0.0546,0.0036,0.2287,0.0002,0.0538,0.1121,0.0003,0.0842,0.2585,0.8172,1.646,2.3293,0.2963,4.3406
302,0.0061,0.2084,0.562,0.0513,0.0016,0.2142,0.0001,0.0527,0.104,0.0002,0.0779,0.2129,0.7247,1.5112,2.3406,0.2938,4.2141
303,0.006,0.207,0.5576,0.0594,0.0017,0.2199,0.0001,0.0444,0.1058,0.0002,0.0748,0.2353,0.7531,1.5314,2.3245,0.2934,4.2174
304,0.0065,0.08,0.5812,0.0566,0.0019,0.2345,0.0001,0.0442,0.1143,0.0003,0.0887,0.241,0.797,1.49,3.5846,0.3799,5.5315
305,0.0065,0.2377,0.5864,0.0538,0.0017,0.2231,0.0001,0.048,0.1101,0.0001,0.077,0.2447,0.7691,1.6058,2.8517,0.3776,4.9036
306,0.0066,0.2134,0.5635,0.0538,0.0016,0.2199,0,0.0476,0.1245,0.0001,0.0759,0.2553,0.7888,1.5779,3.2374,0.4804,5.3695
307,0.0061,0.2329,0.6202,0.0568,0.0038,0.2375,0.0001,0.0481,0.1137,0.0002,0.0873,0.2549,0.8155,1.6832,4.0827,0.5091,6.3469
308,0.0062,0.216,0.6111,0.0553,0.0035,0.2803,0.0002,0.0464,0.1128,0.0002,0.1283,0.2475,0.8968,1.7392,2.6188,0.3175,4.7542
309,0.0064,0.2175,0.6311,0.0606,0.0022,0.2359,0.0001,0.0625,0.1189,0.0002,0.0851,0.2675,0.8622,1.7269,2.8393,0.304,4.9538
310,0.0059,0.2319,0.5863,0.0577,0.0023,0.2334,0.0001,0.0512,0.1085,0.0003,0.082,0.2468,0.8025,1.6392,2.3292,0.2864,4.3288
311,0.0061,0.2099,0.5906,0.0586,0.0036,0.2344,0.0001,0.0496,0.1239,0.0002,0.0832,0.2411,0.8149,1.6324,2.3108,0.2826,4.295
312,0.0067,0.0823,0.5748,0.0696,0.0039,0.2388,0.0001,0.0502,0.1111,0.0002,0.0783,0.2387,0.812,1.4842,3.3972,0.3997,5.362
313,0.0061,0.2165,0.6082,0.056,0.0021,0.2347,0.0002,0.0451,0.1221,0.0002,0.0802,0.2471,0.8085,1.6497,2.3629,0.2881,4.3724
314,0.006,0.2094,0.5664,0.0542,0.0016,0.2157,0.0001,0.0443,0.1072,0.0001,0.079,0.2444,0.7572,1.5486,2.3494,0.2861,4.2526
315,0.0063,0.2108,0.5461,0.052,0.0015,0.2603,0.0001,0.0502,0.1217,0.0001,0.1229,0.2456,0.8637,1.6315,2.3486,0.2798,4.3282
316,0.006,0.2051,0.542,0.0523,0.0014,0.2154,0.0001,0.0438,0.1215,0.0001,0.0773,0.2422,0.7627,1.5203,2.4703,0.283,4.3425
317,0.0063,0.2028,0.5906,0.0537,0.0017,0.2244,0.0002,0.0456,0.1285,0.0002,0.0782,0.2547,0.8063,1.6137,2.3551,0.2845,4.3242
318,0.0062,0.209,0.5713,0.0545,0.0032,0.2773,0.0002,0.0462,0.1106,0.0002,0.1264,0.2436,0.8805,1.6768,2.298,0.2862,4.3298
319,0.006,0.2051,0.5604,0.0621,0.0023,0.2276,0.0001,0.0477,0.1251,0.0002,0.0786,0.2261,0.7854,1.5662,2.2842,0.2802,4.2004
320,0.0067,0.1107,0.5647,0.0595,0.0027,0.2324,0.0001,0.0474,0.1111,0.0002,0.0767,0.2554,0.806,1.501,3.0924,0.2808,4.9515
321,0.006,0.2175,0.6025,0.0561,0.0018,0.289,0.0002,0.0482,0.1137,0.0002,0.1209,0.2452,0.8934,1.7275,2.3665,0.2849,4.4546
322,0.0061,0.2097,0.5765,0.0539,0.0024,0.2305,0.0001,0.0498,0.1171,0.0002,0.0775,0.2289,0.7804,1.5816,2.3634,0.2831,4.3011
323,0.0061,0.2229,0.5731,0.057,0.007,0.2398,0.0001,0.0482,0.124,0.0001,0.0787,0.2337,0.8076,1.6205,2.8323,0.2771,4.8019
324,0.0059,0.2055,0.5308,0.0512,0.0015,0.2188,0.0001,0.0434,0.1236,0.0002,0.0743,0.2509,0.7746,1.5216,2.2741,0.2791,4.143
325,0.0063,0.2073,0.5426,0.0531,0.0014,0.2643,0,0.045,0.1086,0.0001,0.1215,0.2416,0.8444,1.6059,2.2862,0.2803,4.2402
326,0.0063,0.2061,0.5998,0.0549,0.0027,0.2231,0.0001,0.0482,0.125,0.0002,0.0781,0.2291,0.7713,1.5907,2.3068,0.2764,4.2447
327,0.0062,0.2116,0.5481,0.0525,0.0015,0.2116,0,0.045,0.1045,0.0001,0.0749,0.2308,0.7297,1.5001,2.2553,0.2769,4.1008
328,0.0065,0.1841,0.5946,0.0585,0.0018,0.2808,0.0001,0.046,0.1208,0.0002,0.1146,0.2461,0.8918,1.6869,3.2027,0.3565,5.3202
329,0.0062,0.2221,0.5853,0.0574,0.0018,0.2357,0.0001,0.0476,0.112,0.0002,0.0795,0.2565,0.8104,1.6339,2.3823,0.2812,4.3696
330,0.0061,0.2091,0.5659,0.0561,0.003,0.2769,0.0001,0.0474,0.1082,0.0002,0.1297,0.2332,0.8749,1.6652,2.3796,0.2771,4.3909
331,0.0061,0.2093,0.5729,0.0573,0.0035,0.2788,0.0001,0.0553,0.1128,0.0002,0.1226,0.2341,0.8845,1.683,2.5406,0.278,4.5708
332,0.0061,0.2071,0.5742,0.0542,0.0019,0.2309,0.0001,0.0478,0.1278,0.0002,0.0791,0.2566,0.8185,1.6164,2.2762,0.2742,4.236
333,0.0062,0.2036,0.578,0.0572,0.0021,0.2325,0.0001,0.0471,0.1135,0.0002,0.0793,0.2574,0.8088,1.6053,2.3043,0.2753,4.2547
334,0.0061,0.2045,0.5661,0.0539,0.0029,0.2772,0.0001,0.045,0.1091,0.0002,0.1284,0.2435,0.8788,1.6654,2.2928,0.276,4.3037
335,0.0088,0.2125,0.5925,0.0543,0.0038,0.2847,0.0002,0.0488,0.13,0.0001,0.1294,0.2607,0.9345,1.7603,3.3734,0.488,5.6936
336,0.0067,0.1723,0.574,0.0554,0.0023,0.2933,0.0001,0.048,0.1112,0.0002,0.1258,0.253,0.9082,1.6725,3.9184,0.4337,6.107
337,0.0061,0.2172,0.5923,0.0576,0.005,0.2404,0.0001,0.05,0.1255,0.0003,0.08,0.2453,0.8413,1.6652,3.7858,0.4778,6.0059
338,0.006,0.2207,0.5701,0.0578,0.0025,0.2359,0.0001,0.0467,0.1261,0.0002,0.0755,0.2588,0.8214,1.6269,3.3749,0.2765,5.3544
339,0.0057,0.2074,0.5763,0.0569,0.0034,0.2798,0.0001,0.0473,0.1103,0.0002,0.118,0.2412,0.8771,1.6782,2.3123,0.2738,4.333
340,0.006,0.2067,0.5457,0.0528,0.0015,0.2215,0.0001,0.0435,0.1222,0.0001,0.0747,0.2429,0.7685,1.5336,3.1555,0.4552,5.218
341,0.0063,0.2075,0.5738,0.0544,0.0036,0.2791,0.0001,0.0446,0.1097,0.0002,0.1261,0.2468,0.8778,1.6724,2.878,0.2734,4.8969
342,0.0061,0.2114,0.5512,0.0551,0.0015,0.2629,0,0.0431,0.1074,0.0001,0.1186,0.2286,0.8284,1.6018,2.2814,0.2724,4.2241
343,0.0064,0.208,0.556,0.0528,0.0017,0.225,0.0001,0.0454,0.1209,0.0002,0.0775,0.2438,0.7779,1.5549,3.4208,0.4716,5.5178
344,0.0065,0.0818,0.5961,0.0577,0.002,0.2315,0.0001,0.0538,0.1099,0.0002,0.0827,0.2497,0.8013,1.4952,2.8684,0.2773,4.7131
345,0.0063,0.2176,0.5871,0.0562,0.0021,0.2864,0,0.0458,0.1262,0.0002,0.1246,0.2503,0.9055,1.725,2.4116,0.275,4.4844
346,0.006,0.2118,0.5724,0.0583,0.002,0.2801,0.0001,0.0462,0.1216,0.0002,0.1218,0.2458,0.8895,1.6857,4.0963,0.388,6.2487
347,0.0063,0.2143,0.5876,0.0559,0.0054,0.292,0.0001,0.0461,0.1094,0.0002,0.1221,0.2484,0.8997,1.7167,2.3808,0.2679,4.438
348,0.006,0.2108,0.5612,0.0538,0.0018,0.2722,0.0002,0.0449,0.1155,0.0002,0.1215,0.2522,0.8804,1.6669,2.3125,0.2684,4.3171
349,0.006,0.21,0.5879,0.0543,0.0019,0.2305,0.0001,0.0448,0.1112,0.0002,0.08,0.2255,0.7667,1.5795,3.1893,0.4338,5.2753
350,0.0061,0.2118,0.5883,0.0561,0.0021,0.2825,0.0001,0.0466,0.1101,0.0002,0.1254,0.2504,0.8925,1.7084,2.4253,0.2668,4.471
351,0.0061,0.2139,0.5794,0.0554,0.003,0.2309,0.0001,0.0482,0.127,0.0002,0.0745,0.2477,0.8095,1.6186,2.2513,0.2696,4.2089
352,0.0061,0.1792,0.6293,0.0572,0.0041,0.281,0.0001,0.0474,0.1127,0.0003,0.1303,0.2472,0.9026,1.7304,3.0984,0.4522,5.3567
353,0.0059,0.2213,0.5999,0.0567,0.0019,0.2418,0.0002,0.0466,0.1101,0.0002,0.0791,0.2635,0.8187,1.6557,2.6595,0.2716,4.6619
354,0.006,0.213,0.5762,0.057,0.0019,0.28,0.0001,0.0462,0.1289,0.0002,0.1304,0.2404,0.9044,1.7088,2.7486,0.2765,4.8083
355,0.0062,0.2235,0.5812,0.064,0.0023,0.2821,0.0001,0.0478,0.125,0.0002,0.1333,0.2501,0.9199,1.7405,3.0478,0.2693,5.1296
356,0.006,0.2127,0.6033,0.0564,0.0028,0.286,0.0001,0.0491,0.1102,0.0002,0.1257,0.2543,0.9035,1.7364,3.0753,0.27,5.1544
357,0.0056,0.2076,0.572,0.0528,0.0035,0.2319,0.0001,0.0469,0.1306,0.0003,0.0894,0.2503,0.8251,1.6194,3.1347,0.2623,5.0872
358,0.006,0.2142,0.5889,0.0543,0.0042,0.2732,0.0001,0.048,0.1233,0.0001,0.1152,0.2292,0.8666,1.6863,3.8791,0.4639,6.0979
359,0.0061,0.2095,0.5858,0.0568,0.0034,0.2666,0.0001,0.0458,0.1105,0.0002,0.1242,0.2444,0.8722,1.6828,2.2582,0.2633,4.2741
360,0.0064,0.0875,0.5726,0.0624,0.0022,0.2351,0.0001,0.0472,0.1118,0.0002,0.0746,0.2424,0.7956,1.472,3.549,0.3543,5.4469
361,0.0092,0.223,0.5774,0.0596,0.0045,0.2748,0.0001,0.0432,0.1136,0.0003,0.1286,0.2436,0.8854,1.7068,3.2904,0.375,5.442
362,0.006,0.2063,0.5752,0.0502,0.0022,0.2777,0.0001,0.0455,0.1236,0.0002,0.1268,0.2411,0.8858,1.6831,2.263,0.2639,4.2787
363,0.0061,0.2057,0.5552,0.0582,0.0034,0.282,0.0001,0.0466,0.1242,0.0002,0.1196,0.2406,0.8954,1.6696,3.1709,0.4492,5.3629
364,0.0059,0.2297,0.5805,0.0636,0.0046,0.3005,0.0001,0.0511,0.1295,0.0003,0.1303,0.2631,0.9653,1.7923,2.575,0.2605,4.7012
365,0.006,0.216,0.6036,0.0538,0.0037,0.2316,0.0002,0.0507,0.1289,0.0002,0.0858,0.2539,0.832,1.6689,2.243,0.2605,4.2417
366,0.0061,0.2101,0.5608,0.0536,0.0017,0.2675,0.0001,0.044,0.1235,0.0001,0.1182,0.2234,0.8433,1.6279,3.6321,0.4944,5.8279
367,0.0061,0.2102,0.5594,0.0554,0.0017,0.2236,0.0001,0.0458,0.1113,0.0001,0.0805,0.2425,0.7716,1.5548,2.2427,0.2609,4.1271
368,0.0063,0.1703,0.5924,0.0618,0.0024,0.2743,0.0001,0.0479,0.113,0.0002,0.1205,0.2421,0.8776,1.6568,2.8255,0.2655,4.8186
369,0.0065,0.2187,0.5701,0.056,0.0022,0.2804,0.0001,0.0487,0.1156,0.0002,0.1334,0.2513,0.9025,1.7072,3.1144,0.4571,5.3536
370,0.0067,0.2129,0.573,0.0572,0.0021,0.2767,0.0001,0.0499,0.1093,0.0001,0.1241,0.2447,0.8767,1.6774,3.473,0.2639,5.4882
371,0.0063,0.2132,0.5802,0.0578,0.0032,0.2795,0.0001,0.0486,0.1115,0.0002,0.1258,0.2515,0.9063,1.714,2.3275,0.2775,4.3897
372,0.0059,0.2109,0.5697,0.0598,0.0021,0.2793,0.0001,0.0515,0.1167,0.0001,0.1272,0.2271,0.8787,1.6749,3.8419,0.4799,6.075
373,0.0061,0.2088,0.5879,0.0578,0.0016,0.2195,0.0001,0.0461,0.1235,0.0001,0.0846,0.2176,0.7605,1.5696,2.8184,0.2682,4.7251
374,0.0061,0.2133,0.5549,0.0536,0.0014,0.2729,0,0.0438,0.1117,0.0002,0.1197,0.2468,0.8588,1.6376,2.4665,0.2682,4.4407
375,0.0061,0.2489,0.5451,0.0542,0.0014,0.2672,0,0.0426,0.1099,0.0002,0.1236,0.2496,0.857,1.6615,2.4228,0.2709,4.4235
376,0.0059,0.1736,0.5631,0.0526,0.002,0.2426,0.0001,0.0448,0.1115,0.0002,0.0792,0.2557,0.8036,1.5541,4.1065,0.4856,6.2153
377,0.0058,0.2083,0.5679,0.0551,0.0018,0.2727,0.0001,0.0458,0.1293,0.0002,0.1219,0.2379,0.876,1.6645,3.6527,0.4405,5.8326
378,0.0058,0.2403,0.629,0.0565,0.0039,0.2794,0.0001,0.0469,0.1245,0.0002,0.1247,0.2328,0.8897,1.7748,2.2013,0.2739,4.3181
379,0.0061,0.2072,0.5749,0.0563,0.0034,0.2286,0.0001,0.0587,0.1254,0.0003,0.0775,0.2348,0.8031,1.6018,2.1626,0.2812,4.1188
380,0.0063,0.2139,0.5827,0.0597,0.0031,0.2245,0.0001,0.0539,0.1257,0.0003,0.0827,0.247,0.8173,1.6304,2.2844,0.2747,4.26
381,0.0059,0.2116,0.5536,0.0553,0.0017,0.2248,0.0001,0.0456,0.1245,0.0002,0.0829,0.2644,0.8112,1.5911,2.2231,0.276,4.1642
382,0.0061,0.2109,0.5674,0.0537,0.0033,0.2862,0.0001,0.0471,0.1257,0.0002,0.1211,0.2556,0.9137,1.7072,2.2064,0.2748,4.2573
383,0.0062,0.2062,0.5674,0.0539,0.0033,0.2385,0.0002,0.0458,0.1247,0.0002,0.0825,0.2484,0.8172,1.6052,2.1818,0.2735,4.1292
384,0.0063,0.0835,0.5944,0.0562,0.002,0.2863,0.0001,0.0527,0.11,0.0002,0.1316,0.269,0.9294,1.6235,3.5964,0.2769,5.5737
385,0.01,0.2152,0.5658,0.0534,0.0028,0.2441,0.0001,0.0531,0.1255,0.0002,0.0772,0.2516,0.83,1.6293,3.0446,0.2754,5.0252
386,0.0063,0.2059,0.5475,0.0516,0.0017,0.2557,0.0001,0.0435,0.123,0.0002,0.1247,0.2249,0.8352,1.5999,2.1707,0.2776,4.1167
387,0.0059,0.2068,0.5392,0.0513,0.0016,0.2536,0.0001,0.05,0.1175,0.0002,0.1199,0.2297,0.8336,1.593,2.1548,0.2781,4.0945
388,0.0061,0.2135,0.5238,0.054,0.0014,0.2641,0.0001,0.0463,0.122,0.0002,0.1215,0.2159,0.8341,1.5818,2.2382,0.2781,4.1673
389,0.0061,0.2081,0.5679,0.0472,0.0016,0.214,0.0001,0.0436,0.127,0.0002,0.0765,0.2253,0.7439,1.5313,2.1687,0.2822,4.0513
390,0.0058,0.2058,0.5533,0.0545,0.0016,0.218,0,0.0443,0.1238,0.0002,0.0756,0.2229,0.7498,1.5189,2.1773,0.2783,4.0428
391,0.0058,0.2054,0.5373,0.0555,0.0016,0.2215,0.0001,0.0488,0.124,0.0002,0.076,0.2342,0.7708,1.5251,2.4095,0.2778,4.2834
392,0.006,0.1754,0.5861,0.054,0.0021,0.2343,0.0001,0.0444,0.1123,0.0002,0.0791,0.232,0.7737,1.5483,3.7588,0.4558,5.8342
393,0.0062,0.2115,0.5872,0.0514,0.0015,0.2716,0.0001,0.0482,0.124,0.0002,0.1188,0.226,0.8513,1.6631,2.1637,0.2833,4.1805
394,0.0064,0.2046,0.546,0.055,0.0015,0.2209,0.0001,0.0505,0.1215,0.0001,0.0771,0.2258,0.7616,1.5243,2.1598,0.2858,4.0387
395,0.0059,0.2043,0.5389,0.0542,0.0014,0.2119,0,0.0431,0.121,0.0001,0.078,0.2428,0.7648,1.5186,2.1755,0.2841,4.0469
396,0.006,0.2044,0.5565,0.0523,0.0016,0.2207,0.0001,0.0425,0.1231,0.0001,0.075,0.2188,0.7438,1.5158,2.1579,0.2844,4.0287
397,0.0063,0.201,0.5529,0.0563,0.0016,0.2262,0.0001,0.0442,0.123,0.0001,0.0792,0.2408,0.7879,1.5569,2.1798,0.2894,4.0948
398,0.0062,0.2081,0.5713,0.0549,0.0044,0.2394,0.0001,0.0484,0.1316,0.0003,0.0952,0.2612,0.8594,1.6575,2.2517,0.2793,4.2588
399,0.0061,0.2135,0.5949,0.0566,0.0023,0.2825,0.0001,0.0485,0.1286,0.0001,0.124,0.2468,0.9117,1.7367,2.1304,0.2916,4.2286
400,0.0061,0.1803,0.5792,0.0579,0.0024,0.2999,0.0001,0.0502,0.1196,0.0002,0.1215,0.2472,0.9183,1.696,4.0407,0.4717,6.2911
401,0.0062,0.2222,0.618,0.0474,0.002,0.2667,0,0.0456,0.1232,0.0002,0.1198,0.2492,0.8673,1.7235,2.9373,0.2958,5.0326
402,0.0062,0.2097,0.5788,0.0568,0.002,0.296,0.0001,0.0509,0.1279,0.0002,0.1251,0.2475,0.9274,1.7314,2.5584,0.2946,4.6539
403,0.0062,0.2052,0.5811,0.0541,0.0022,0.2454,0.0001,0.048,0.124,0.0002,0.0836,0.2528,0.8283,1.6298,2.1403,0.292,4.1315
404,0.0062,0.2033,0.565,0.053,0.0018,0.2863,0.0001,0.0491,0.1259,0.0002,0.1282,0.2423,0.9067,1.6883,2.2547,0.2915,4.3206
405,0.0062,0.2079,0.5862,0.0543,0.0017,0.2666,0.0001,0.0462,0.1236,0.0002,0.1213,0.2393,0.8643,1.6742,2.189,0.2966,4.2291
406,0.0061,0.2144,0.54,0.0534,0.0015,0.2656,0,0.0422,0.1231,0.0001,0.1226,0.2286,0.8481,1.6155,2.2081,0.3061,4.1981
407,0.0064,0.2144,0.5588,0.0515,0.0016,0.2813,0.0001,0.0461,0.1244,0.0002,0.1279,0.2423,0.8899,1.6754,2.1474,0.3006,4.1918
408,0.007,0.1826,0.5767,0.0557,0.0022,0.2815,0.0001,0.0509,0.1188,0.0003,0.134,0.2523,0.9152,1.6943,3.9613,0.492,6.2242
409,0.006,0.217,0.5818,0.0513,0.0018,0.3035,0.0001,0.0486,0.1308,0.0003,0.1263,0.2576,0.9416,1.7556,2.1504,0.3034,4.2796
410,0.0061,0.2064,0.5726,0.0531,0.0039,0.2946,0.0001,0.0479,0.1298,0.0001,0.1215,0.2327,0.9035,1.6973,2.2488,0.3055,4.3219
411,0.0061,0.2168,0.5569,0.0582,0.0056,0.2741,0.0001,0.0465,0.1255,0.0001,0.1232,0.2324,0.8848,1.6726,2.2005,0.3101,4.2524
412,0.0061,0.2081,0.577,0.0592,0.0026,0.2794,0.0001,0.0538,0.1262,0.0002,0.1337,0.2404,0.9172,1.7195,2.1999,0.3042,4.2921
413,0.006,0.2019,0.5857,0.0591,0.0036,0.2807,0.0001,0.0463,0.1217,0.0002,0.1292,0.2353,0.896,1.6981,2.2074,0.3078,4.2834
414,0.0061,0.21,0.5729,0.0556,0.0037,0.2471,0.0001,0.0705,0.1277,0.0002,0.0829,0.2427,0.8524,1.6514,2.236,0.3034,4.2593
415,0.006,0.21,0.568,0.0535,0.0028,0.2815,0.0001,0.0449,0.1262,0.0002,0.1243,0.247,0.8912,1.6805,2.1957,0.3073,4.253
416,0.0059,0.1675,0.569,0.0622,0.0016,0.2739,0.0001,0.0446,0.1197,0.0002,0.1257,0.2334,0.8704,1.6208,3.9913,0.3039,5.9912
417,0.0059,0.2209,0.5788,0.0596,0.0028,0.2811,0.0001,0.0444,0.1303,0.0003,0.1288,0.2565,0.9246,1.7397,2.3366,0.3113,4.4634
418,0.0063,0.2153,0.5741,0.0569,0.0017,0.2855,0.0001,0.05,0.1275,0.0002,0.1247,0.2438,0.9085,1.7134,2.3464,0.3097,4.4438
419,0.0062,0.2104,0.5671,0.0576,0.002,0.2913,0.0001,0.0544,0.1264,0.0002,0.136,0.239,0.9272,1.7203,2.372,0.3128,4.4796
420,0.0061,0.2089,0.5989,0.058,0.0024,0.2793,0.0001,0.0488,0.1238,0.0001,0.1262,0.2497,0.9084,1.7307,2.3664,0.3134,4.487
421,0.0062,0.207,0.5879,0.0567,0.0025,0.2926,0,0.0519,0.1319,0.0002,0.129,0.2493,0.9345,1.7443,2.3203,0.313,4.4515
422,0.0065,0.2108,0.5714,0.059,0.0023,0.295,0.0001,0.0474,0.1285,0.0002,0.1261,0.2348,0.9089,1.7067,2.3612,0.3131,4.4557
423,0.0061,0.2159,0.584,0.0623,0.0034,0.2898,0.0001,0.053,0.1302,0.0002,0.1216,0.2342,0.9168,1.7351,2.2853,0.3085,4.3981
424,0.0068,0.176,0.5946,0.07,0.0036,0.2328,0.0001,0.0542,0.1224,0.0002,0.0902,0.2415,0.836,1.6247,3.8403,0.3145,5.8568
425,0.006,0.2158,0.5926,0.0557,0.0038,0.2322,0.0001,0.053,0.1258,0.0002,0.0798,0.2478,0.8152,1.6403,2.2566,0.3188,4.2842
426,0.0062,0.2108,0.5823,0.0619,0.0026,0.235,0.0001,0.0557,0.1258,0.0003,0.0849,0.2416,0.8299,1.6382,2.2556,0.3056,4.267
427,0.0061,0.2075,0.5587,0.0567,0.0023,0.2859,0.0001,0.0474,0.1255,0.0003,0.1258,0.2637,0.9275,1.7085,2.2485,0.3048,4.3308
428,0.0061,0.2099,0.5699,0.0568,0.0016,0.2374,0.0001,0.0467,0.1309,0.0002,0.0799,0.2418,0.8161,1.6105,2.2567,0.304,4.2402
429,0.0061,0.2062,0.5699,0.0696,0.003,0.2291,0.0001,0.0454,0.1252,0.0002,0.0797,0.2447,0.8162,1.6089,2.3049,0.3068,4.2897
430,0.0062,0.2066,0.5617,0.0561,0.002,0.2316,0.0001,0.047,0.1237,0.0002,0.0829,0.2423,0.8059,1.5868,2.2692,0.3122,4.2422
431,0.0062,0.2125,0.6032,0.0557,0.0041,0.2314,0.0001,0.0466,0.1334,0.0002,0.08,0.2534,0.8242,1.6558,2.3234,0.3067,4.3549
432,0.0065,0.18,0.5852,0.0567,0.0025,0.2371,0.0002,0.061,0.1193,0.0002,0.0825,0.264,0.8419,1.6244,3.0393,0.3072,5.0488
433,0.0063,0.2284,0.5723,0.0661,0.0024,0.2457,0.0001,0.0475,0.1312,0.0002,0.0832,0.2431,0.8389,1.6529,2.3927,0.3117,4.4289
434,0.0061,0.2088,0.5742,0.0613,0.0024,0.2316,0,0.0512,0.1281,0.0002,0.0838,0.2476,0.8254,1.623,2.3987,0.3082,4.4044
435,0.0061,0.2128,0.5694,0.0608,0.0018,0.2336,0.0001,0.0465,0.1274,0.0002,0.0837,0.2489,0.8215,1.619,2.7317,0.306,4.7305
436,0.0065,0.2143,0.5592,0.0535,0.0021,0.2357,0.0001,0.045,0.1284,0.0001,0.0832,0.2356,0.8005,1.5871,2.3382,0.3139,4.3135
437,0.0064,0.2136,0.5876,0.0575,0.0023,0.2335,0.0001,0.0443,0.1267,0.0001,0.0851,0.2411,0.8105,1.6264,2.3114,0.3066,4.3167
438,0.0059,0.2079,0.5733,0.0584,0.0024,0.2313,0.0001,0.0508,0.1269,0.0002,0.0866,0.2396,0.8317,1.6279,2.2952,0.3112,4.309
439,0.0063,0.2079,0.5705,0.0532,0.0046,0.2395,0.0001,0.0515,0.1324,0.0002,0.0807,0.262,0.8444,1.6355,2.6701,0.3059,4.686
440,0.0063,0.082,0.5992,0.0558,0.0036,0.2384,0.0001,0.0468,0.1301,0.0002,0.0835,0.2549,0.8348,1.5327,2.9604,0.3034,4.8721
441,0.0062,0.2208,0.6055,0.053,0.0022,0.2827,0.0001,0.0491,0.1215,0.0002,0.1264,0.249,0.9027,1.7444,2.3651,0.3,4.4849
442,0.0062,0.2102,0.5729,0.0609,0.0026,0.2368,0.0002,0.057,0.1283,0.0002,0.0845,0.253,0.8468,1.6437,3.2074,0.2971,5.2189
443,0.0061,0.2071,0.5849,0.0576,0.0018,0.2409,0.0001,0.046,0.1266,0.0003,0.0796,0.2378,0.8091,1.6151,2.174,0.3041,4.1623
444,0.0063,0.2049,0.5742,0.0546,0.0032,0.2281,0.0001,0.0487,0.1264,0.0002,0.0815,0.2346,0.7967,1.5916,2.2191,0.2952,4.1743
445,0.0061,0.2063,0.5874,0.0544,0.0028,0.2328,0.0001,0.0446,0.125,0.0002,0.0812,0.2385,0.7979,1.6063,2.1865,0.2979,4.1597
446,0.006,0.2115,0.5794,0.0574,0.0031,0.2754,0.0001,0.0482,0.1261,0.0002,0.1285,0.2636,0.9239,1.7292,2.2089,0.3064,4.3131
447,0.0061,0.2062,0.5787,0.058,0.0023,0.2293,0.0002,0.0486,0.1238,0.0002,0.0769,0.2518,0.8077,1.6085,2.2105,0.2967,4.1865
448,0.0067,0.1753,0.6032,0.0443,0.0023,0.2433,0.0002,0.0481,0.1154,0.0001,0.0846,0.2413,0.7985,1.5964,3.7066,0.3071,5.6853
449,0.0065,0.2175,0.5863,0.053,0.0037,0.2358,0.0001,0.047,0.1296,0.0001,0.0791,0.2479,0.814,1.6381,2.1677,0.3003,4.1745
450,0.0063,0.2044,0.5733,0.0594,0.004,0.2286,0.0001,0.0519,0.1264,0.0002,0.0779,0.2494,0.8178,1.612,2.1569,0.2977,4.1356
451,0.0063,0.2143,0.5756,0.0594,0.0019,0.2294,0.0001,0.0455,0.1273,0.0001,0.0851,0.25,0.8177,1.6231,2.1545,0.3016,4.1481
452,0.0061,0.2081,0.5883,0.0561,0.0035,0.2294,0.0002,0.0536,0.1248,0.0003,0.0818,0.2398,0.8084,1.6192,2.1427,0.2976,4.128
453,0.006,0.2076,0.5805,0.0553,0.0019,0.2239,0.0002,0.0564,0.1267,0.0002,0.0789,0.242,0.805,1.6077,2.1655,0.2941,4.1355
454,0.0061,0.2102,0.5862,0.0562,0.0024,0.2378,0.0002,0.0453,0.1259,0.0002,0.0816,0.2328,0.8007,1.613,2.1883,0.3017,4.1718
455,0.0061,0.2241,0.5895,0.0559,0.003,0.2298,0.0001,0.0499,0.1151,0.0002,0.079,0.2392,0.7899,1.6162,2.1591,0.3006,4.1447
456,0.0063,0.1835,0.6148,0.0585,0.0035,0.2351,0.0001,0.056,0.1175,0.0002,0.0816,0.246,0.8194,1.6367,2.9066,0.3016,4.9192
457,0.0062,0.2181,0.6085,0.0585,0.0038,0.2419,0.0002,0.044,0.1292,0.0002,0.0804,0.2474,0.8259,1.6694,2.6751,0.2962,4.7129
458,0.0063,0.2166,0.5761,0.0595,0.0018,0.2279,0.0001,0.0431,0.1271,0.0002,0.079,0.2337,0.7892,1.5976,2.201,0.2907,4.1638
459,0.0066,0.2101,0.5761,0.0564,0.0025,0.2289,0.0001,0.0449,0.1303,0.0003,0.0805,0.2336,0.7944,1.5947,2.1863,0.2924,4.1485
460,0.0061,0.2091,0.5785,0.055,0.0018,0.2311,0.0001,0.052,0.1221,0.0002,0.085,0.2404,0.8061,1.6069,2.2089,0.2955,4.1867
461,0.0063,0.2081,0.5779,0.0551,0.0017,0.2275,0.0001,0.0455,0.1247,0.0003,0.0809,0.2353,0.7873,1.5881,2.4176,0.2917,4.368
462,0.0062,0.2012,0.5548,0.0572,0.0028,0.2163,0.0001,0.0438,0.1174,0.0001,0.0777,0.2561,0.7822,1.5557,2.1463,0.2861,4.0621
463,0.0062,0.2067,0.5592,0.0544,0.0015,0.2254,0.0001,0.0453,0.1246,0.0002,0.077,0.2411,0.7793,1.5566,2.1244,0.2826,4.0326
464,0.0059,0.078,0.5675,0.0527,0.0015,0.225,0,0.0485,0.1206,0.0002,0.0816,0.2391,0.7813,1.4385,3.7805,0.4823,5.7726
465,0.0061,0.2221,0.5686,0.0545,0.0014,0.2217,0.0001,0.0508,0.1222,0.0001,0.08,0.2503,0.7938,1.596,2.9625,0.2861,4.9156
466,0.0059,0.2118,0.547,0.0523,0.0015,0.2214,0,0.0435,0.121,0.0002,0.0757,0.227,0.7513,1.5207,2.082,0.2873,3.9614
467,0.0059,0.2054,0.5426,0.0524,0.0034,0.21,0.0001,0.0444,0.1201,0.0002,0.0795,0.2222,0.7408,1.4989,2.116,0.2832,3.9668
468,0.0059,0.2129,0.5383,0.0518,0.0035,0.2238,0,0.0458,0.1241,0.0002,0.0817,0.2395,0.7858,1.5487,2.111,0.286,4.0146
469,0.0061,0.2058,0.5956,0.0565,0.0028,0.2844,0.0002,0.0486,0.1241,0.0002,0.1247,0.2439,0.9055,1.7217,2.1118,0.2876,4.1894
470,0.0062,0.2053,0.5775,0.0584,0.0032,0.2295,0.0001,0.0465,0.1248,0.0002,0.0881,0.2392,0.811,1.6095,2.1085,0.2882,4.0741
471,0.0062,0.2079,0.5827,0.0537,0.0021,0.2283,0.0001,0.0508,0.1245,0.0003,0.0755,0.2316,0.7857,1.5926,2.1659,0.2811,4.1089
472,0.0068,0.1807,0.5989,0.0485,0.002,0.2421,0.0001,0.0567,0.1135,0.0002,0.0803,0.2445,0.8048,1.6194,3.4121,0.2867,5.3982
473,0.0061,0.2225,0.5832,0.056,0.0022,0.2908,0.0001,0.0502,0.1242,0.0003,0.1234,0.2405,0.9053,1.7274,3.0605,0.2858,5.1464
474,0.0065,0.2193,0.5826,0.0621,0.0046,0.2815,0.0001,0.0463,0.1249,0.0001,0.1237,0.2541,0.9178,1.7363,2.1054,0.2873,4.1979
475,0.0059,0.2074,0.5798,0.0552,0.0019,0.2266,0.0001,0.0537,0.1263,0.0003,0.0818,0.2401,0.8031,1.6066,2.0749,0.2824,4.0325
476,0.0062,0.2062,0.569,0.0527,0.0021,0.2325,0.0001,0.0508,0.1239,0.0002,0.0787,0.2522,0.8122,1.6043,2.0757,0.2886,4.038
477,0.0062,0.2076,0.5751,0.0581,0.002,0.2729,0.0001,0.0612,0.1301,0.0003,0.0867,0.2902,0.9234,1.7215,2.3468,0.2978,4.4426
478,0.0068,0.2195,0.6331,0.0641,0.0036,0.2934,0.0001,0.0481,0.1298,0.0003,0.1453,0.2397,0.9517,1.8223,2.098,0.291,4.2832
479,0.0063,0.2063,0.5514,0.0549,0.0017,0.271,0.0001,0.0431,0.1266,0.0002,0.1273,0.2292,0.8653,1.6352,2.1022,0.2885,4.0961
480,0.0064,0.0783,0.5778,0.0581,0.002,0.2356,0.0001,0.0543,0.1162,0.0002,0.0789,0.2372,0.7969,1.4693,3.9162,0.4082,5.8687
481,0.0065,0.2316,0.5763,0.0584,0.004,0.2784,0.0001,0.0473,0.1247,0.0002,0.1273,0.2356,0.8893,1.7124,2.46,0.2901,4.5358
482,0.0063,0.2203,0.5873,0.0566,0.0044,0.2945,0.0001,0.0495,0.1274,0.0002,0.1309,0.2508,0.9362,1.76,2.2517,0.2881,4.3701
483,0.0059,0.2193,0.5845,0.0546,0.0019,0.2342,0.0001,0.0474,0.1348,0.0002,0.0834,0.2522,0.8285,1.649,2.1517,0.2826,4.1534
484,0.0061,0.221,0.5585,0.0512,0.0015,0.2739,0.0001,0.0501,0.11,0.0002,0.1209,0.2346,0.852,1.6459,2.1263,0.2837,4.1251
485,0.006,0.2102,0.5425,0.0555,0.0081,0.2278,0.0001,0.0479,0.1331,0.0002,0.0837,0.2397,0.8205,1.584,2.1036,0.2888,4.0494
486,0.006,0.2037,0.5729,0.0526,0.0043,0.2363,0.0001,0.048,0.1254,0.0002,0.0863,0.2503,0.8232,1.6147,2.1241,0.2884,4.0995
487,0.0062,0.2049,0.5684,0.0579,0.0041,0.2881,0.0001,0.0454,0.1228,0.0003,0.1319,0.2356,0.9048,1.6943,2.1696,0.2906,4.225
488,0.0063,0.1717,0.6002,0.058,0.0021,0.2881,0.0001,0.0551,0.1136,0.0003,0.1238,0.239,0.8998,1.6904,3.5205,0.2883,5.5712
489,0.0065,0.2204,0.5905,0.0528,0.0018,0.2318,0.0001,0.0465,0.1261,0.0002,0.085,0.2329,0.7951,1.6258,2.264,0.2904,4.2518
490,0.006,0.219,0.574,0.0571,0.0031,0.2771,0.0001,0.0514,0.1255,0.0001,0.1255,0.2324,0.8899,1.6979,2.0681,0.2902,4.1248
491,0.006,0.2066,0.5809,0.0576,0.0022,0.2756,0.0001,0.0464,0.1377,0.0002,0.1275,0.2609,0.9292,1.7303,2.1087,0.2928,4.2003
492,0.0061,0.2071,0.6044,0.0566,0.0036,0.2767,0.0001,0.0442,0.1253,0.0002,0.1272,0.2445,0.8996,1.7267,2.0911,0.2872,4.1765
493,0.0061,0.2066,0.5859,0.0527,0.0018,0.2733,0.0001,0.0546,0.1277,0.0002,0.1283,0.2517,0.9126,1.7199,2.0967,0.2906,4.176
494,0.0061,0.208,0.5546,0.0536,0.0017,0.2785,0.0001,0.0445,0.124,0.0001,0.1245,0.2375,0.8781,1.653,2.0699,0.2841,4.0749
495,0.0062,0.2042,0.5476,0.0541,0.0016,0.2594,0.0001,0.044,0.1223,0.0001,0.1233,0.2349,0.8492,1.6127,2.0839,0.2904,4.0549
496,0.0066,0.1854,0.5796,0.0589,0.0018,0.2899,0.0001,0.0562,0.1178,0.0002,0.1292,0.2476,0.9232,1.7078,2.8344,0.2957,4.9109
497,0.0067,0.2203,0.5829,0.0563,0.0048,0.2895,0.0001,0.0486,0.126,0.0003,0.1239,0.2498,0.9193,1.7408,3.0671,0.2873,5.1652
498,0.006,0.2105,0.5759,0.0585,0.0033,0.2329,0.0002,0.0484,0.1293,0.0002,0.0788,0.2527,0.8239,1.6247,2.3505,0.2978,4.3434
499,0.0061,0.2062,0.5583,0.0561,0.0015,0.2135,0.0001,0.0437,0.1219,0.0002,0.0757,0.2338,0.7558,1.5323,2.0798,0.2981,3.9781
500,0.0062,0.2052,0.5865,0.055,0.0015,0.2275,0.0001,0.0471,0.1235,0.0001,0.0809,0.2411,0.7881,1.5945,2.1455,0.2964,4.1053
501,0.0059,0.2149,0.585,0.0562,0.0033,0.2326,0.0001,0.053,0.1274,0.0002,0.081,0.2453,0.8204,1.6356,2.0911,0.2966,4.0964
502,0.0096,0.2069,0.5667,0.0566,0.0023,0.2845,0.0001,0.0595,0.1281,0.0002,0.1219,0.2422,0.9135,1.7056,2.1302,0.2907,4.1953
503,0.0061,0.2029,0.5827,0.0501,0.0032,0.2737,0.0001,0.0465,0.1228,0.0002,0.1288,0.2445,0.8888,1.6909,2.2192,0.2881,4.2687
504,0.0067,0.1781,0.6123,0.0562,0.0039,0.2834,0.0001,0.0474,0.1156,0.0002,0.1265,0.247,0.9016,1.7103,2.9201,0.2974,5.0078
505,0.0063,0.217,0.5878,0.0569,0.0024,0.2856,0.0001,0.0517,0.1255,0.0002,0.1422,0.2329,0.9337,1.7523,2.2827,0.2909,4.3998
506,0.0062,0.2155,0.5847,0.0547,0.0023,0.2441,0.0001,0.0453,0.1268,0.0002,0.087,0.2292,0.8067,1.622,2.2631,0.2983,4.2575
507,0.0065,0.2189,0.5856,0.0584,0.0018,0.2342,0.0001,0.0497,0.1287,0.0002,0.0821,0.2299,0.8037,1.6219,2.2669,0.2999,4.2634
508,0.0065,0.2145,0.5656,0.0556,0.0018,0.2851,0.0001,0.0463,0.1296,0.0002,0.136,0.2518,0.9225,1.7183,2.3114,0.2973,4.4029
509,0.0062,0.2191,0.6022,0.0576,0.0022,0.2897,0.0002,0.0457,0.1218,0.0002,0.1218,0.249,0.9023,1.7422,2.461,0.2944,4.5717
510,0.0063,0.2108,0.5859,0.0553,0.0028,0.2779,0.0001,0.0462,0.1273,0.0002,0.1293,0.2505,0.9096,1.7217,2.1401,0.3021,4.2324
511,0.0061,0.2052,0.571,0.054,0.002,0.2833,0,0.0449,0.1251,0.0001,0.1203,0.2393,0.8877,1.6798,2.1595,0.2977,4.2069
512,0.0067,0.0891,0.5676,0.0566,0.0036,0.2916,0.0001,0.0449,0.1138,0.0003,0.1295,0.2326,0.8943,1.5694,3.8812,0.4951,6.0207
513,0.0065,0.2137,0.5795,0.055,0.0015,0.2657,0.0001,0.0502,0.1212,0.0002,0.125,0.2389,0.8679,1.6768,2.1863,0.2914,4.2233
514,0.006,0.206,0.5656,0.0609,0.004,0.2847,0.0001,0.0469,0.1364,0.0002,0.1254,0.2499,0.9295,1.716,2.1667,0.3011,4.2529
515,0.0061,0.2076,0.5745,0.0539,0.0017,0.2351,0.0001,0.0474,0.1237,0.0002,0.0806,0.2394,0.7988,1.5983,2.1677,0.2994,4.1332
516,0.0061,0.2085,0.5738,0.0561,0.0031,0.2387,0.0001,0.0486,0.1314,0.0003,0.0798,0.2484,0.8251,1.6202,2.1898,0.2996,4.1782
517,0.0061,0.2062,0.5784,0.0519,0.0025,0.2918,0.0001,0.0474,0.1272,0.0003,0.1301,0.2529,0.9244,1.7249,2.2093,0.3002,4.3059
518,0.0062,0.2103,0.5911,0.0552,0.0031,0.2351,0.0001,0.0477,0.1259,0.0003,0.0815,0.2474,0.8158,1.6327,2.207,0.2966,4.2051
519,0.0061,0.208,0.5678,0.0494,0.0016,0.2329,0.0002,0.0475,0.1282,0.0002,0.0858,0.2447,0.8094,1.5997,2.1936,0.2978,4.1607
