,Unnecessary Copy,copyParticleData,computeCellInformation,Execute kNeighborCount,Execute exclusive_scan over counts,Execute kNeighborhoodQueryWithCounts,Compute neighbors,Neighbor copy from device to host - resize,Count copy from device to host - resize,Count copy from device to host - MemcpyDeviceToHost,Neighbor & Offset copy from device to host - MemcpyDeviceToHost,Run hipNSearch,neighborhood search,constraint projection,XSPH viscosity computation,SimStep
0,0.0316,0.1747,0.3789,0.1613,0.1948,0.164,0.5276,0.0002,0.0001,0.0858,0.1989,1.3815,1.4178,5.3346,0.4536,7.3102
1,0.0278,0.3094,0.3586,0.1636,0.2476,0.1732,0.5913,0.0003,0.0001,0.0707,0.2055,1.5549,1.5865,3.4964,0.4585,5.6565
2,0.0275,0.2899,0.3351,0.1704,0.2363,0.1735,0.59,0.0003,0.0001,0.0847,0.211,1.5246,1.5556,3.1819,0.4566,5.3071
3,0.0272,0.2962,0.3618,0.1678,0.1836,0.1821,0.5431,0.0003,0.0002,0.0724,0.1982,1.4866,1.5173,2.9162,0.4539,5.0006
4,0.0272,0.2818,0.3332,0.1651,0.1847,0.1725,0.5316,0.0002,0.0002,0.0865,0.1998,1.4454,1.4759,2.8639,0.4621,4.9141
5,0.0271,0.2757,0.3366,0.166,0.1869,0.173,0.5315,0.0002,0.0002,0.0794,0.2027,1.4417,1.4721,3.0898,0.4549,5.1305
6,0.0272,0.2922,0.3522,0.163,0.1886,0.1757,0.5345,0.0003,0.0002,0.0882,0.2009,1.482,1.5123,2.8886,0.5506,5.0713
7,0.0272,0.3012,0.357,0.1964,0.2339,0.2022,0.6411,0.0002,0.0002,0.0762,0.1923,1.5825,1.613,2.9366,0.5575,5.2313
8,0.0328,0.2203,0.3945,0.1904,0.2357,0.1935,0.6291,0.0003,0.0001,0.0637,0.2012,1.5251,1.564,4.6651,0.5348,6.8933
9,0.0277,0.3017,0.3678,0.1832,0.1926,0.1916,0.5756,0.0002,0.0002,0.0824,0.2059,1.5456,1.5769,4.6364,0.5283,6.8679
10,0.0276,0.3073,0.3548,0.189,0.2147,0.1984,0.6056,0.0001,0.0001,0.0669,0.1935,1.5405,1.5712,2.9644,0.529,5.1839
11,0.0331,0.2721,0.3189,0.1941,0.2081,0.2046,0.6099,0.0002,0.0002,0.0756,0.2037,1.4912,1.5279,2.9853,0.529,5.1634
12,0.0297,0.2746,0.319,0.1891,0.1679,0.1984,0.5588,0.0001,0.0002,0.0865,0.1965,1.4429,1.4758,3.0168,0.5359,5.149
13,0.0281,0.2728,0.3194,0.1961,0.2111,0.2044,0.6145,0.0001,0.0001,0.0784,0.2123,1.5073,1.5385,3.071,0.5559,5.2855
14,0.0272,0.2794,0.3286,0.1819,0.2155,0.1988,0.5994,0.0001,0.0002,0.0854,0.1948,1.4966,1.5267,3.1371,0.5558,5.342
15,0.0274,0.2934,0.3297,0.1929,0.2116,0.2004,0.6079,0.0002,0.0002,0.0678,0.1879,1.495,1.5253,3.1923,0.5582,5.3963
16,0.0277,0.1532,0.3587,0.1934,0.2283,0.2063,0.6312,0.0002,0.0001,0.0782,0.1946,1.428,1.4651,5.5879,0.5628,7.742
17,0.0283,0.3112,0.3863,0.2008,0.1848,0.2096,0.6033,0.0002,0.0002,0.0839,0.2017,1.6017,1.6336,3.2933,0.5325,5.5889
18,0.028,0.2814,0.3673,0.1904,0.2346,0.1976,0.633,0.0003,0.0001,0.0871,0.2038,1.5863,1.6178,3.812,0.5427,6.0957
19,0.0271,0.283,0.3596,0.187,0.2227,0.1974,0.6136,0.0003,0.0001,0.0784,0.1959,1.5469,1.5773,3.2981,0.5373,5.536
20,0.027,0.3092,0.3492,0.2193,0.2195,0.2306,0.6728,0.0002,0.0002,0.0725,0.1934,1.609,1.6394,3.3589,0.5453,5.6629
21,0.0274,0.2873,0.3442,0.2167,0.2147,0.2324,0.6668,0.0002,0.0002,0.0785,0.2095,1.5957,1.626,3.3331,0.5395,5.6176
22,0.0271,0.2838,0.3277,0.2151,0.2055,0.2267,0.6503,0.0002,0.0001,0.0746,0.2029,1.5467,1.5769,3.4437,0.5421,5.6835
23,0.03,0.2762,0.3228,0.2103,0.1654,0.2197,0.5985,0.0002,0.0001,0.077,0.2002,1.4833,1.5163,3.3492,0.5707,5.5548
24,0.0285,0.1622,0.3582,0.2117,0.2206,0.2091,0.6463,0.0001,0.0002,0.0785,0.2032,1.4588,1.4919,5.0143,0.5528,7.1908
25,0.0285,0.2914,0.3776,0.2229,0.2412,0.2209,0.692,0.0002,0.0002,0.0807,0.2091,1.6674,1.6996,3.6642,0.5566,6.049
26,0.028,0.2886,0.3479,0.2098,0.1849,0.2227,0.6241,0.0002,0.0002,0.0787,0.2098,1.5626,1.5942,3.828,0.8717,6.4225
27,0.027,0.2999,0.3666,0.2151,0.2386,0.2236,0.6862,0.0002,0.0002,0.0753,0.2106,1.6575,1.6881,3.6133,0.5728,5.9942
28,0.0276,0.284,0.3386,0.2415,0.2252,0.2374,0.7122,0.0002,0.0002,0.0844,0.2058,1.6407,1.6718,3.6607,0.5508,6.0028
29,0.0273,0.2913,0.4181,0.2443,0.247,0.2375,0.74,0.0002,0.0001,0.0946,0.2291,1.7913,1.822,3.6486,0.5779,6.1682
30,0.0272,0.2758,0.3348,0.2188,0.2283,0.2195,0.6698,0.0002,0.0002,0.0734,0.1958,1.5577,1.5881,3.7481,0.5523,6.0068
31,0.0286,0.2748,0.3232,0.2208,0.1688,0.2301,0.6229,0.0002,0.0001,0.0661,0.1929,1.4882,1.52,3.9293,0.5482,6.1182
32,0.0272,0.2483,0.3757,0.2122,0.2335,0.2228,0.679,0.0003,0.0002,0.085,0.2174,1.6242,1.6554,5.189,0.546,7.5073
33,0.027,0.2933,0.3572,0.2296,0.2461,0.2281,0.7087,0.0001,0.0002,0.0895,0.2273,1.6867,1.7171,4.5382,0.5385,6.9114
34,0.027,0.2977,0.3449,0.2198,0.2241,0.229,0.6775,0.0002,0.0002,0.074,0.1997,1.6023,1.6322,4.4076,0.5415,6.6977
35,0.0277,0.292,0.339,0.219,0.2256,0.23,0.6777,0.0002,0.0001,0.0747,0.2117,1.6023,1.6329,3.9315,0.5483,6.2702
36,0.0274,0.2777,0.3165,0.2214,0.2091,0.2282,0.6617,0.0001,0.0001,0.0764,0.212,1.5523,1.5831,4.0107,0.5453,6.255
37,0.028,0.2723,0.323,0.2318,0.2214,0.2344,0.6907,0.0002,0.0001,0.0749,0.2018,1.5698,1.6007,4.0331,0.5519,6.2995
38,0.0278,0.2846,0.3211,0.2193,0.2257,0.2304,0.6787,0.0002,0.0001,0.0787,0.2092,1.5827,1.6136,4.0698,0.559,6.356
39,0.0278,0.2701,0.3316,0.2173,0.2172,0.2259,0.6635,0.0002,0.0001,0.0728,0.201,1.5504,1.5817,4.1765,0.5762,6.4502
40,0.0287,0.2679,0.3494,0.2101,0.2397,0.2224,0.6808,0.0003,0.0002,0.0649,0.2004,1.5813,1.615,6.1183,0.5685,8.4237
41,0.0281,0.2933,0.3736,0.2224,0.2491,0.2356,0.7152,0.0003,0.0002,0.0813,0.2136,1.6923,1.7275,4.9871,0.5633,7.3952
42,0.031,0.2854,0.3515,0.2207,0.2373,0.2349,0.7009,0.0002,0.0002,0.0735,0.2039,1.63,1.6645,4.2181,0.567,6.5627
43,0.027,0.2856,0.3457,0.2232,0.2336,0.2317,0.6975,0.0002,0.0002,0.082,0.2083,1.6333,1.6636,4.3825,0.5777,6.7368
44,0.027,0.2966,0.3776,0.2214,0.2398,0.2347,0.7028,0.0002,0.0001,0.0723,0.2115,1.6774,1.7076,4.4156,0.5831,6.822
45,0.0271,0.2979,0.3665,0.221,0.2328,0.2339,0.6985,0.0003,0.0002,0.0818,0.2004,1.6601,1.6908,4.4055,0.5849,6.7946
46,0.0272,0.2844,0.3476,0.2261,0.2605,0.2346,0.7314,0.0002,0.0002,0.0839,0.2209,1.68,1.7105,4.443,0.5965,6.8622
47,0.0273,0.2829,0.3567,0.2202,0.2224,0.2331,0.6791,0.0002,0.0001,0.072,0.2073,1.6113,1.6419,4.477,0.5953,6.8303
48,0.0318,0.2573,0.3661,0.2095,0.2436,0.223,0.6846,0.0002,0.0002,0.0698,0.2158,1.6137,1.6507,7.6559,1.1143,10.55
49,0.0287,0.2907,0.3753,0.2355,0.244,0.2405,0.73,0.0002,0.0002,0.0857,0.2141,1.7077,1.7402,5.4183,0.6037,7.8803
50,0.0269,0.3016,0.3681,0.2252,0.2398,0.2381,0.7131,0.0003,0.0002,0.0708,0.2104,1.6753,1.7052,4.4605,0.6088,6.8877
51,0.027,0.2821,0.3505,0.2313,0.2416,0.2361,0.7175,0.0002,0.0001,0.0879,0.2115,1.6656,1.696,4.5283,0.612,6.9535
52,0.0271,0.2848,0.3493,0.2235,0.2476,0.2342,0.7139,0.0003,0.0002,0.0787,0.2056,1.6461,1.6764,4.4915,0.6159,6.8974
53,0.0271,0.2934,0.3621,0.2262,0.2358,0.2315,0.7036,0.0002,0.0001,0.0834,0.2152,1.6766,1.7072,4.5839,0.622,7.0286
54,0.0271,0.3446,0.3465,0.2152,0.2248,0.2298,0.673,0.0002,0.0001,0.0583,0.2004,1.6305,1.6607,4.5644,0.6221,6.9596
55,0.0265,0.2859,0.3353,0.2167,0.2246,0.2273,0.6718,0.0002,0.0002,0.0681,0.2152,1.5841,1.6136,4.5373,0.6235,6.8869
56,0.0277,0.2565,0.3781,0.209,0.2349,0.2223,0.673,0.0002,0.0002,0.0703,0.2081,1.6003,1.6324,6.1674,0.6163,8.5382
57,0.0282,0.3065,0.3615,0.2205,0.2366,0.2268,0.6925,0.0002,0.0002,0.0703,0.2106,1.6588,1.6906,6.9329,1.1423,9.887
58,0.0286,0.294,0.3589,0.2191,0.2253,0.2326,0.6852,0.0003,0.0001,0.0709,0.2143,1.6374,1.6694,5.9531,0.6125,8.3552
59,0.0275,0.2796,0.3475,0.2232,0.2338,0.2301,0.6957,0.0003,0.0003,0.0888,0.2324,1.6603,1.6913,4.5802,0.6182,7.0083
60,0.0279,0.2829,0.3467,0.2212,0.2298,0.232,0.6921,0.0002,0.0001,0.0822,0.2018,1.6187,1.6501,4.5839,0.6188,6.9676
61,0.0274,0.2743,0.3396,0.221,0.2224,0.2371,0.6896,0.0002,0.0002,0.0852,0.2193,1.6248,1.6556,4.5754,0.6165,6.9618
62,0.0274,0.2815,0.3463,0.2165,0.2294,0.2273,0.6769,0.0002,0.0002,0.0835,0.22,1.6233,1.6544,4.5704,0.6135,6.9513
63,0.0288,0.276,0.3446,0.2204,0.224,0.2289,0.677,0.0002,0.0002,0.0748,0.2026,1.5844,1.6164,4.7129,0.6183,7.0604
64,0.0277,0.3062,0.3386,0.2177,0.2552,0.2296,0.7141,0.0003,0.0002,0.0885,0.208,1.6731,1.7058,6.4138,0.62,8.8612
65,0.028,0.3192,0.3928,0.2238,0.2423,0.2265,0.6981,0.0002,0.0002,0.0702,0.219,1.717,1.7487,4.6665,0.625,7.1606
66,0.028,0.2853,0.3437,0.2259,0.2308,0.225,0.6902,0.0002,0.0002,0.0826,0.2154,1.6312,1.6627,5.7489,0.6202,8.1541
67,0.0279,0.298,0.3527,0.2213,0.1785,0.2279,0.6359,0.0002,0.0002,0.0605,0.2029,1.5625,1.5939,4.5713,0.6256,6.9063
68,0.0266,0.2797,0.3511,0.2162,0.2264,0.2305,0.6792,0.0002,0.0002,0.0816,0.2038,1.607,1.6369,4.618,0.6224,6.9919
69,0.0274,0.2963,0.3382,0.2212,0.2228,0.2296,0.6805,0.0003,0.0001,0.0727,0.2123,1.6149,1.6456,4.6135,0.6231,6.9999
70,0.0278,0.3244,0.3603,0.2147,0.2431,0.2279,0.6956,0.0002,0.0002,0.088,0.2191,1.7026,1.7337,4.5743,0.633,7.0574
71,0.0273,0.2914,0.3525,0.2256,0.233,0.2337,0.7016,0.0002,0.0002,0.0717,0.2094,1.6395,1.7057,4.628,0.6186,7.0698
72,0.0285,0.1716,0.3774,0.2071,0.2196,0.2194,0.6519,0.0002,0.0002,0.0769,0.208,1.5065,1.5394,8.5239,0.6188,10.8027
73,0.0269,0.2968,0.3651,0.2221,0.2376,0.2354,0.7036,0.0002,0.0001,0.076,0.2252,1.6852,1.7156,5.0597,0.6191,7.511
74,0.027,0.2912,0.3583,0.2203,0.2272,0.2347,0.6899,0.0003,0.0001,0.0963,0.2197,1.6764,1.7066,4.6485,0.6354,7.1054
75,0.0269,0.2851,0.3645,0.211,0.242,0.2318,0.6944,0.0002,0.0002,0.0793,0.2105,1.6485,1.6789,4.62,0.6289,7.0419
76,0.0267,0.2864,0.3509,0.2248,0.2433,0.2351,0.7098,0.0002,0.0001,0.0729,0.2247,1.6573,1.6875,4.6177,0.6299,7.0496
77,0.027,0.2723,0.3549,0.2178,0.2407,0.232,0.6992,0.0002,0.0002,0.0864,0.22,1.6523,1.6827,4.6127,0.6324,7.0429
78,0.0272,0.278,0.3533,0.2179,0.2278,0.227,0.6764,0.0002,0.0002,0.0804,0.2146,1.6113,1.6418,4.6835,0.6316,7.0749
79,0.0278,0.2828,0.3412,0.2095,0.2204,0.2223,0.6556,0.0002,0.0002,0.0795,0.211,1.5824,1.6136,4.6738,0.6345,7.0365
80,0.0278,0.2016,0.3772,0.2147,0.2556,0.2165,0.6922,0.0002,0.0002,0.085,0.2257,1.6027,1.6352,6.3468,0.6328,8.7371
81,0.0281,0.2922,0.3787,0.2209,0.2499,0.2275,0.7071,0.0002,0.0002,0.0796,0.2154,1.6877,1.7194,5.4497,0.6228,7.9105
82,0.0271,0.2894,0.3448,0.2178,0.1726,0.2233,0.617,0.0002,0.0001,0.0791,0.2173,1.5562,1.5865,5.2904,0.6366,7.6275
83,0.028,0.2835,0.3471,0.2177,0.2298,0.2284,0.6801,0.0002,0.0002,0.0803,0.2215,1.6246,1.6559,4.669,0.6316,7.0718
84,0.0278,0.2831,0.3379,0.2125,0.2051,0.2211,0.6416,0.0001,0.0001,0.0711,0.2108,1.552,1.5828,4.6675,0.6335,6.9965
85,0.0313,0.2884,0.3594,0.2164,0.1938,0.2338,0.6546,0.0002,0.0002,0.0881,0.2138,1.6202,1.6545,4.6539,0.6353,7.0577
86,0.0272,0.2784,0.3386,0.2258,0.2319,0.2417,0.708,0.0002,0.0001,0.0864,0.2062,1.6323,1.6628,5.1523,0.6342,7.5641
87,0.0273,0.2945,0.3513,0.2252,0.18,0.2289,0.6418,0.0002,0.0002,0.083,0.2072,1.5928,1.6235,4.6598,0.6325,7.0309
88,0.0317,0.2622,0.3685,0.2059,0.244,0.217,0.6758,0.0003,0.0002,0.0741,0.2238,1.6211,1.6578,7.0982,0.6307,9.5175
89,0.0271,0.3101,0.3636,0.2168,0.2452,0.2271,0.6958,0.0002,0.0001,0.0882,0.222,1.6975,1.7282,4.7818,0.6361,7.2673
90,0.0286,0.2975,0.3688,0.2115,0.2011,0.2308,0.6525,0.0003,0.0002,0.0722,0.2085,1.6127,1.645,4.7452,0.6384,7.1512
91,0.0283,0.283,0.3592,0.2125,0.1955,0.2248,0.6379,0.0002,0.0002,0.072,0.2279,1.5956,1.6273,4.7294,0.6331,7.1089
92,0.0272,0.3363,0.3687,0.2157,0.2402,0.2353,0.7002,0.0003,0.0002,0.0774,0.2125,1.7107,1.741,4.6561,0.6274,7.1393
93,0.0271,0.2801,0.3414,0.2176,0.2266,0.2332,0.6841,0.0001,0.0001,0.0921,0.2183,1.628,1.6583,4.6715,0.637,7.0825
94,0.0271,0.2866,0.3428,0.2175,0.2268,0.2312,0.6834,0.0003,0.0001,0.0643,0.216,1.6096,1.64,4.7013,0.6279,7.0862
95,0.0269,0.2961,0.3696,0.2147,0.1866,0.2276,0.6397,0.0003,0.0002,0.0838,0.216,1.6185,1.6487,4.7067,0.6318,7.1031
96,0.0314,0.2084,0.3776,0.2067,0.1835,0.2197,0.6175,0.0003,0.0002,0.0645,0.2161,1.501,1.5373,8.0035,0.6353,10.3057
97,0.027,0.3016,0.378,0.2137,0.1876,0.2236,0.6346,0.0003,0.0002,0.0696,0.2135,1.613,1.6437,4.6955,0.6358,7.0893
98,0.027,0.292,0.3454,0.2145,0.2155,0.225,0.6586,0.0002,0.0002,0.0775,0.2208,1.6119,1.6422,4.7032,0.6288,7.0894
99,0.0272,0.2935,0.3234,0.2199,0.1726,0.2277,0.6235,0.0002,0.0002,0.0754,0.2092,1.5337,1.5643,4.697,0.6386,7.0161
100,0.0272,0.2977,0.3125,0.2163,0.1745,0.2298,0.6237,0.0002,0.0002,0.078,0.2114,1.5334,1.5638,4.7396,0.6241,7.0479
101,0.027,0.2968,0.3291,0.2153,0.2125,0.2223,0.6533,0.0001,0.0001,0.0774,0.209,1.5743,1.6046,4.6875,0.628,7.0388
102,0.0283,0.2793,0.3222,0.215,0.2128,0.2368,0.668,0.0001,0.0002,0.0778,0.2082,1.5629,1.5941,4.7049,0.6288,7.0424
103,0.0278,0.2832,0.355,0.2229,0.232,0.2314,0.695,0.0002,0.0001,0.0851,0.2127,1.6505,1.6816,4.6805,0.6301,7.1074
104,0.0321,0.1619,0.3647,0.2084,0.1787,0.2166,0.6125,0.0003,0.0002,0.0798,0.2144,1.4495,1.4866,7.4059,0.6334,9.6549
105,0.0284,0.3159,0.3891,0.2282,0.2339,0.234,0.7074,0.0003,0.0001,0.0644,0.219,1.7134,1.7454,4.7388,0.6323,7.2351
106,0.0273,0.2793,0.3327,0.2174,0.2225,0.2337,0.6801,0.0002,0.0001,0.0802,0.2166,1.6054,1.6363,4.7285,0.6341,7.1164
107,0.0273,0.3724,0.3724,0.2242,0.1906,0.2295,0.6535,0.0002,0.0002,0.0915,0.2158,1.7382,1.7688,4.6752,0.6305,7.191
108,0.027,0.2831,0.3581,0.218,0.2264,0.2342,0.6857,0.0003,0.0002,0.0831,0.2092,1.6329,1.6632,4.7646,0.6344,7.1782
109,0.0268,0.2786,0.364,0.2143,0.2381,0.232,0.6947,0.0003,0.0001,0.0853,0.2307,1.6699,1.7,4.7232,0.6428,7.1826
110,0.027,0.3212,0.3515,0.2153,0.2413,0.2296,0.6951,0.0002,0.0001,0.0872,0.2106,1.6784,1.7086,4.727,0.6378,7.1924
111,0.0268,0.287,0.3613,0.2199,0.2451,0.2324,0.706,0.0002,0.0002,0.0835,0.2065,1.6609,1.6912,4.7169,0.6253,7.1508
112,0.0327,0.1626,0.3723,0.2049,0.1933,0.2174,0.6229,0.0002,0.0002,0.0891,0.2145,1.4824,1.5203,6.3137,0.6519,8.6189
113,0.0279,0.3139,0.3797,0.219,0.1902,0.2362,0.651,0.0002,0.0001,0.0881,0.2184,1.6711,1.7026,5.6604,0.6421,8.1285
114,0.0283,0.3606,0.3674,0.2279,0.1888,0.2282,0.6512,0.0002,0.0002,0.0586,0.2159,1.6659,1.6979,4.9237,1.0445,7.7947
115,0.027,0.2998,0.3642,0.2179,0.2335,0.2359,0.6967,0.0002,0.0001,0.0859,0.2225,1.6857,1.7164,4.6954,0.6527,7.1838
116,0.0271,0.3137,0.3535,0.225,0.1771,0.2229,0.6289,0.0002,0.0002,0.0689,0.2269,1.608,1.6388,4.7467,0.6353,7.1369
117,0.0316,0.2853,0.336,0.2139,0.1681,0.2275,0.6125,0.0002,0.0002,0.0728,0.212,1.5256,1.5602,4.735,1.1413,7.5574
118,0.0271,0.3155,0.3866,0.22,0.19,0.2347,0.6541,0.0002,0.0002,0.0734,0.2149,1.6619,1.6925,7.4903,1.1603,10.4626
119,0.0271,0.28,0.3523,0.2182,0.2115,0.2287,0.6616,0.0001,0.0001,0.078,0.2049,1.5847,1.6151,7.8161,0.7141,10.2692
120,0.0288,0.2624,0.4088,0.2134,0.1834,0.2249,0.6283,0.0003,0.0002,0.0758,0.2264,1.6211,1.6547,8.1832,1.1661,11.1237
121,0.0269,0.2805,0.379,0.2241,0.1807,0.2263,0.6407,0.0002,0.0001,0.0841,0.2169,1.6175,1.6479,4.7494,0.6448,7.1593
122,0.0269,0.2928,0.375,0.2228,0.2361,0.2321,0.6998,0.0003,0.0001,0.0714,0.2062,1.6595,1.6899,6.5228,0.6436,8.9748
123,0.0271,0.2984,0.3488,0.2191,0.2328,0.2348,0.6962,0.0002,0.0001,0.0887,0.2176,1.6661,1.6966,6.413,1.1436,9.3749
124,0.0271,0.2969,0.371,0.2203,0.1853,0.2302,0.6411,0.0002,0.0002,0.0784,0.2108,1.6115,1.642,4.7043,0.6356,7.0964
125,0.0272,0.2942,0.3137,0.2193,0.2133,0.2305,0.6669,0.0001,0.0001,0.0786,0.2192,1.5856,1.6161,6.9771,0.6365,9.3481
126,0.0273,0.296,0.3332,0.2195,0.1721,0.2292,0.6243,0.0002,0.0001,0.0781,0.2103,1.553,1.5836,4.7079,0.6367,7.0428
127,0.0273,0.2878,0.3183,0.2236,0.1678,0.2315,0.6262,0.0001,0.0001,0.0769,0.2102,1.5277,1.5581,7.8135,1.0243,10.5193
128,0.0295,0.1617,0.3692,0.2125,0.2084,0.2256,0.6557,0.0003,0.0002,0.0798,0.2222,1.5044,1.5385,7.7952,1.0858,10.5432
129,0.0268,0.325,0.3781,0.2218,0.2238,0.2332,0.6894,0.0002,0.0002,0.089,0.2266,1.7262,1.7569,7.6698,1.1212,10.6687
130,0.0268,0.3036,0.3593,0.2247,0.1851,0.2273,0.6485,0.0003,0.0001,0.0728,0.2214,1.6184,1.6483,4.766,0.6378,7.167
131,0.027,0.2751,0.3575,0.2172,0.1763,0.2265,0.6244,0.0002,0.0001,0.0851,0.216,1.5732,1.6035,4.8501,0.8473,7.4161
132,0.0269,0.3059,0.3634,0.2193,0.1794,0.2373,0.6445,0.0002,0.0002,0.0685,0.2075,1.6028,1.6329,5.8704,0.6297,8.2509
133,0.0269,0.3003,0.3559,0.2249,0.1828,0.2333,0.6476,0.0002,0.0001,0.0689,0.2143,1.6049,1.6354,4.893,0.954,7.599
134,0.0274,0.3269,0.3513,0.2155,0.215,0.2313,0.6658,0.0002,0.0001,0.0576,0.1992,1.6154,1.6462,5.5348,0.6331,7.9419
135,0.0272,0.355,0.3289,0.2161,0.1655,0.2258,0.6108,0.0002,0.0001,0.0727,0.1995,1.5747,1.6053,6.9117,0.6306,9.2637
136,0.0279,0.1692,0.3284,0.2144,0.1684,0.2175,0.6035,0.0002,0.0002,0.0672,0.1997,1.3778,1.4102,8.5849,1.1465,11.2573
137,0.0311,0.2794,0.3333,0.2121,0.2252,0.2298,0.6704,0.0002,0.0001,0.0688,0.2116,1.5722,1.6063,7.9007,1.0494,10.6765
138,0.0271,0.312,0.3435,0.2198,0.1837,0.2296,0.6361,0.0002,0.0001,0.0682,0.2057,1.5733,1.6035,5.7051,0.6775,8.1016
139,0.0273,0.2987,0.3562,0.213,0.171,0.2317,0.6194,0.0002,0.0001,0.0809,0.2115,1.5774,1.6076,5.4914,0.7281,7.9464
140,0.0272,0.3116,0.378,0.2196,0.2,0.2368,0.6654,0.0003,0.0002,0.0882,0.2175,1.6751,1.7058,4.6857,0.6308,7.141
141,0.0272,0.2883,0.361,0.2125,0.1876,0.2285,0.6364,0.0003,0.0001,0.083,0.2101,1.5953,1.6261,4.705,0.631,7.081
142,0.0269,0.2928,0.3616,0.217,0.1925,0.2293,0.6473,0.0002,0.0002,0.0958,0.2121,1.6272,1.6577,4.6788,0.6352,7.1229
143,0.0272,0.2815,0.3561,0.2142,0.18,0.2244,0.6224,0.0002,0.0002,0.0727,0.2044,1.5491,1.5796,4.6958,0.6364,7.0288
144,0.028,0.2608,0.3203,0.2096,0.1724,0.22,0.6051,0.0001,0.0002,0.0674,0.2138,1.4768,1.5091,7.907,0.7698,10.3053
145,0.027,0.2925,0.3284,0.2161,0.2413,0.243,0.7083,0.0003,0.0002,0.0852,0.235,1.6603,1.6904,4.6674,0.6331,7.1087
146,0.0271,0.2821,0.3543,0.2189,0.184,0.2229,0.6352,0.0002,0.0002,0.0868,0.209,1.5818,1.6125,4.7059,0.6363,7.0705
147,0.0271,0.2823,0.3629,0.2124,0.2419,0.2262,0.6875,0.0002,0.0002,0.0836,0.2139,1.6473,1.6778,4.7059,0.6418,7.1423
148,0.0276,0.282,0.3665,0.2142,0.2358,0.2268,0.6858,0.0002,0.0002,0.0835,0.2046,1.6376,1.6686,4.6644,0.6245,7.0731
149,0.0268,0.2799,0.3538,0.2147,0.1846,0.2259,0.6332,0.0002,0.0002,0.0725,0.2213,1.5748,1.6049,4.6874,0.6377,7.0463
150,0.0271,0.2745,0.343,0.2139,0.1806,0.2284,0.6314,0.0003,0.0001,0.0887,0.2145,1.5682,1.5987,4.6916,0.6335,7.0429
151,0.0272,0.2926,0.3575,0.2106,0.1702,0.2216,0.6058,0.0002,0.0001,0.071,0.2117,1.5527,1.5832,4.7313,0.6306,7.0619
152,0.027,0.2666,0.3451,0.2036,0.1816,0.2137,0.6021,0.0002,0.0002,0.0776,0.2062,1.5075,1.5385,6.1587,0.6346,8.4481
153,0.0271,0.3002,0.3708,0.2141,0.2237,0.2286,0.6741,0.0003,0.0002,0.0761,0.216,1.6515,1.6818,5.72,0.6256,8.1459
154,0.0267,0.2943,0.3582,0.2172,0.1832,0.2271,0.6396,0.0003,0.0001,0.0844,0.2235,1.6159,1.646,4.7724,0.6329,7.1675
155,0.0273,0.3132,0.3665,0.2099,0.2336,0.227,0.6801,0.0002,0.0001,0.0757,0.2311,1.6846,1.7153,4.7085,0.6329,7.1771
156,0.0273,0.2914,0.3467,0.2131,0.178,0.2253,0.6207,0.0002,0.0001,0.0884,0.2148,1.573,1.6039,4.9366,0.6341,7.2926
157,0.0272,0.2903,0.3372,0.2119,0.1669,0.2207,0.6032,0.0002,0.0001,0.0738,0.2019,1.516,1.5465,4.6674,0.636,6.9663
158,0.0279,0.2733,0.3167,0.213,0.1714,0.2205,0.608,0.0002,0.0001,0.0666,0.2238,1.4979,1.5292,4.6697,0.6267,6.9452
159,0.0292,0.2802,0.3366,0.2131,0.2112,0.2291,0.6565,0.0002,0.0001,0.0752,0.201,1.5619,1.5942,4.6541,0.6329,6.9979
160,0.0289,0.1596,0.3696,0.2112,0.2507,0.2183,0.6852,0.0003,0.0002,0.0811,0.2145,1.5251,1.5585,6.0729,0.6315,8.389
161,0.0282,0.301,0.3807,0.2193,0.2558,0.2284,0.7121,0.0003,0.0002,0.0875,0.2157,1.7163,1.7483,7.0664,0.9233,9.861
162,0.0284,0.2849,0.3694,0.214,0.1896,0.2341,0.6481,0.0002,0.0002,0.0869,0.2238,1.6276,1.6598,4.8569,0.6246,7.263
163,0.027,0.2896,0.35,0.2179,0.1853,0.2306,0.6398,0.0002,0.0002,0.0764,0.2089,1.5801,1.6109,4.7079,0.6319,7.0671
164,0.0271,0.2947,0.3494,0.2186,0.2334,0.2342,0.695,0.0002,0.0002,0.0847,0.2163,1.6562,1.6868,4.7048,0.6296,7.1376
165,0.0271,0.2855,0.3469,0.2236,0.1794,0.2403,0.6507,0.0002,0.0002,0.0677,0.2131,1.5798,1.6105,4.6409,0.6294,6.9982
166,0.0271,0.2821,0.344,0.2113,0.1854,0.2228,0.6275,0.0002,0.0002,0.0842,0.2138,1.5677,1.5982,4.7249,0.6278,7.0694
167,0.027,0.2898,0.3549,0.2173,0.1854,0.2299,0.6424,0.0002,0.0002,0.0711,0.2043,1.5764,1.607,4.6803,0.6352,7.0422
168,0.0286,0.2522,0.3892,0.2117,0.1735,0.2151,0.6087,0.0002,0.0002,0.0865,0.2174,1.5742,1.6072,8.3614,0.6243,10.7182
169,0.0266,0.3061,0.3593,0.2204,0.1762,0.2379,0.6436,0.0002,0.0002,0.076,0.2074,1.6102,1.6405,4.8346,0.6297,7.2209
170,0.0272,0.2929,0.3626,0.2127,0.2311,0.2297,0.6819,0.0002,0.0001,0.0704,0.2161,1.6383,1.6691,4.6622,0.6327,7.0845
171,0.0275,0.2872,0.3649,0.22,0.1824,0.232,0.6434,0.0003,0.0002,0.0828,0.2133,1.6058,1.6369,4.6845,0.6367,7.0783
172,0.0273,0.2949,0.3576,0.2145,0.1703,0.2303,0.6192,0.0002,0.0002,0.0874,0.2214,1.5966,1.6276,4.6553,0.6263,7.0267
173,0.0273,0.2835,0.3608,0.2205,0.1894,0.233,0.6516,0.0002,0.0002,0.0819,0.2164,1.6091,1.6399,4.6633,0.6314,7.0525
174,0.0272,0.2771,0.3643,0.2231,0.1845,0.2266,0.6401,0.0002,0.0002,0.0872,0.2267,1.6105,1.6411,4.6845,0.6315,7.0741
175,0.0314,0.2863,0.3435,0.2129,0.2397,0.2272,0.6895,0.0003,0.0002,0.0842,0.2048,1.6209,1.6556,4.6841,0.633,7.0915
176,0.029,0.1627,0.3544,0.208,0.1888,0.216,0.6172,0.0002,0.0001,0.0834,0.217,1.4485,1.4822,6.2557,0.6271,8.4883
177,0.0283,0.3139,0.3686,0.2198,0.1924,0.229,0.652,0.0002,0.0001,0.0711,0.2017,1.6201,1.6519,5.2827,0.6256,7.6794
178,0.027,0.2903,0.3482,0.2171,0.2343,0.2287,0.7003,0.0002,0.0001,0.0711,0.2073,1.6323,1.6626,4.7078,0.6289,7.1191
179,0.0266,0.298,0.363,0.2169,0.198,0.2273,0.6515,0.0002,0.0001,0.0771,0.2145,1.6182,1.6483,4.6642,0.6309,7.0595
180,0.0272,0.2802,0.349,0.2155,0.2354,0.2264,0.684,0.0002,0.0002,0.0779,0.2022,1.6104,1.6409,4.715,0.6258,7.0997
181,0.027,0.3027,0.3462,0.2135,0.1693,0.2459,0.636,0.0003,0.0001,0.0727,0.2269,1.6004,1.6306,4.6399,0.6302,7.017
182,0.0276,0.2891,0.3622,0.2256,0.1906,0.2312,0.6542,0.0003,0.0002,0.0822,0.2155,1.6221,1.6533,4.6906,0.6341,7.0975
183,0.0269,0.2877,0.3529,0.213,0.1797,0.2287,0.6293,0.0003,0.0001,0.0786,0.2194,1.583,1.6133,4.6566,0.6362,7.023
184,0.032,0.2654,0.369,0.2107,0.1882,0.2221,0.6314,0.0002,0.0002,0.0961,0.2395,1.6225,1.6599,6.7246,0.632,9.144
185,0.0272,0.3015,0.3759,0.2161,0.2343,0.2271,0.688,0.0003,0.0002,0.083,0.2099,1.6714,1.7022,5.0402,0.6282,7.4908
186,0.0271,0.3058,0.361,0.2127,0.2268,0.2311,0.6796,0.0002,0.0002,0.0844,0.229,1.6738,1.7042,4.6493,0.6329,7.106
187,0.027,0.2993,0.3517,0.2152,0.166,0.2269,0.6117,0.0002,0.0001,0.0848,0.2024,1.5629,1.5933,4.6694,0.6274,7.0077
188,0.0272,0.2766,0.3298,0.2179,0.2083,0.229,0.6583,0.0002,0.0002,0.0753,0.214,1.5654,1.5962,4.6782,0.6362,7.0275
189,0.0278,0.2757,0.3368,0.2132,0.1715,0.2213,0.6092,0.0002,0.0001,0.0727,0.1999,1.5019,1.5328,4.6655,0.6262,6.9395
190,0.0281,0.273,0.3248,0.2146,0.1747,0.2244,0.6167,0.0001,0.0002,0.0772,0.2195,1.5181,1.5491,4.6644,0.6249,6.9539
191,0.0269,0.2816,0.3306,0.2194,0.1665,0.2298,0.619,0.0002,0.0002,0.075,0.1976,1.5132,1.5429,4.6766,0.632,6.9672
192,0.0282,0.2733,0.376,0.2237,0.1915,0.2316,0.6532,0.0002,0.0002,0.0755,0.2143,1.612,1.6451,7.9253,0.6248,10.315
193,0.0267,0.2917,0.345,0.2152,0.1961,0.2294,0.6503,0.0003,0.0002,0.0848,0.2157,1.5991,1.6293,4.6584,0.6308,7.0344
194,0.027,0.2928,0.3456,0.2186,0.2254,0.2337,0.6883,0.0002,0.0001,0.0718,0.2055,1.6167,1.6471,4.6889,0.6251,7.0786
195,0.0269,0.2862,0.3448,0.2171,0.1869,0.2305,0.6445,0.0003,0.0002,0.0844,0.2133,1.5878,1.6181,4.6223,0.6208,6.9807
196,0.0271,0.2942,0.365,0.2194,0.1872,0.2297,0.6461,0.0002,0.0001,0.0812,0.2072,1.609,1.6396,4.6643,0.6171,7.039
197,0.0269,0.2836,0.3445,0.2208,0.1988,0.2328,0.6617,0.0003,0.0002,0.0886,0.2169,1.611,1.6412,5.0408,0.618,7.4185
198,0.0271,0.2878,0.3652,0.2218,0.1925,0.2263,0.6512,0.0002,0.0002,0.0886,0.2213,1.6296,1.6602,4.6332,0.618,7.028
199,0.0273,0.2766,0.3279,0.2186,0.2214,0.2271,0.6703,0.0002,0.0001,0.0735,0.2074,1.5632,1.5936,4.6697,0.6275,7.0069
200,0.0272,0.2655,0.3406,0.209,0.1788,0.2153,0.6064,0.0002,0.0002,0.0658,0.201,1.4885,1.5198,7.5659,1.0361,10.2347
201,0.0269,0.2911,0.3554,0.2183,0.1658,0.2262,0.6134,0.0002,0.0001,0.0762,0.2202,1.5712,1.6016,4.6064,0.6244,6.9481
202,0.0268,0.2788,0.3306,0.2137,0.1731,0.2233,0.6134,0.0001,0.0002,0.0796,0.2167,1.5358,1.5667,4.6329,0.6287,6.9455
203,0.0272,0.2627,0.3586,0.2172,0.1931,0.2334,0.6538,0.0002,0.0002,0.0816,0.2144,1.5856,1.6163,4.6173,0.6298,6.981
204,0.0271,0.2804,0.3521,0.2197,0.1803,0.2367,0.6453,0.0002,0.0002,0.0875,0.2042,1.5858,1.6163,4.6766,0.6253,7.0369
205,0.027,0.2778,0.3493,0.2163,0.1854,0.2335,0.6444,0.0002,0.0002,0.086,0.2117,1.5841,1.6146,4.6399,0.6272,6.9979
206,0.0273,0.2825,0.3532,0.2253,0.2284,0.2234,0.6878,0.0004,0.0001,0.086,0.208,1.6348,1.6654,4.6523,0.6274,7.0643
207,0.0271,0.2925,0.3484,0.2204,0.1953,0.2393,0.6627,0.0002,0.0001,0.0855,0.2278,1.6332,1.6637,4.7475,0.6207,7.1512
208,0.0327,0.2588,0.3658,0.213,0.1985,0.219,0.6381,0.0002,0.0002,0.0751,0.2177,1.571,1.6085,5.5163,1.0909,8.3505
209,0.0279,0.3321,0.3594,0.2298,0.1954,0.233,0.6679,0.0002,0.0001,0.0729,0.2206,1.6687,1.7002,4.7358,0.6333,7.1937
210,0.0279,0.2919,0.3644,0.2262,0.2432,0.2389,0.7172,0.0003,0.0002,0.0882,0.2089,1.6844,1.7158,4.8824,1.0203,7.7403
211,0.0278,0.305,0.3543,0.2192,0.1922,0.2354,0.655,0.0002,0.0002,0.0682,0.2051,1.6026,1.6339,4.7516,0.6253,7.1377
212,0.0281,0.3144,0.3665,0.2173,0.1903,0.2467,0.6636,0.0002,0.0002,0.0935,0.2204,1.6746,1.7062,4.6377,0.624,7.092
213,0.0272,0.2913,0.3275,0.2251,0.1683,0.2238,0.6204,0.0002,0.0001,0.0665,0.1999,1.513,1.5432,4.6166,0.6231,6.9143
214,0.0276,0.2699,0.3281,0.221,0.2171,0.2331,0.6742,0.0002,0.0001,0.0767,0.204,1.5598,1.5902,4.6591,0.629,6.999
215,0.0279,0.2936,0.3489,0.2282,0.1911,0.2324,0.6622,0.0002,0.0002,0.0705,0.2121,1.6034,1.6355,4.6821,0.6282,7.0626
216,0.0326,0.1698,0.3574,0.2111,0.2207,0.2298,0.6693,0.0002,0.0002,0.0737,0.2066,1.4927,1.5305,6.6117,0.6302,8.9025
217,0.0273,0.3205,0.3464,0.2246,0.1919,0.2457,0.6709,0.0002,0.0002,0.0738,0.2319,1.6573,1.688,5.0435,0.6245,7.4734
218,0.0265,0.2979,0.3478,0.2424,0.2347,0.2347,0.7227,0.0002,0.0002,0.0725,0.2267,1.6804,1.7102,4.6795,0.629,7.1356
219,0.0268,0.2763,0.3555,0.2253,0.185,0.2412,0.6589,0.0002,0.0002,0.0863,0.2241,1.6177,1.6479,4.6762,0.6247,7.0667
220,0.0271,0.2724,0.3717,0.2211,0.182,0.2397,0.6522,0.0002,0.0001,0.0853,0.2148,1.6098,1.64,4.5893,0.6189,6.9651
221,0.0272,0.2718,0.3487,0.2208,0.2304,0.236,0.6937,0.0002,0.0002,0.0827,0.2076,1.6194,1.6498,4.604,0.6179,6.9934
222,0.0272,0.2868,0.3835,0.219,0.1842,0.2289,0.6388,0.0002,0.0002,0.0837,0.2054,1.613,1.6435,4.7396,0.6273,7.1334
223,0.0271,0.2862,0.357,0.2202,0.234,0.2395,0.7034,0.0002,0.0002,0.0874,0.2244,1.6737,1.7042,4.6867,0.6294,7.1397
224,0.0321,0.1742,0.3586,0.2077,0.2331,0.2177,0.6678,0.0002,0.0002,0.0721,0.2003,1.4884,1.5254,5.7826,1.0913,8.5312
225,0.029,0.3072,0.3896,0.2159,0.1873,0.2308,0.6436,0.0003,0.0002,0.0841,0.2261,1.6658,1.6983,5.2346,0.6248,7.6784
226,0.028,0.2914,0.3514,0.2347,0.1793,0.2285,0.6503,0.0003,0.0002,0.072,0.2232,1.6038,1.6353,4.663,0.6243,7.0439
227,0.0269,0.2774,0.3542,0.219,0.1908,0.2373,0.6553,0.0002,0.0002,0.0789,0.2239,1.6055,1.6358,4.7077,0.7105,7.1735
228,0.0271,0.2963,0.363,0.2221,0.2307,0.242,0.7052,0.0002,0.0002,0.0706,0.2245,1.6779,1.7084,4.6535,0.6219,7.1005
229,0.0269,0.2805,0.3332,0.2256,0.2342,0.2348,0.7034,0.0002,0.0001,0.0823,0.2069,1.6191,1.6496,4.656,0.6244,7.0471
230,0.0271,0.2795,0.3367,0.2181,0.1884,0.2413,0.6558,0.0003,0.0002,0.0865,0.2111,1.5808,1.6111,4.6835,0.6234,7.0364
231,0.0269,0.2943,0.3355,0.2173,0.1693,0.2264,0.6162,0.0001,0.0002,0.0741,0.2046,1.537,1.5673,4.648,0.6291,6.9618
232,0.0269,0.1714,0.3849,0.2045,0.2375,0.2194,0.6647,0.0002,0.0002,0.0695,0.207,1.5053,1.5363,7.3109,0.8683,9.83
233,0.0266,0.3049,0.3477,0.2103,0.1718,0.2339,0.6192,0.0002,0.0001,0.0729,0.2159,1.5694,1.599,4.6494,0.6244,6.9885
234,0.027,0.292,0.3163,0.2135,0.1611,0.2222,0.6,0.0002,0.0002,0.067,0.2118,1.4968,1.527,4.5996,0.6099,6.8518
235,0.0281,0.28,0.3163,0.2063,0.1664,0.2224,0.5981,0.0002,0.0002,0.0726,0.2192,1.4987,1.5304,4.8208,0.6226,7.0949
236,0.0269,0.2827,0.3504,0.2183,0.234,0.2276,0.6882,0.0003,0.0001,0.0958,0.2164,1.6526,1.6833,4.608,0.6244,7.0329
237,0.0272,0.2781,0.3352,0.2101,0.1686,0.2223,0.6043,0.0002,0.0001,0.0773,0.1996,1.5023,1.5327,4.6988,0.6308,6.9794
238,0.0274,0.3015,0.3515,0.2107,0.2227,0.2214,0.6587,0.0002,0.0002,0.078,0.2078,1.6105,1.6411,4.712,0.6286,7.0998
239,0.0281,0.2821,0.3382,0.2108,0.2127,0.2284,0.6549,0.0002,0.0002,0.0776,0.2096,1.5698,1.601,4.7519,0.6399,7.1102
240,0.0273,0.2793,0.3559,0.2046,0.2327,0.2164,0.6617,0.0002,0.0001,0.074,0.2066,1.5875,1.6191,6.2366,0.8906,8.8725
241,0.0279,0.3054,0.3623,0.2136,0.1822,0.2217,0.6208,0.0002,0.0001,0.0591,0.2146,1.5747,1.6061,4.7666,0.6213,7.1158
242,0.0276,0.2811,0.3331,0.2113,0.1719,0.2236,0.6101,0.0002,0.0002,0.0783,0.2191,1.5285,1.5589,4.8447,0.6162,7.1369
243,0.0275,0.2976,0.3589,0.2133,0.1781,0.2274,0.6236,0.0003,0.0001,0.0769,0.2114,1.5792,1.6097,4.8246,0.6502,7.2014
244,0.0276,0.3044,0.3634,0.2241,0.2079,0.2338,0.6799,0.0003,0.0002,0.0929,0.2323,1.6904,1.7214,4.933,0.6208,7.3926
245,0.0271,0.3034,0.348,0.222,0.2259,0.2237,0.6808,0.0002,0.0002,0.0853,0.2044,1.6395,1.6701,4.6212,0.631,7.0395
246,0.0273,0.2873,0.3629,0.2266,0.2362,0.2255,0.695,0.0002,0.0002,0.0804,0.2271,1.6705,1.7013,4.6296,0.6209,7.0685
247,0.027,0.2859,0.3409,0.2242,0.2322,0.2241,0.6882,0.0002,0.0002,0.0702,0.2007,1.599,1.6294,4.6356,0.6215,7.004
248,0.0271,0.2582,0.3754,0.2243,0.1948,0.216,0.6416,0.0003,0.0001,0.0848,0.2292,1.6047,1.6366,8.0415,0.6091,10.406
249,0.0269,0.3037,0.3591,0.2165,0.191,0.2233,0.6522,0.0002,0.0001,0.0703,0.2221,1.6304,1.6609,4.659,0.6194,7.0557
250,0.027,0.2782,0.3324,0.2173,0.18,0.2317,0.6377,0.0003,0.0002,0.0764,0.2148,1.5541,1.5845,4.6007,0.6062,6.9078
251,0.027,0.2965,0.3472,0.2168,0.2036,0.2296,0.6578,0.0001,0.0001,0.0747,0.2216,1.6149,1.6453,4.6192,0.6208,7.0025
252,0.027,0.295,0.3498,0.2154,0.1816,0.2344,0.6388,0.0003,0.0001,0.0778,0.2198,1.5985,1.6293,4.6194,0.6202,6.9871
253,0.027,0.2863,0.3578,0.2236,0.1816,0.2243,0.6336,0.0002,0.0002,0.0671,0.2156,1.5717,1.6021,4.6359,0.6235,6.9781
254,0.0271,0.2881,0.3369,0.2161,0.2254,0.2263,0.672,0.0002,0.0001,0.072,0.2139,1.5947,1.6248,4.5989,0.6206,6.9607
255,0.0272,0.3001,0.3296,0.2114,0.1746,0.2277,0.6174,0.0002,0.0002,0.0751,0.2117,1.5435,1.5737,4.5621,0.6168,6.8692
256,0.0272,0.2579,0.361,0.2045,0.1825,0.2104,0.6024,0.0002,0.0002,0.078,0.2156,1.5311,1.5633,7.5042,0.6168,9.8037
257,0.0269,0.3126,0.3667,0.2168,0.1824,0.2312,0.6401,0.0002,0.0002,0.0712,0.211,1.6152,1.6458,4.6255,0.6146,7.0023
258,0.0271,0.28,0.3452,0.2141,0.1792,0.2271,0.6248,0.0002,0.0001,0.0762,0.2157,1.5552,1.5856,4.5774,0.6123,6.8967
259,0.0269,0.2884,0.3302,0.2118,0.1673,0.2318,0.6142,0.0001,0.0001,0.088,0.2048,1.5334,1.5634,4.5566,0.6128,6.8482
260,0.0269,0.2831,0.318,0.2148,0.167,0.225,0.6099,0.0001,0.0001,0.0742,0.2101,1.5023,1.5319,4.5928,0.6141,6.8553
261,0.0275,0.2872,0.3105,0.21,0.1613,0.2287,0.6032,0.0002,0.0001,0.0642,0.2141,1.4861,1.5164,4.5967,0.6152,6.8447
262,0.0281,0.2872,0.3231,0.214,0.1674,0.2248,0.6094,0.0001,0.0002,0.0715,0.2036,1.5075,1.5385,4.604,0.6169,6.8749
263,0.0282,0.3053,0.3159,0.2154,0.1611,0.2272,0.6066,0.0002,0.0001,0.0703,0.2109,1.5187,1.5501,4.6124,0.6215,6.9009
264,0.027,0.2463,0.3413,0.2034,0.1798,0.2185,0.6062,0.0002,0.0001,0.0736,0.2058,1.4807,1.5119,6.2035,0.6211,8.4522
265,0.0271,0.2879,0.354,0.219,0.1683,0.2354,0.6259,0.0001,0.0001,0.0726,0.1955,1.543,1.5732,4.6526,0.6178,6.9603
266,0.0274,0.3015,0.312,0.2192,0.1801,0.2328,0.638,0.0001,0.0002,0.0691,0.2167,1.5448,1.5753,5.4651,0.6139,7.7731
267,0.0278,0.2851,0.3078,0.2193,0.1657,0.2273,0.6154,0.0001,0.0001,0.0637,0.2103,1.4893,1.52,4.5598,0.6111,6.8063
268,0.0283,0.2779,0.3079,0.2186,0.2174,0.233,0.672,0.0001,0.0002,0.0778,0.2077,1.5514,1.5826,4.5945,0.6218,6.9168
269,0.0267,0.2845,0.3274,0.2246,0.1686,0.2323,0.6285,0.0002,0.0001,0.0735,0.1995,1.5205,1.55,4.6117,0.6165,6.8953
270,0.0271,0.2773,0.3257,0.2204,0.1691,0.233,0.6258,0.0002,0.0001,0.076,0.2152,1.5274,1.5571,4.6426,0.6134,6.9287
271,0.0279,0.277,0.3213,0.2143,0.1663,0.2319,0.6156,0.0001,0.0001,0.0752,0.2175,1.5149,1.5457,4.5748,0.6154,6.8521
272,0.027,0.2645,0.3448,0.2108,0.187,0.226,0.6351,0.0002,0.0002,0.0719,0.2047,1.5372,1.5684,5.8711,0.6166,8.1784
273,0.0281,0.2965,0.3689,0.2218,0.2408,0.2439,0.7164,0.0002,0.0002,0.0842,0.2081,1.6876,1.7194,4.6804,0.6198,7.1465
274,0.0276,0.3091,0.3567,0.2271,0.1945,0.2325,0.6611,0.0003,0.0001,0.0716,0.2255,1.6387,1.6697,4.7328,0.6178,7.1467
275,0.0275,0.2941,0.3725,0.2311,0.1893,0.2339,0.6648,0.0003,0.0002,0.085,0.229,1.6597,1.6908,5.2214,0.6198,7.6523
276,0.0269,0.2859,0.3506,0.2212,0.1896,0.2324,0.6492,0.0002,0.0001,0.084,0.2069,1.5945,1.6246,4.6011,0.6161,6.9598
277,0.027,0.2796,0.3595,0.2142,0.2442,0.23,0.6972,0.0002,0.0002,0.0785,0.2248,1.6535,1.6841,4.5935,0.616,7.0126
278,0.0268,0.2877,0.3427,0.2153,0.1915,0.2352,0.6513,0.0003,0.0002,0.0826,0.2067,1.5841,1.6145,4.59,0.6149,6.9362
279,0.0272,0.2835,0.3547,0.2257,0.1967,0.2331,0.6679,0.0003,0.0001,0.0861,0.2136,1.6208,1.6514,4.5987,0.6176,6.9843
280,0.027,0.1798,0.3785,0.2175,0.1903,0.232,0.6503,0.0003,0.0002,0.0757,0.2197,1.5196,1.5511,6.9241,0.612,9.2069
281,0.0278,0.2995,0.3594,0.2248,0.1827,0.2383,0.6531,0.0003,0.0002,0.0843,0.2192,1.6303,1.6616,5.4982,0.6201,7.9013
282,0.0271,0.3011,0.3726,0.2302,0.192,0.2373,0.6686,0.0002,0.0001,0.0717,0.2052,1.6357,1.666,4.5455,0.6048,6.9337
283,0.0271,0.2844,0.3456,0.2317,0.1868,0.2348,0.6623,0.0003,0.0002,0.0907,0.2053,1.6014,1.6318,4.7997,0.6124,7.166
284,0.0271,0.296,0.3582,0.2215,0.1862,0.2406,0.6563,0.0003,0.0002,0.0836,0.2145,1.6243,1.6549,4.5681,0.6152,6.9959
285,0.0267,0.286,0.3666,0.2352,0.1882,0.2371,0.6656,0.0002,0.0002,0.0856,0.2124,1.6333,1.6634,4.5584,0.598,6.9383
286,0.027,0.2798,0.3578,0.2221,0.1874,0.2294,0.6461,0.0002,0.0002,0.0851,0.2026,1.5869,1.6173,4.5329,0.597,6.864
287,0.0265,0.2849,0.3598,0.2194,0.1917,0.23,0.6509,0.0002,0.0002,0.0864,0.2125,1.6084,1.6384,4.8855,0.6006,7.2422
288,0.0327,0.2576,0.356,0.2194,0.1869,0.221,0.6368,0.0002,0.0002,0.0803,0.2176,1.5652,1.6028,5.741,0.6058,8.0886
289,0.028,0.2924,0.3575,0.2219,0.198,0.2462,0.6769,0.0002,0.0002,0.0846,0.2252,1.6505,1.6819,4.6877,0.616,7.112
290,0.0276,0.3044,0.3675,0.2205,0.1908,0.2353,0.6544,0.0002,0.0002,0.0822,0.2053,1.628,1.6594,6.7268,0.6066,9.1207
291,0.027,0.2878,0.3494,0.2105,0.2309,0.2324,0.6828,0.0003,0.0002,0.0719,0.2223,1.6288,1.6591,4.5988,0.6121,6.9873
292,0.0269,0.2747,0.3454,0.2218,0.1859,0.228,0.6415,0.0001,0.0002,0.0831,0.2064,1.5676,1.5979,4.5976,0.6119,6.9251
293,0.0273,0.2969,0.3475,0.2142,0.1791,0.2346,0.6362,0.0002,0.0002,0.077,0.2111,1.5839,1.6145,4.6004,0.617,6.9489
294,0.0276,0.2788,0.3472,0.2204,0.2216,0.2335,0.6832,0.0002,0.0001,0.0843,0.2114,1.6205,1.6516,4.5912,0.6111,6.9719
295,0.027,0.2952,0.3483,0.2249,0.1934,0.2316,0.6611,0.0002,0.0001,0.0805,0.2162,1.6149,1.6452,4.5751,0.6018,6.9386
296,0.027,0.2543,0.3282,0.202,0.1798,0.2249,0.6099,0.0002,0.0002,0.0768,0.2064,1.4837,1.5148,6.9256,0.6006,9.1583
297,0.0269,0.3003,0.3521,0.2185,0.1706,0.2331,0.6274,0.0002,0.0002,0.072,0.2194,1.5806,1.611,5.3231,0.5945,7.6457
298,0.0269,0.2807,0.3167,0.2101,0.1678,0.2265,0.6076,0.0003,0.0001,0.0744,0.2096,1.4961,1.526,4.5627,0.6116,6.8169
299,0.0271,0.2835,0.3429,0.2117,0.1752,0.2283,0.6183,0.0001,0.0002,0.0601,0.2207,1.5357,1.5657,4.5579,0.6103,6.8505
300,0.0271,0.3735,0.3438,0.2151,0.1672,0.2255,0.6109,0.0002,0.0002,0.0742,0.2039,1.613,1.6429,4.6182,0.6128,6.991
301,0.0263,0.2881,0.3128,0.2145,0.1701,0.2243,0.612,0.0002,0.0001,0.0667,0.217,1.5056,1.5351,4.6187,0.6101,6.8809
302,0.0284,0.2736,0.3119,0.216,0.1693,0.2195,0.608,0.0002,0.0001,0.0756,0.1966,1.4724,1.5037,4.6028,0.6091,6.8341
303,0.0271,0.2801,0.3218,0.2145,0.2193,0.2272,0.6641,0.0001,0.0002,0.0797,0.2029,1.5569,1.5871,4.575,0.6075,6.8864
304,0.0271,0.1572,0.3617,0.2079,0.1898,0.2235,0.6247,0.0002,0.0001,0.0797,0.2101,1.4429,1.474,5.6979,0.6033,7.8898
305,0.0264,0.2949,0.3401,0.2161,0.2035,0.2266,0.6512,0.0002,0.0002,0.0766,0.2158,1.5896,1.6191,4.6486,0.6094,6.9954
306,0.0271,0.3132,0.3411,0.2217,0.1709,0.2259,0.6218,0.0002,0.0002,0.0675,0.202,1.5537,1.5837,6.7113,0.8678,9.2789
307,0.0272,0.2805,0.34,0.2064,0.1703,0.2253,0.6051,0.0002,0.0001,0.0786,0.2094,1.521,1.5511,5.1619,0.8558,7.6844
308,0.0278,0.274,0.3372,0.219,0.1815,0.2253,0.6324,0.0002,0.0001,0.0851,0.2086,1.5453,1.5761,5.123,0.6039,7.4189
309,0.0271,0.2859,0.3271,0.2115,0.1927,0.2252,0.6393,0.0002,0.0002,0.0773,0.2261,1.5699,1.6003,6.5091,0.891,9.1176
310,0.0271,0.2956,0.3668,0.2134,0.1895,0.2245,0.6367,0.0003,0.0001,0.0847,0.1997,1.5982,1.6286,4.5411,0.6052,6.8922
311,0.0276,0.2863,0.3475,0.2122,0.1783,0.2497,0.6518,0.0002,0.0002,0.0875,0.2368,1.628,1.6589,6.4318,0.6078,8.8174
312,0.0321,0.1817,0.3747,0.2055,0.1873,0.2161,0.6156,0.0003,0.0002,0.0722,0.2211,1.4834,1.5209,6.7562,0.6039,9.0157
313,0.0279,0.2863,0.378,0.2244,0.1953,0.2277,0.658,0.0003,0.0002,0.0801,0.2193,1.6359,1.6674,5.3542,1.0146,8.1609
314,0.028,0.306,0.3759,0.2143,0.192,0.2241,0.6384,0.0003,0.0001,0.074,0.2154,1.6248,1.6562,4.8557,0.6136,7.2496
315,0.028,0.3199,0.3651,0.2154,0.1889,0.2226,0.6354,0.0003,0.0001,0.0825,0.2062,1.6242,1.6558,5.9424,0.9994,8.7195
316,0.027,0.355,0.3504,0.2085,0.1938,0.2229,0.6318,0.0002,0.0001,0.0903,0.2155,1.6613,1.6918,7.7291,0.6063,10.1445
317,0.027,0.3597,0.3508,0.2116,0.219,0.2237,0.6587,0.0002,0.0001,0.0732,0.1947,1.6513,1.6819,6.287,0.6036,8.6885
318,0.0279,0.3579,0.3211,0.2089,0.1743,0.2236,0.6101,0.0002,0.0002,0.0766,0.2092,1.586,1.6172,4.5354,0.6064,6.8754
319,0.028,0.2836,0.322,0.2128,0.1911,0.2274,0.6377,0.0002,0.0001,0.0782,0.2183,1.5471,1.5782,5.7472,0.6015,8.0449
320,0.0278,0.2663,0.3534,0.2064,0.2424,0.2279,0.7002,0.0002,0.0001,0.0847,0.2346,1.655,1.6878,8.3067,0.9688,11.0897
321,0.0297,0.3098,0.3778,0.2101,0.2349,0.2352,0.693,0.0003,0.0001,0.0849,0.2063,1.69,1.7236,6.7512,0.8292,9.4338
322,0.0268,0.3022,0.3675,0.2162,0.181,0.2214,0.6266,0.0003,0.0001,0.074,0.2257,1.6095,1.6395,4.5578,0.6066,6.9211
323,0.0274,0.2811,0.3576,0.2184,0.1868,0.2209,0.6342,0.0002,0.0002,0.0847,0.2037,1.5816,1.6124,4.5549,1.0177,7.3018
324,0.0266,0.2928,0.367,0.2137,0.1905,0.2251,0.637,0.0002,0.0002,0.0659,0.205,1.5842,1.6145,5.2719,0.5935,7.6007
325,0.0271,0.2827,0.3467,0.2248,0.1679,0.2203,0.6165,0.0003,0.0002,0.068,0.2107,1.5361,1.5667,4.5018,0.5977,6.7829
326,0.0284,0.2819,0.3436,0.2161,0.1824,0.2227,0.6294,0.0003,0.0001,0.0824,0.2242,1.5749,1.6067,8.1831,1.0243,10.9341
327,0.0278,0.3565,0.3702,0.2146,0.1771,0.2222,0.6168,0.0002,0.0002,0.0919,0.2238,1.6723,1.7038,6.4154,0.7714,9.0149
328,0.0289,0.1774,0.3859,0.2117,0.1998,0.2164,0.6371,0.0003,0.0001,0.0677,0.2184,1.5084,1.5425,6.893,0.5997,9.1599
329,0.0268,0.3036,0.3449,0.2182,0.1736,0.2187,0.6138,0.0001,0.0001,0.0683,0.2068,1.5455,1.5755,4.5337,0.5997,6.8248
330,0.0279,0.2785,0.3161,0.2072,0.1738,0.2193,0.6034,0.0001,0.0002,0.0763,0.2116,1.4976,1.5287,4.5447,0.5999,6.7912
331,0.0274,0.2888,0.3323,0.2163,0.1768,0.2157,0.6148,0.0002,0.0001,0.0665,0.195,1.5072,1.5378,4.8337,0.5946,7.0835
332,0.0287,0.2852,0.322,0.2061,0.1734,0.2189,0.6015,0.0002,0.0002,0.076,0.214,1.5059,1.5376,4.5053,0.5926,6.7512
333,0.0279,0.2869,0.3263,0.2106,0.1643,0.232,0.6114,0.0002,0.0002,0.067,0.2102,1.5093,1.5401,4.5471,0.5957,6.8002
334,0.0267,0.2831,0.3356,0.2161,0.1628,0.2203,0.6021,0.0001,0.0001,0.0749,0.2215,1.5246,1.5542,4.5028,0.5946,6.7717
335,0.0271,0.2754,0.3564,0.2149,0.24,0.2188,0.6784,0.0002,0.0001,0.0788,0.2083,1.6087,1.6389,5.6811,0.5957,8.0324
336,0.0268,0.1578,0.3396,0.2025,0.1774,0.2104,0.5935,0.0001,0.0001,0.0774,0.2055,1.3846,1.4158,7.8009,0.6028,9.9351
337,0.0268,0.2822,0.3376,0.2099,0.1671,0.2198,0.6,0.0002,0.0001,0.0754,0.205,1.5085,1.5384,4.507,0.5943,6.7564
338,0.0272,0.2788,0.3115,0.2071,0.1739,0.2239,0.6082,0.0002,0.0001,0.0653,0.2129,1.484,1.5139,5.6705,0.5872,7.8892
339,0.027,0.3007,0.3676,0.2163,0.1833,0.2244,0.6342,0.0002,0.0001,0.0697,0.2121,1.6021,1.6324,4.5241,0.5935,6.8675
340,0.0271,0.2795,0.3464,0.2123,0.1931,0.2231,0.6376,0.0002,0.0001,0.0848,0.2133,1.5774,1.6081,4.7692,0.5927,7.0868
341,0.027,0.2847,0.3505,0.2142,0.1904,0.2221,0.6344,0.0002,0.0002,0.0811,0.2143,1.5814,1.612,4.4993,0.5806,6.8095
342,0.0307,0.2816,0.3314,0.2202,0.1719,0.2274,0.6228,0.0002,0.0001,0.0772,0.202,1.5245,1.5586,4.4457,0.8436,6.9649
343,0.0272,0.3052,0.3315,0.2185,0.1721,0.2228,0.6164,0.0001,0.0001,0.066,0.2119,1.5397,1.5698,7.5907,0.907,10.1855
344,0.0279,0.2705,0.381,0.2057,0.1832,0.2114,0.6054,0.0001,0.0001,0.0747,0.2221,1.5681,1.6004,7.0137,0.7608,9.4943
345,0.028,0.2924,0.3526,0.2127,0.1692,0.2265,0.6116,0.0001,0.0001,0.079,0.2138,1.5588,1.5902,5.415,0.5971,7.7245
346,0.0272,0.3202,0.357,0.2108,0.2503,0.2264,0.6922,0.0001,0.0001,0.069,0.2033,1.6507,1.6806,5.372,0.5939,7.7632
347,0.0271,0.2951,0.3367,0.2121,0.1692,0.2317,0.616,0.0001,0.0001,0.0775,0.2141,1.5482,1.5784,5.144,0.5906,7.4311
348,0.0272,0.3061,0.3352,0.2183,0.1727,0.22,0.6159,0.0001,0.0001,0.0694,0.2154,1.5495,1.5797,4.4983,0.5919,6.7872
349,0.0276,0.276,0.3232,0.2117,0.2177,0.2221,0.6546,0.0002,0.0001,0.0742,0.1964,1.5314,1.5617,5.1526,0.7123,7.5528
350,0.0284,0.281,0.3485,0.2175,0.1966,0.2252,0.6475,0.0003,0.0002,0.0858,0.219,1.5978,1.6301,5.6768,0.5851,8.0143
351,0.0271,0.2841,0.3863,0.2112,0.1844,0.2236,0.6282,0.0002,0.0002,0.0787,0.2028,1.5962,1.6267,5.1131,0.5887,7.4457
352,0.0271,0.1813,0.3623,0.2048,0.1904,0.2247,0.6284,0.0003,0.0002,0.0723,0.226,1.4863,1.5176,5.6281,0.5864,7.8559
353,0.0275,0.3102,0.3821,0.2182,0.1917,0.2404,0.6571,0.0002,0.0002,0.0809,0.2492,1.6988,1.7302,6.9337,0.5876,9.3733
354,0.0267,0.2914,0.3707,0.2136,0.1933,0.2232,0.6355,0.0002,0.0002,0.0793,0.2054,1.5999,1.6301,5.0955,0.5889,7.4334
355,0.0303,0.3002,0.3614,0.2172,0.1821,0.2281,0.6355,0.0002,0.0002,0.0801,0.1971,1.6045,1.6381,4.5095,0.5901,6.855
356,0.0266,0.2916,0.3668,0.2251,0.1754,0.2333,0.6386,0.0002,0.0002,0.0795,0.2005,1.5912,1.6211,4.6208,0.755,7.1248
357,0.0298,0.3203,0.3828,0.2264,0.1937,0.2287,0.6523,0.0002,0.0001,0.0684,0.216,1.6556,1.6893,4.473,0.5888,6.8736
358,0.0272,0.286,0.3299,0.2179,0.1655,0.2293,0.6158,0.0001,0.0002,0.0719,0.2052,1.5156,1.5458,4.4392,0.589,6.6915
359,0.0271,0.2965,0.3386,0.2156,0.1678,0.2268,0.6133,0.0002,0.0001,0.0665,0.2113,1.5329,1.5628,4.4616,0.5779,6.7188
360,0.0271,0.2509,0.3402,0.2107,0.1697,0.2178,0.6015,0.0001,0.0001,0.0784,0.2087,1.487,1.5179,6.3347,0.7625,8.7288
361,0.027,0.3118,0.3318,0.2268,0.1717,0.2357,0.6373,0.0001,0.0001,0.069,0.1984,1.5566,1.5865,4.4561,0.5838,6.7435
362,0.0284,0.2737,0.3175,0.2164,0.1815,0.229,0.6302,0.0002,0.0001,0.0648,0.2273,1.5249,1.5568,4.4759,0.5832,6.7377
363,0.0312,0.2826,0.3353,0.2159,0.1695,0.2296,0.6183,0.0002,0.0002,0.0775,0.2024,1.524,1.5584,4.4912,0.5876,6.7555
364,0.027,0.2855,0.3217,0.2199,0.1674,0.2315,0.6219,0.0002,0.0001,0.0697,0.2078,1.5137,1.5436,4.5667,0.5904,6.8205
365,0.0274,0.2871,0.3312,0.2231,0.1693,0.2319,0.6276,0.0002,0.0001,0.0723,0.2285,1.5597,1.5907,4.5138,0.5871,6.8149
366,0.0275,0.2739,0.3483,0.225,0.1937,0.2382,0.6685,0.0003,0.0002,0.0848,0.2085,1.6004,1.6313,4.5148,0.5806,6.8482
367,0.0277,0.288,0.3329,0.2181,0.1689,0.2298,0.6199,0.0002,0.0002,0.0761,0.2122,1.5362,1.567,4.5181,0.5774,6.7811
368,0.0272,0.2454,0.325,0.215,0.1866,0.2379,0.6429,0.0002,0.0002,0.0826,0.2099,1.5181,1.55,5.8113,0.6498,8.1355
369,0.0283,0.2919,0.3617,0.238,0.2053,0.2386,0.6906,0.0002,0.0002,0.0834,0.2069,1.6505,1.6826,4.6436,0.5864,7.0361
370,0.027,0.3188,0.3902,0.2221,0.194,0.2416,0.6656,0.0002,0.0001,0.0745,0.2296,1.6965,1.7271,4.5637,0.5794,6.9874
371,0.0271,0.3039,0.3771,0.2283,0.2007,0.2397,0.6777,0.0003,0.0001,0.0864,0.2276,1.6887,1.719,4.8868,0.5829,7.3075
372,0.0271,0.2953,0.3655,0.2197,0.182,0.242,0.6528,0.0002,0.0001,0.0633,0.2026,1.5933,1.6236,4.4292,0.5758,6.7452
373,0.0268,0.2893,0.3547,0.2378,0.1808,0.2375,0.6652,0.0002,0.0002,0.0828,0.2103,1.6124,1.6425,4.4108,0.5805,6.7549
374,0.027,0.3013,0.3338,0.233,0.1787,0.2424,0.6585,0.0002,0.0002,0.0647,0.1975,1.5675,1.5983,4.4382,0.5806,6.7344
375,0.0269,0.279,0.3386,0.2267,0.2233,0.2318,0.6862,0.0002,0.0001,0.0774,0.2064,1.5965,1.6266,4.3662,0.5644,6.674
376,0.0281,0.3166,0.3438,0.2137,0.2301,0.2228,0.6714,0.0002,0.0002,0.0612,0.2063,1.61,1.6425,6.1129,0.5763,8.4545
377,0.0284,0.2815,0.3863,0.2196,0.1845,0.2366,0.6472,0.0002,0.0002,0.0856,0.2066,1.6235,1.6554,4.5051,0.58,6.8633
378,0.0277,0.2911,0.3441,0.2204,0.1832,0.2336,0.6454,0.0002,0.0002,0.0712,0.2117,1.5763,1.6076,4.4264,0.5806,6.7379
379,0.0279,0.2842,0.3596,0.2273,0.1979,0.2341,0.6677,0.0001,0.0001,0.0832,0.2114,1.6182,1.6492,5.0422,0.5816,7.398
380,0.027,0.2826,0.3454,0.2204,0.1691,0.2352,0.6279,0.0002,0.0002,0.0775,0.1981,1.539,1.5691,4.4383,0.5791,6.7034
381,0.0269,0.2789,0.3474,0.2218,0.1677,0.2284,0.6213,0.0002,0.0001,0.0731,0.2095,1.541,1.5709,4.3753,0.5786,6.6447
382,0.0277,0.2751,0.3204,0.2275,0.1631,0.2304,0.6241,0.0002,0.0001,0.0733,0.2055,1.5053,1.5358,4.5867,0.574,6.8171
383,0.0274,0.2832,0.3645,0.2167,0.1854,0.2323,0.6374,0.0001,0.0002,0.0781,0.2173,1.5921,1.6231,4.3624,0.5724,6.6752
384,0.0279,0.2624,0.346,0.2107,0.202,0.2135,0.6338,0.0003,0.0001,0.064,0.2097,1.532,1.5647,7.052,0.8732,9.6139
385,0.027,0.2928,0.3575,0.2208,0.2485,0.2333,0.7121,0.0003,0.0002,0.0894,0.2133,1.6817,1.7121,4.4113,0.5639,6.8034
386,0.0272,0.2939,0.3441,0.2178,0.1716,0.2253,0.618,0.0001,0.0001,0.0675,0.2013,1.5368,1.5671,4.3538,0.5613,6.599
387,0.0277,0.2729,0.3167,0.2172,0.1626,0.2377,0.6207,0.0002,0.0002,0.064,0.204,1.4859,1.5166,4.378,0.5623,6.5734
388,0.0313,0.2917,0.3117,0.2299,0.2098,0.2361,0.6789,0.0001,0.0002,0.0711,0.2329,1.5929,1.6271,4.3536,0.5607,6.6576
389,0.027,0.2772,0.3023,0.2241,0.1667,0.2261,0.6201,0.0001,0.0001,0.0858,0.215,1.5087,1.5386,4.4258,0.573,6.6552
390,0.027,0.2939,0.359,0.2183,0.1931,0.2285,0.6514,0.0002,0.0002,0.0707,0.2003,1.5917,1.6221,4.4501,0.5733,6.7656
391,0.027,0.2847,0.3451,0.2148,0.1797,0.229,0.6268,0.0002,0.0002,0.0869,0.2161,1.5848,1.6154,4.3729,0.5659,6.6704
392,0.028,0.1733,0.3667,0.212,0.1845,0.2235,0.6292,0.0002,0.0002,0.0652,0.2159,1.4659,1.4986,5.5107,0.5769,7.707
393,0.027,0.3106,0.3602,0.2123,0.1813,0.2321,0.6302,0.0002,0.0002,0.082,0.2168,1.6096,1.6399,5.0251,0.569,7.3505
394,0.0276,0.2912,0.3421,0.2166,0.2189,0.2296,0.6681,0.0001,0.0001,0.0587,0.2056,1.5736,1.6043,4.4308,0.5686,6.7201
395,0.0271,0.2828,0.3254,0.2209,0.1752,0.2356,0.6351,0.0001,0.0001,0.0707,0.2009,1.523,1.5529,4.4525,0.5676,6.6892
396,0.0273,0.2797,0.3385,0.2247,0.1683,0.2328,0.6291,0.0002,0.0002,0.0761,0.197,1.5304,1.5607,4.4591,0.5662,6.7029
397,0.0269,0.2857,0.3305,0.2263,0.1667,0.2303,0.6265,0.0002,0.0001,0.0788,0.2055,1.5338,1.5635,4.3837,0.567,6.6301
398,0.0267,0.2821,0.3218,0.2197,0.2034,0.2375,0.6638,0.0001,0.0001,0.0771,0.2052,1.5576,1.5873,4.3634,0.5634,6.6297
399,0.0267,0.2725,0.3189,0.2181,0.1689,0.2285,0.6185,0.0002,0.0001,0.0778,0.215,1.5115,1.5413,4.3466,0.5641,6.568
400,0.0272,0.1597,0.3554,0.2131,0.2249,0.2167,0.6579,0.0002,0.0002,0.0762,0.1986,1.4561,1.4871,4.9987,0.5684,7.1701
401,0.026,0.29,0.3461,0.2272,0.1835,0.233,0.6497,0.0002,0.0002,0.0848,0.2133,1.596,1.6253,4.632,0.5637,6.9385
402,0.0272,0.2822,0.3321,0.2305,0.1726,0.236,0.6432,0.0002,0.0002,0.0782,0.2136,1.5655,1.5964,4.924,0.5609,7.2005
403,0.0278,0.3052,0.3383,0.2231,0.2246,0.2315,0.6867,0.0003,0.0002,0.0697,0.2076,1.6195,1.6507,4.3456,0.5579,6.6743
404,0.0268,0.2727,0.3469,0.2098,0.1932,0.2387,0.6503,0.0002,0.0001,0.0685,0.1983,1.5496,1.5796,4.399,0.5589,6.6545
405,0.027,0.2922,0.3532,0.2197,0.1864,0.2325,0.6469,0.0002,0.0002,0.0869,0.1999,1.5942,1.6246,4.3149,0.5553,6.6111
406,0.0266,0.2818,0.3657,0.2223,0.2296,0.2352,0.6928,0.0002,0.0002,0.0697,0.218,1.6459,1.6757,4.5922,0.7751,7.1617
407,0.027,0.3131,0.3829,0.2322,0.2073,0.2425,0.6947,0.0002,0.0001,0.0877,0.2343,1.7348,1.7655,5.893,0.7877,8.569
408,0.0327,0.2826,0.3606,0.2312,0.2477,0.2449,0.7349,0.0002,0.0002,0.078,0.2159,1.6899,1.7278,6.7688,0.5569,9.1852
409,0.027,0.3015,0.3602,0.2245,0.2331,0.232,0.7,0.0002,0.0001,0.0822,0.2005,1.6608,1.6956,4.433,0.56,6.8094
410,0.027,0.2966,0.3552,0.2221,0.1844,0.2343,0.6504,0.0002,0.0001,0.0758,0.2219,1.6163,1.6469,4.2556,0.5552,6.5753
411,0.0272,0.2778,0.3551,0.2254,0.188,0.2325,0.655,0.0002,0.0002,0.0836,0.2106,1.5967,1.6271,4.3092,0.5591,6.6172
412,0.0273,0.303,0.3631,0.2231,0.2333,0.2386,0.7041,0.0002,0.0002,0.0705,0.2158,1.6729,1.7037,4.3033,0.5556,6.6819
413,0.0273,0.2903,0.3631,0.222,0.2261,0.2343,0.6903,0.0003,0.0002,0.086,0.2153,1.6607,1.6915,4.317,0.5542,6.6799
414,0.027,0.2783,0.3381,0.241,0.1821,0.2359,0.6681,0.0002,0.0001,0.0847,0.2236,1.6059,1.6362,4.2995,0.5495,6.6023
415,0.0271,0.2828,0.3634,0.23,0.1792,0.2384,0.6568,0.0003,0.0001,0.0862,0.2017,1.6078,1.6381,4.3023,0.5481,6.6064
416,0.0267,0.2721,0.3614,0.2176,0.2173,0.2231,0.6681,0.0003,0.0001,0.0756,0.2045,1.5972,1.6284,5.6334,0.5512,7.9336
417,0.0285,0.289,0.3711,0.2248,0.2407,0.2324,0.7064,0.0002,0.0001,0.0817,0.2172,1.6842,1.7163,4.5431,0.7836,7.171
418,0.0272,0.3141,0.377,0.2322,0.2404,0.2439,0.7254,0.0003,0.0002,0.0747,0.2239,1.7316,1.7623,4.4029,0.5537,6.8465
419,0.0279,0.2863,0.3522,0.2279,0.2361,0.2354,0.7071,0.0003,0.0001,0.072,0.2002,1.631,1.6622,4.5162,0.5501,6.8499
420,0.027,0.2783,0.3544,0.2295,0.1887,0.2391,0.6645,0.0002,0.0001,0.0845,0.2109,1.6077,1.638,4.2802,0.5493,6.5871
421,0.027,0.2939,0.3695,0.2426,0.2275,0.2411,0.7205,0.0003,0.0002,0.0827,0.1984,1.679,1.7095,4.2706,0.5496,6.6468
422,0.0268,0.2796,0.3529,0.24,0.2285,0.2386,0.7153,0.0002,0.0001,0.0871,0.2118,1.6616,1.6917,4.2596,0.541,6.6099
423,0.0274,0.2899,0.3533,0.2397,0.2443,0.2406,0.7349,0.0003,0.0002,0.0862,0.2121,1.6902,1.721,4.338,0.5437,6.7219
424,0.0329,0.2649,0.3605,0.2325,0.2344,0.2377,0.7151,0.0003,0.0001,0.0755,0.2102,1.6419,1.68,6.2259,0.8124,8.851
425,0.0282,0.2971,0.3575,0.2379,0.1832,0.2416,0.6718,0.0002,0.0002,0.0849,0.221,1.6478,1.6795,6.8535,0.9808,9.6392
426,0.027,0.2915,0.3419,0.2248,0.1879,0.2358,0.6577,0.0003,0.0002,0.0641,0.2079,1.5916,1.6221,4.2785,0.5398,6.5579
427,0.0271,0.2819,0.3324,0.2388,0.2545,0.2429,0.7478,0.0003,0.0001,0.0839,0.2101,1.6696,1.7,4.3472,0.5813,6.754
428,0.0276,0.2922,0.3398,0.2369,0.177,0.238,0.6555,0.0002,0.0002,0.0861,0.2058,1.5914,1.6226,4.3083,0.5507,6.601
429,0.027,0.2856,0.3406,0.2277,0.2287,0.2427,0.7033,0.0002,0.0001,0.0776,0.2073,1.6258,1.6559,4.3128,0.5523,6.6378
430,0.0285,0.2768,0.3035,0.2225,0.1647,0.2409,0.6311,0.0002,0.0002,0.0774,0.22,1.5181,1.5494,4.2952,0.5487,6.5098
431,0.0274,0.2759,0.3295,0.2266,0.2236,0.2441,0.6981,0.0002,0.0002,0.0753,0.1967,1.5858,1.616,4.2927,0.5506,6.5756
432,0.0288,0.1738,0.3543,0.2183,0.242,0.2296,0.6972,0.0002,0.0001,0.0714,0.1982,1.5094,1.5428,6.1766,0.5671,8.4053
433,0.0273,0.3198,0.3533,0.229,0.224,0.2401,0.6975,0.0002,0.0002,0.0817,0.22,1.6849,1.7153,5.0172,0.5527,7.4065
434,0.027,0.3113,0.3653,0.2264,0.1857,0.2451,0.6662,0.0002,0.0002,0.0692,0.2039,1.6314,1.6618,4.3185,0.5585,6.6567
435,0.0281,0.2746,0.3403,0.2405,0.2374,0.2535,0.7391,0.0002,0.0002,0.0839,0.2238,1.6798,1.7111,4.3234,0.5558,6.7092
436,0.0274,0.2811,0.3418,0.2261,0.2243,0.2417,0.7002,0.0002,0.0001,0.0834,0.2155,1.6374,1.6683,4.347,0.5614,6.6973
437,0.0276,0.2983,0.3352,0.2287,0.2293,0.239,0.7033,0.0002,0.0002,0.0777,0.2033,1.6323,1.6632,4.3061,0.5538,6.6424
438,0.0271,0.2878,0.3475,0.2344,0.2349,0.2447,0.7209,0.0003,0.0002,0.0717,0.2078,1.6505,1.681,4.2989,0.5628,6.6621
439,0.027,0.2849,0.334,0.237,0.2341,0.2451,0.7246,0.0002,0.0001,0.0839,0.2208,1.6631,1.6936,4.3427,0.5591,6.7163
440,0.0284,0.2743,0.3608,0.2225,0.2299,0.2388,0.7009,0.0003,0.0002,0.0709,0.2154,1.6396,1.6725,5.9442,0.566,8.3058
441,0.0271,0.2976,0.3692,0.2266,0.2264,0.2463,0.7034,0.0002,0.0002,0.0718,0.1982,1.6518,1.6824,4.4216,0.5604,6.781
442,0.0275,0.3138,0.3428,0.2293,0.2152,0.2448,0.6928,0.0001,0.0002,0.0695,0.2083,1.6371,1.6677,4.8885,0.5599,7.2333
443,0.0284,0.3211,0.3137,0.2278,0.2152,0.243,0.6893,0.0002,0.0001,0.0763,0.2174,1.6251,1.6564,4.7651,0.5553,7.0979
444,0.0264,0.2944,0.3398,0.2366,0.2193,0.2475,0.7065,0.0001,0.0001,0.0883,0.2234,1.6613,1.6907,4.3088,0.5606,6.6766
445,0.027,0.2762,0.3088,0.2296,0.2101,0.2486,0.6915,0.0002,0.0001,0.0664,0.2,1.5499,1.5799,4.3307,0.5734,6.6
446,0.0274,0.2895,0.3108,0.2402,0.1678,0.2394,0.6505,0.0002,0.0002,0.0633,0.207,1.5279,1.5582,4.3226,0.5731,6.5703
447,0.0281,0.2746,0.3539,0.2378,0.2188,0.2415,0.7011,0.0002,0.0002,0.0762,0.2008,1.6133,1.6443,4.324,0.5691,6.6554
448,0.0268,0.1655,0.3477,0.2219,0.2177,0.2367,0.6796,0.0002,0.0002,0.0675,0.2117,1.4804,1.5116,5.6225,0.5674,7.8178
449,0.0271,0.3105,0.3572,0.2281,0.1811,0.2349,0.6479,0.0002,0.0002,0.0771,0.219,1.6231,1.6535,4.9685,0.5643,7.3033
450,0.0271,0.3076,0.3601,0.2316,0.198,0.2447,0.6847,0.0002,0.0001,0.0707,0.2067,1.6456,1.6758,4.3564,0.5675,6.7158
451,0.0272,0.2751,0.3279,0.2238,0.1797,0.2325,0.639,0.0002,0.0002,0.0763,0.2102,1.5356,1.5659,4.8518,0.5659,7.1049
452,0.0271,0.284,0.334,0.2264,0.2118,0.2368,0.6783,0.0002,0.0002,0.0786,0.1971,1.5803,1.6106,4.3688,0.5731,6.6685
453,0.0276,0.2857,0.3268,0.2254,0.1681,0.2358,0.6322,0.0002,0.0002,0.0798,0.2178,1.5538,1.5846,4.4137,0.5718,6.6871
454,0.0273,0.2742,0.3496,0.23,0.2374,0.2418,0.7146,0.0002,0.0002,0.0789,0.2158,1.6552,1.6863,4.3269,0.5755,6.7067
455,0.0271,0.299,0.3521,0.226,0.2248,0.2359,0.6904,0.0002,0.0002,0.0799,0.2126,1.6433,1.6737,4.4152,0.5807,6.7865
456,0.027,0.2682,0.3643,0.2172,0.1966,0.2269,0.6524,0.0002,0.0001,0.0738,0.2125,1.5859,1.6178,5.3784,0.5759,7.6904
457,0.0279,0.304,0.3608,0.2302,0.2307,0.2695,0.7403,0.0003,0.0002,0.0945,0.2182,1.7347,1.7663,4.9339,0.5765,7.4023
458,0.0279,0.3028,0.3642,0.2275,0.1895,0.2391,0.6647,0.0002,0.0002,0.083,0.2105,1.6369,1.6682,4.7401,0.5764,7.1106
459,0.0269,0.2782,0.3375,0.2286,0.2322,0.2387,0.7067,0.0002,0.0002,0.0862,0.2115,1.6365,1.6666,4.3122,0.5725,6.6676
460,0.0268,0.2849,0.3703,0.2231,0.1862,0.2362,0.6545,0.0003,0.0001,0.083,0.2133,1.6231,1.6533,4.3309,0.5751,6.6786
461,0.0274,0.2975,0.3647,0.2288,0.1864,0.2407,0.6647,0.0002,0.0002,0.076,0.2037,1.6197,1.6509,4.3229,0.5792,6.6713
462,0.027,0.2934,0.3521,0.2269,0.1873,0.2436,0.6669,0.0002,0.0002,0.071,0.2178,1.6314,1.6616,4.3238,0.5812,6.6834
463,0.0268,0.2894,0.3506,0.2303,0.2297,0.2394,0.7082,0.0002,0.0001,0.0838,0.1957,1.6396,1.6697,4.324,0.5769,6.6889
464,0.0282,0.2727,0.3509,0.2188,0.2409,0.2328,0.6999,0.0003,0.0001,0.0746,0.21,1.6232,1.6561,5.6769,0.58,8.0389
465,0.0284,0.2913,0.3581,0.2278,0.2443,0.2358,0.7131,0.0002,0.0002,0.0859,0.2056,1.669,1.7012,4.4403,0.5818,6.8474
466,0.0274,0.3181,0.3494,0.2299,0.1904,0.2472,0.6802,0.0004,0.0002,0.0756,0.2117,1.6469,1.6779,4.9378,0.581,7.3226
467,0.028,0.2865,0.3624,0.227,0.2364,0.2444,0.7135,0.0002,0.0001,0.0835,0.2142,1.6767,1.7082,4.4406,0.5823,6.856
468,0.0277,0.293,0.3485,0.231,0.1877,0.2508,0.6755,0.0002,0.0002,0.0794,0.2126,1.6224,1.6536,4.6051,0.5802,6.9605
469,0.0274,0.2857,0.342,0.2507,0.1744,0.2396,0.669,0.0002,0.0001,0.0786,0.2044,1.5911,1.6215,4.2803,0.5895,6.6074
470,0.0277,0.2885,0.3426,0.2245,0.2311,0.2381,0.6977,0.0002,0.0001,0.0692,0.2074,1.6182,1.6491,4.3001,0.592,6.6578
471,0.028,0.2826,0.3378,0.2252,0.2135,0.2349,0.6769,0.0002,0.0002,0.075,0.2089,1.5934,1.6247,4.3095,0.5798,6.6305
472,0.0276,0.3265,0.3504,0.2226,0.2331,0.2284,0.6912,0.0002,0.0001,0.0723,0.2186,1.6726,1.7048,5.8519,0.5906,8.273
473,0.028,0.2996,0.3639,0.2298,0.2457,0.2421,0.7267,0.0003,0.0001,0.0829,0.2161,1.7026,1.7343,4.4388,0.5859,6.8827
474,0.0284,0.2995,0.3537,0.2318,0.2396,0.2443,0.7258,0.0003,0.0002,0.0723,0.2245,1.6897,1.7215,4.4225,0.585,6.8579
475,0.0319,0.288,0.3602,0.2291,0.1976,0.2379,0.6724,0.0002,0.0002,0.0834,0.2033,1.621,1.6564,4.4354,0.5849,6.7998
476,0.0308,0.3052,0.3538,0.2298,0.2539,0.2401,0.7329,0.0002,0.0001,0.0726,0.2334,1.7123,1.7466,4.4311,0.5911,6.892
477,0.028,0.2921,0.3628,0.2359,0.2398,0.2445,0.7264,0.0002,0.0001,0.0821,0.1968,1.6727,1.7041,4.3032,0.5898,6.7163
478,0.0269,0.2888,0.3494,0.232,0.2312,0.2426,0.7138,0.0002,0.0001,0.0747,0.2194,1.6642,1.6944,4.3164,0.588,6.7154
479,0.0272,0.2896,0.359,0.2266,0.2321,0.2406,0.7077,0.0003,0.0001,0.0846,0.2088,1.6654,1.696,4.2818,0.5991,6.6936
480,0.0279,0.1788,0.3613,0.2115,0.233,0.2255,0.6764,0.0002,0.0001,0.0708,0.2031,1.5056,1.5382,6.1479,0.6055,8.417
481,0.0283,0.3116,0.3938,0.2318,0.1962,0.2428,0.6782,0.0002,0.0001,0.0832,0.2062,1.6912,1.7231,4.8958,0.5918,7.3363
482,0.0275,0.3013,0.3696,0.2305,0.2396,0.2443,0.7218,0.0002,0.0002,0.0725,0.2287,1.7093,1.7404,4.4565,0.6142,6.9378
483,0.028,0.3206,0.3776,0.2261,0.2386,0.2402,0.7132,0.0002,0.0002,0.0881,0.2086,1.7217,1.7533,4.3758,0.5968,6.8518
484,0.027,0.3066,0.3535,0.2324,0.241,0.2453,0.7278,0.0003,0.0002,0.0849,0.2112,1.7008,1.7312,4.6374,0.6019,7.0896
485,0.027,0.3147,0.3611,0.232,0.2278,0.2451,0.7138,0.0003,0.0002,0.0851,0.2085,1.697,1.7273,4.3066,0.5933,6.7474
486,0.0274,0.3142,0.342,0.2344,0.2285,0.2438,0.7159,0.0003,0.0001,0.0767,0.2146,1.6773,1.708,4.3199,0.5974,6.7424
487,0.027,0.3088,0.3564,0.2282,0.1898,0.2447,0.6721,0.0002,0.0002,0.0774,0.2099,1.6395,1.6698,4.3322,0.6029,6.7251
488,0.037,0.3114,0.3679,0.2285,0.2393,0.2311,0.7081,0.0003,0.0002,0.0712,0.3142,1.7912,1.8332,7.3311,0.6113,9.9063
489,0.0282,0.3286,0.3537,0.2374,0.2382,0.2486,0.7357,0.0002,0.0001,0.0841,0.2105,1.7269,1.7586,4.3058,0.5999,6.7803
490,0.027,0.3187,0.3452,0.2292,0.2327,0.2422,0.7123,0.0002,0.0002,0.07,0.2102,1.6689,1.6993,4.3234,0.6029,6.7429
491,0.0269,0.3044,0.3488,0.2294,0.1912,0.2423,0.6704,0.0003,0.0001,0.081,0.2134,1.6339,1.6641,4.3552,0.6111,6.7474
492,0.0268,0.3061,0.3566,0.2276,0.231,0.2416,0.7104,0.0002,0.0002,0.0857,0.2138,1.6869,1.7171,4.3617,0.6146,6.8135
493,0.0271,0.311,0.3486,0.2243,0.2451,0.2419,0.7199,0.0003,0.0001,0.0826,0.2043,1.681,1.7113,4.3836,0.608,6.8232
494,0.0271,0.3152,0.3851,0.226,0.2338,0.2398,0.7083,0.0002,0.0002,0.0842,0.2248,1.7348,1.7653,4.3727,0.6072,6.8621
495,0.0267,0.3096,0.3465,0.2395,0.2396,0.2462,0.7347,0.0003,0.0002,0.0833,0.202,1.6884,1.7184,4.3982,0.6071,6.843
496,0.0267,0.2827,0.4104,0.2211,0.2482,0.2299,0.7092,0.0002,0.0002,0.0752,0.2219,1.7157,1.7472,6.8487,0.6284,9.342
497,0.0274,0.3523,0.3777,0.2298,0.2399,0.247,0.7276,0.0003,0.0001,0.0703,0.2238,1.7816,1.8125,4.5063,0.8548,7.2948
498,0.0278,0.3183,0.3645,0.2271,0.2379,0.239,0.7107,0.0003,0.0002,0.0857,0.2226,1.7201,1.7513,4.472,0.6458,6.9926
499,0.0275,0.3146,0.3662,0.2368,0.2338,0.2394,0.7203,0.0003,0.0002,0.0822,0.2152,1.7136,1.7447,4.5168,0.6444,7.0254
500,0.0274,0.3199,0.345,0.2309,0.242,0.2479,0.7311,0.0003,0.0002,0.0838,0.2207,1.7154,1.7461,5.1918,1.0167,8.0739
501,0.0274,0.3363,0.3571,0.2351,0.2406,0.2438,0.7279,0.0003,0.0001,0.086,0.2088,1.7307,1.7614,7.5917,0.6252,10.097
502,0.027,0.3133,0.337,0.2289,0.2444,0.2448,0.7255,0.0002,0.0002,0.0836,0.2112,1.6861,1.7164,7.2509,0.6399,9.7282
503,0.0274,0.3072,0.3667,0.2351,0.1889,0.2385,0.6728,0.0002,0.0002,0.0881,0.2172,1.6677,1.6986,4.4978,0.6416,6.9561
504,0.0283,0.2658,0.3825,0.2239,0.2643,0.2616,0.7572,0.0002,0.0002,0.0725,0.2361,1.7345,1.7672,7.9687,0.7249,10.582
505,0.0269,0.3343,0.3507,0.2337,0.2158,0.2419,0.695,0.0002,0.0001,0.0752,0.2136,1.6815,1.7118,6.5488,0.641,9.0175
506,0.0272,0.3063,0.3392,0.2303,0.2152,0.2414,0.6899,0.0002,0.0001,0.0729,0.1953,1.6106,1.6407,4.5647,0.637,6.9579
507,0.0269,0.31,0.3632,0.2304,0.224,0.2449,0.7045,0.0002,0.0001,0.0864,0.2101,1.683,1.7128,6.5065,0.6236,8.9584
508,0.0273,0.3218,0.3491,0.2292,0.2133,0.2389,0.6844,0.0001,0.0002,0.0737,0.208,1.6462,1.6767,4.5928,0.6425,7.0285
509,0.0277,0.3039,0.34,0.2253,0.2166,0.2391,0.6842,0.0002,0.0001,0.0784,0.2079,1.6232,1.6541,6.1669,0.6276,8.5648
510,0.0264,0.2989,0.3399,0.2324,0.1749,0.2416,0.652,0.0001,0.0001,0.0747,0.2204,1.5936,1.6228,4.5307,0.6359,6.9045
511,0.0284,0.2995,0.3239,0.2355,0.1712,0.2362,0.646,0.0002,0.0001,0.0715,0.2057,1.5551,1.5864,7.0943,1.012,9.8086
512,0.027,0.2635,0.4141,0.2271,0.199,0.2332,0.6639,0.0002,0.0002,0.0715,0.2015,1.625,1.6563,6.729,0.6421,9.1451
513,0.0283,0.3325,0.3789,0.2313,0.1963,0.2404,0.6776,0.0003,0.0002,0.0835,0.222,1.7132,1.7452,4.9944,0.6416,7.5023
514,0.0276,0.3237,0.3474,0.2325,0.205,0.2382,0.6842,0.0003,0.0002,0.0872,0.2072,1.6616,1.6924,7.3903,0.6424,9.846
515,0.027,0.3188,0.3457,0.2249,0.1858,0.2537,0.673,0.0003,0.0002,0.0856,0.2056,1.6431,1.6734,4.5099,0.6215,6.9273
516,0.0268,0.3084,0.337,0.2381,0.1881,0.2397,0.6692,0.0001,0.0001,0.0755,0.2115,1.6134,1.6435,6.5901,0.6419,8.9937
517,0.0267,0.3147,0.3568,0.2302,0.1703,0.2352,0.6389,0.0002,0.0001,0.079,0.2052,1.6019,1.6316,6.039,1.0563,8.8435
518,0.0272,0.3047,0.3355,0.2296,0.1691,0.2399,0.6417,0.0001,0.0002,0.0769,0.2218,1.5905,1.6209,4.5256,0.617,6.8795
519,0.0271,0.3107,0.334,0.2258,0.1695,0.2365,0.635,0.0001,0.0001,0.0732,0.205,1.5656,1.5956,6.5333,0.6139,8.8586
