,Unnecessary Copy,copyParticleData,computeMinMax,computeCellInformation,Execute kNeighborCount,Execute exclusive_scan over counts,Execute kNeighborhoodQueryWithCounts,Compute neighbors,Neighbor copy from device to host - resize,Count copy from device to host - resize,Count copy from device to host - MemcpyDeviceToHost,Neighbor & Offset copy from device to host - MemcpyDeviceToHost,Run hipNSearch,neighborhood search,constraint projection,XSPH viscosity computation,SimStep
0,0.0494,0.1989,0.4702,0.3191,0.1953,0.196,0.2093,0.6089,0.0002,0.0002,0.0691,0.2668,1.9538,2.0081,9.4194,0.8073,12.3973
1,0.0451,0.3278,0.4841,0.3525,0.2065,0.1844,0.2172,0.6162,0.0003,0.0002,0.0697,0.264,2.1344,2.1833,5.392,0.8263,8.6068
2,0.046,0.33,0.4897,0.3258,0.208,0.181,0.2233,0.6208,0.0003,0.0001,0.0667,0.2771,2.1281,2.1774,5.1872,0.8169,8.3784
3,0.0454,0.2839,0.4803,0.3407,0.2053,0.1874,0.2342,0.6348,0.0002,0.0001,0.1013,0.2599,2.1192,2.1679,5.1758,0.8205,8.3622
4,0.0454,0.295,0.4918,0.3105,0.1936,0.1663,0.2111,0.5743,0.0002,0.0002,0.0747,0.2595,2.0267,2.0754,5.2028,0.8217,8.2974
5,0.0453,0.2974,0.4796,0.3102,0.2021,0.1679,0.218,0.5914,0.0002,0.0001,0.0826,0.2646,2.0358,2.084,5.1556,0.8127,8.2492
6,0.0461,0.285,0.4709,0.3161,0.2028,0.1638,0.2183,0.5877,0.0001,0.0002,0.0719,0.2621,2.0072,2.0563,5.2873,0.9004,8.4416
7,0.0457,0.2908,0.4671,0.3034,0.2134,0.2087,0.2344,0.6594,0.0002,0.0002,0.0708,0.247,2.0465,2.0951,5.2884,0.9569,8.5489
8,0.0471,0.1787,0.4331,0.3154,0.2016,0.2178,0.2182,0.643,0.0002,0.0001,0.077,0.256,1.9162,1.9677,7.9854,0.9659,11.1224
9,0.0457,0.3036,0.4974,0.3334,0.2219,0.2234,0.2356,0.6856,0.0002,0.0001,0.0706,0.255,2.163,2.2121,5.4009,0.9977,8.83
10,0.0475,0.3021,0.4882,0.3467,0.2258,0.2366,0.2347,0.705,0.0003,0.0002,0.0854,0.2643,2.2099,2.2606,5.3469,0.9838,8.8129
11,0.047,0.2917,0.487,0.3431,0.2175,0.2249,0.2325,0.6819,0.0002,0.0002,0.0918,0.2719,2.1876,2.2381,5.4051,0.9723,8.8332
12,0.0465,0.3899,0.4835,0.3304,0.2227,0.1757,0.2431,0.6455,0.0002,0.0001,0.0872,0.2514,2.2031,2.2527,5.4535,0.9465,8.8671
13,0.0458,0.3065,0.5024,0.3571,0.245,0.2354,0.2502,0.74,0.0002,0.0002,0.0698,0.2571,2.2546,2.3035,5.5336,0.9323,8.9823
14,0.0454,0.2957,0.4786,0.3267,0.232,0.2323,0.2437,0.716,0.0002,0.0001,0.0888,0.263,2.1856,2.2342,5.5989,0.923,8.9727
15,0.0449,0.2993,0.4767,0.3265,0.2373,0.2275,0.2448,0.7154,0.0002,0.0002,0.0874,0.2602,2.1815,2.2296,5.563,0.9248,8.9282
16,0.0562,0.1783,0.4616,0.3476,0.2192,0.1838,0.234,0.6457,0.0002,0.0002,0.0631,0.2569,1.9745,2.0354,9.1567,0.9316,12.3533
17,0.0477,0.3345,0.4924,0.3356,0.2243,0.2312,0.2367,0.7001,0.0003,0.0002,0.0677,0.2774,2.2255,2.2765,6.4365,0.9502,9.8812
18,0.0459,0.2998,0.4754,0.3384,0.22,0.218,0.2353,0.6772,0.0002,0.0001,0.067,0.2553,2.1279,2.177,5.8051,0.9889,9.1829
19,0.0464,0.2936,0.4721,0.2981,0.2423,0.2195,0.2548,0.7202,0.0002,0.0001,0.0816,0.2643,2.1412,2.1907,5.8123,0.9646,9.1773
20,0.0454,0.2851,0.4737,0.3372,0.2465,0.221,0.2619,0.734,0.0002,0.0001,0.0878,0.2515,2.1806,2.2288,5.8803,0.964,9.2823
21,0.0456,0.2884,0.4638,0.3181,0.2521,0.2145,0.2655,0.7351,0.0002,0.0001,0.0703,0.2539,2.1464,2.1953,5.985,0.9548,9.3468
22,0.0456,0.2914,0.4814,0.3432,0.2439,0.2293,0.2624,0.7454,0.0003,0.0002,0.0851,0.2579,2.2229,2.2718,6.1135,0.9726,9.5697
23,0.045,0.3103,0.4778,0.3464,0.2452,0.1819,0.2611,0.6971,0.0003,0.0002,0.0667,0.2541,2.1708,2.2191,6.0108,0.965,9.4121
24,0.0477,0.2843,0.4522,0.3271,0.2385,0.2319,0.2554,0.7344,0.0003,0.0002,0.0735,0.2745,2.1673,2.2198,10.0455,0.9616,13.4506
25,0.0471,0.3291,0.49,0.3279,0.2481,0.2269,0.2653,0.7471,0.0003,0.0002,0.0757,0.2696,2.2597,2.3103,6.4558,0.9816,9.9689
26,0.0461,0.3001,0.4748,0.3397,0.2449,0.1841,0.2634,0.6994,0.0001,0.0002,0.0671,0.2662,2.1633,2.2135,6.7039,0.9729,10.1144
27,0.0446,0.2911,0.4857,0.3376,0.2426,0.2217,0.2567,0.7265,0.0002,0.0002,0.0883,0.2613,2.2115,2.2593,6.3998,0.9901,9.861
28,0.0462,0.2829,0.4782,0.3293,0.2409,0.2188,0.2546,0.7187,0.0002,0.0002,0.0782,0.268,2.1701,2.2198,6.5156,0.9957,9.9444
29,0.046,0.2936,0.4642,0.3242,0.2512,0.2141,0.2573,0.7259,0.0002,0.0002,0.0651,0.2636,2.1448,2.1936,6.6897,0.994,10.0958
30,0.0462,0.2955,0.4767,0.3229,0.2511,0.1739,0.2628,0.6909,0.0002,0.0001,0.0769,0.2583,2.138,2.1878,6.8603,1.0032,10.2631
31,0.0455,0.2954,0.4767,0.3718,0.2555,0.2251,0.2689,0.7575,0.0003,0.0001,0.0871,0.2609,2.2713,2.3202,6.82,1.0093,10.3611
32,0.0551,0.2893,0.4567,0.3545,0.2515,0.246,0.2528,0.7601,0.0002,0.0002,0.0779,0.2646,2.2236,2.2836,9.4093,1.027,12.9434
33,0.0461,0.3146,0.5009,0.3207,0.2469,0.2155,0.2615,0.7269,0.0002,0.0002,0.0616,0.2695,2.204,2.2962,7.7864,1.0172,11.3147
34,0.0459,0.2879,0.4695,0.3175,0.2506,0.2118,0.2627,0.7282,0.0002,0.0002,0.0677,0.249,2.1317,2.1807,6.9843,1.0093,10.3907
35,0.0449,0.3068,0.4889,0.3496,0.2485,0.2209,0.2699,0.7495,0.0003,0.0002,0.0815,0.268,2.2645,2.3126,6.8985,1.0342,10.4536
36,0.0459,0.3102,0.4894,0.3213,0.2436,0.215,0.2663,0.7291,0.0002,0.0002,0.0749,0.2697,2.2158,2.2652,7.0525,1.0216,10.5484
37,0.0455,0.2846,0.4625,0.3268,0.2432,0.2102,0.2542,0.7106,0.0002,0.0002,0.0711,0.2659,2.1379,2.187,7.269,1.0272,10.6938
38,0.046,0.2905,0.4835,0.3259,0.2488,0.2219,0.2583,0.7374,0.0003,0.0001,0.0895,0.2625,2.2074,2.2567,7.1745,1.0136,10.6552
39,0.0451,0.3114,0.4812,0.3177,0.2466,0.2162,0.26,0.726,0.0002,0.0001,0.0634,0.2752,2.1902,2.2386,7.2927,1.0113,10.7502
40,0.0478,0.2727,0.458,0.3448,0.2422,0.2307,0.2573,0.7341,0.0002,0.0002,0.0616,0.2599,2.1461,2.1983,12.2816,1.7117,16.3981
41,0.0472,0.31,0.4829,0.3155,0.2427,0.2345,0.2671,0.7506,0.0003,0.0001,0.0778,0.2819,2.2318,2.2821,8.276,1.0159,11.7842
42,0.0455,0.3622,0.4834,0.3181,0.2553,0.2104,0.2692,0.7394,0.0002,0.0002,0.0829,0.2792,2.2777,2.3264,7.5769,1.0254,11.1334
43,0.0454,0.3043,0.4797,0.3181,0.2451,0.2101,0.2606,0.7187,0.0001,0.0001,0.0634,0.2664,2.1612,2.2097,7.5463,1.0259,10.9866
44,0.0463,0.2821,0.4756,0.3296,0.2527,0.211,0.261,0.7297,0.0001,0.0002,0.0864,0.2619,2.1759,2.2252,7.5759,1.0356,11.0383
45,0.0452,0.2868,0.4829,0.3416,0.2494,0.2267,0.2626,0.7422,0.0002,0.0001,0.0731,0.264,2.2031,2.2513,9.5409,1.6413,13.6389
46,0.046,0.355,0.4679,0.3196,0.2466,0.2077,0.2616,0.7189,0.0002,0.0001,0.0625,0.2878,2.2241,2.2737,9.8094,1.8778,14.1655
47,0.0458,0.3691,0.4665,0.3037,0.2488,0.2104,0.2624,0.7247,0.0001,0.0002,0.062,0.269,2.2036,2.2524,7.7803,1.0701,11.3016
48,0.0457,0.1848,0.4477,0.3213,0.2391,0.2128,0.2603,0.7154,0.0002,0.0001,0.0636,0.2721,2.0174,2.0676,12.5554,1.0637,15.8794
49,0.0458,0.4713,0.4834,0.3148,0.2514,0.2148,0.2636,0.7328,0.0002,0.0002,0.0734,0.2817,2.3671,2.4159,11.1335,1.0698,14.8192
50,0.0459,0.3699,0.4995,0.3095,0.2482,0.2132,0.2659,0.7305,0.0002,0.0002,0.0638,0.2663,2.2521,2.301,10.3863,1.0753,13.9616
51,0.0451,0.4204,0.4705,0.306,0.246,0.2127,0.2658,0.7273,0.0001,0.0001,0.0715,0.2641,2.2676,2.3154,10.649,1.9229,15.0846
52,0.0469,0.4179,0.476,0.304,0.2501,0.2208,0.2665,0.745,0.0003,0.0001,0.0636,0.2893,2.3199,2.3698,11.4652,1.0872,15.124
53,0.0453,0.369,0.4885,0.3278,0.2549,0.2331,0.2686,0.7664,0.0002,0.0001,0.0674,0.2715,2.31,2.3589,9.4688,1.9374,13.9701
54,0.0459,0.4325,0.479,0.316,0.2615,0.2178,0.273,0.758,0.0002,0.0002,0.0723,0.2723,2.3486,2.3978,8.1744,1.9606,12.7363
55,0.0457,0.4032,0.479,0.3357,0.2557,0.2352,0.2714,0.7712,0.0003,0.0001,0.0695,0.2891,2.3663,2.4153,8.6314,1.0974,12.3475
56,0.0461,0.2918,0.4564,0.3368,0.2418,0.2303,0.2633,0.7416,0.0002,0.0002,0.0695,0.2906,2.2076,2.2582,14.8114,1.1058,18.3735
57,0.046,0.3783,0.4946,0.3218,0.2536,0.2218,0.2704,0.7527,0.0002,0.0001,0.0762,0.2856,2.3275,2.3768,9.6878,1.8948,14.1637
58,0.0463,0.3064,0.4496,0.3107,0.2546,0.2095,0.2715,0.7421,0.0002,0.0002,0.0662,0.2938,2.1899,2.2396,8.348,1.1088,11.8986
59,0.0454,0.3907,0.4971,0.3509,0.2553,0.2351,0.2698,0.7669,0.0002,0.0001,0.0705,0.2861,2.3859,2.4349,14.1825,1.3737,18.1938
60,0.0468,0.3885,0.4849,0.3376,0.2574,0.2779,0.2759,0.8241,0.0002,0.0002,0.0849,0.2689,2.4075,2.4574,8.2601,1.1129,12.0555
61,0.0457,0.3085,0.4939,0.3383,0.2487,0.2384,0.2738,0.7691,0.0003,0.0001,0.0691,0.2635,2.2634,2.3124,8.2288,1.1086,11.8538
62,0.0455,0.354,0.4773,0.3302,0.2537,0.2279,0.2637,0.7534,0.0002,0.0002,0.0876,0.2727,2.2943,2.3433,8.3735,1.1255,12.0438
63,0.0502,0.3614,0.479,0.342,0.2445,0.2353,0.2711,0.758,0.0002,0.0002,0.0906,0.2773,2.3275,2.3811,8.3035,1.1202,12.0076
64,0.0485,0.289,0.4556,0.3389,0.2513,0.224,0.2574,0.7386,0.0002,0.0002,0.0623,0.2657,2.1693,2.2223,10.8536,1.1249,14.3962
65,0.0454,0.315,0.4879,0.3126,0.2526,0.2102,0.2671,0.7329,0.0001,0.0001,0.0743,0.2848,2.2162,2.2646,8.3241,1.1238,11.9117
66,0.0464,0.4266,0.4707,0.3298,0.2494,0.216,0.2678,0.7362,0.0002,0.0002,0.0882,0.2692,2.3283,2.3775,8.393,1.1373,12.1091
67,0.0455,0.3459,0.4784,0.3307,0.2519,0.1677,0.2649,0.6878,0.0002,0.0002,0.0867,0.2725,2.2463,2.2947,9.1887,1.1183,12.8023
68,0.0454,0.3412,0.4839,0.3195,0.2478,0.21,0.2646,0.7252,0.0002,0.0002,0.0694,0.2784,2.2253,2.2734,8.3438,1.1215,11.9388
69,0.046,0.2851,0.4697,0.302,0.2527,0.2143,0.2661,0.7359,0.0002,0.0002,0.0894,0.2754,2.1651,2.2139,8.3351,1.1209,11.8689
70,0.0458,0.4187,0.4679,0.3213,0.2551,0.2185,0.2621,0.7389,0.0002,0.0001,0.0735,0.2705,2.3009,2.3495,8.3548,1.1214,12.0298
71,0.0453,0.4404,0.4804,0.3396,0.2548,0.2243,0.2727,0.7607,0.0002,0.0002,0.0678,0.2926,2.4031,2.4517,8.3701,1.1196,12.143
72,0.054,0.2784,0.4582,0.341,0.2506,0.244,0.2675,0.7716,0.0003,0.0002,0.0769,0.2931,2.2391,2.2981,12.0121,1.1287,15.6579
73,0.0472,0.3282,0.5138,0.335,0.2513,0.2291,0.2687,0.757,0.0003,0.0002,0.0741,0.2795,2.3059,2.3565,8.3995,1.1243,12.0908
74,0.0476,0.3811,0.4926,0.3393,0.2531,0.2352,0.2706,0.7673,0.0003,0.0001,0.0649,0.2696,2.3295,2.3804,8.4278,1.1275,12.1438
75,0.048,0.3491,0.4737,0.3346,0.2542,0.2272,0.2708,0.7592,0.0002,0.0001,0.0686,0.2666,2.2685,2.3197,8.6883,1.1256,12.3415
76,0.0459,0.3806,0.494,0.3422,0.2544,0.2223,0.2807,0.7658,0.0003,0.0002,0.0893,0.2781,2.3673,2.4167,8.3731,1.1262,12.119
77,0.0455,0.2967,0.4791,0.3392,0.2457,0.2283,0.2741,0.7567,0.0003,0.0001,0.0883,0.2766,2.2525,2.3011,8.4249,1.1346,12.0625
78,0.0462,0.3385,0.4839,0.3247,0.2558,0.2292,0.2726,0.7654,0.0003,0.0002,0.0852,0.2763,2.2915,2.341,8.3977,1.1307,12.0745
79,0.0453,0.3721,0.4806,0.3342,0.2521,0.2369,0.2751,0.7728,0.0002,0.0002,0.0721,0.2738,2.3248,2.3734,8.4491,1.1356,12.1613
80,0.0475,0.2883,0.4702,0.3285,0.2464,0.2293,0.2616,0.7464,0.0001,0.0002,0.0764,0.2934,2.2224,2.2744,13.0754,1.1382,16.6901
81,0.0495,0.3828,0.4882,0.3097,0.2518,0.2127,0.2631,0.7307,0.0002,0.0002,0.0625,0.272,2.2544,2.307,8.4408,1.1406,12.0885
82,0.0458,0.3855,0.4792,0.3161,0.2446,0.2105,0.263,0.721,0.0002,0.0002,0.07,0.2792,2.2591,2.3076,8.4676,1.1381,12.1165
83,0.0455,0.3571,0.4697,0.3118,0.2494,0.2098,0.2659,0.7282,0.0002,0.0001,0.0679,0.2747,2.2172,2.2654,8.4146,1.1428,12.0237
84,0.0461,0.3398,0.468,0.3131,0.2487,0.2126,0.2634,0.7276,0.0001,0.0002,0.0742,0.2733,2.2036,2.2524,8.4345,1.1353,12.0225
85,0.0456,0.377,0.4736,0.3053,0.2524,0.2162,0.2686,0.7403,0.0002,0.0001,0.0886,0.2756,2.2756,2.324,8.4233,1.1396,12.0875
86,0.046,0.3629,0.478,0.3174,0.2533,0.2134,0.2647,0.7346,0.0001,0.0001,0.0716,0.2726,2.2449,2.2935,8.4611,1.135,12.0879
87,0.0459,0.3436,0.4666,0.3175,0.2456,0.213,0.267,0.7285,0.0001,0.0001,0.0649,0.2724,2.2013,2.2498,8.4875,1.1424,12.0793
88,0.046,0.2707,0.4531,0.3135,0.2385,0.2116,0.2605,0.7135,0.0002,0.0002,0.0676,0.2825,2.1124,2.1625,12.7677,1.148,16.2777
89,0.0456,0.3182,0.4914,0.3184,0.25,0.1682,0.2703,0.6924,0.0002,0.0002,0.0651,0.2866,2.1868,2.2359,8.5512,1.1526,12.1416
90,0.0497,0.4303,0.4682,0.334,0.2491,0.2133,0.2717,0.7373,0.0002,0.0002,0.0648,0.2757,2.3205,2.3732,8.5351,1.4917,12.6014
91,0.0457,0.3578,0.4797,0.3254,0.2485,0.2155,0.2678,0.7352,0.0002,0.0002,0.0618,0.2699,2.2427,2.2915,8.5501,1.1494,12.1928
92,0.0465,0.3489,0.4737,0.318,0.2494,0.2048,0.2705,0.7275,0.0002,0.0001,0.0904,0.2696,2.2434,2.2931,8.5045,1.142,12.1445
93,0.0456,0.3441,0.466,0.3264,0.2463,0.2113,0.2668,0.7274,0.0002,0.0002,0.0723,0.267,2.2129,2.2616,8.5333,1.1426,12.1384
94,0.0456,0.3333,0.4711,0.3049,0.2476,0.168,0.2705,0.6893,0.0001,0.0001,0.0862,0.2794,2.1759,2.2248,8.5239,1.1425,12.092
95,0.0453,0.3037,0.4717,0.3147,0.2522,0.2075,0.273,0.7398,0.0002,0.0002,0.0821,0.2812,2.2075,2.2562,8.5061,1.1441,12.1071
96,0.0491,0.1976,0.4509,0.3514,0.2421,0.2346,0.2672,0.7529,0.0002,0.0002,0.0679,0.2742,2.1153,2.1691,13.7308,1.144,17.2481
97,0.0486,0.3235,0.4843,0.3258,0.2576,0.2284,0.2773,0.7718,0.0003,0.0002,0.0664,0.2795,2.2693,2.3213,8.5818,1.1417,12.2485
98,0.0453,0.438,0.4827,0.3251,0.259,0.2146,0.2722,0.7493,0.0002,0.0001,0.0625,0.2761,2.3483,2.3967,8.5012,1.159,12.2591
99,0.0459,0.3777,0.4717,0.3282,0.2517,0.2281,0.2728,0.7605,0.0003,0.0002,0.0734,0.2862,2.3173,2.3665,8.5749,1.1541,12.2993
100,0.0461,0.344,0.497,0.3442,0.2617,0.2359,0.2733,0.7778,0.0003,0.0001,0.0879,0.2723,2.3594,2.4087,8.5263,1.1464,12.2837
101,0.0451,0.3519,0.4481,0.3306,0.2545,0.1759,0.2739,0.7115,0.0003,0.0002,0.0873,0.2683,2.2165,2.2649,8.5247,1.1415,12.1326
102,0.0453,0.3498,0.4815,0.3396,0.2571,0.182,0.2731,0.7213,0.0002,0.0001,0.0873,0.2774,2.2751,2.3235,8.5426,1.1501,12.2195
103,0.0457,0.4362,0.4823,0.3255,0.2463,0.2243,0.2773,0.7575,0.0002,0.0002,0.0847,0.2784,2.3819,2.431,8.5649,1.1596,12.3584
104,0.0465,0.2756,0.4557,0.3344,0.2432,0.255,0.2652,0.7714,0.0002,0.0002,0.0716,0.2805,2.2101,2.2611,11.002,1.1456,14.6122
105,0.0481,0.3112,0.495,0.3477,0.2604,0.2287,0.2744,0.7707,0.0002,0.0002,0.0756,0.285,2.3044,2.3559,8.7923,1.1705,12.5315
106,0.0477,0.3765,0.4981,0.351,0.2602,0.2241,0.2715,0.7665,0.0002,0.0002,0.0763,0.2712,2.3556,2.4069,9.9479,1.1542,13.7207
107,0.0455,0.4699,0.4847,0.3282,0.252,0.2285,0.272,0.7623,0.0002,0.0002,0.0762,0.276,2.4118,2.4606,8.5152,1.1488,12.326
108,0.0459,0.3468,0.4762,0.3204,0.258,0.1767,0.2791,0.7216,0.0003,0.0002,0.0671,0.2704,2.2207,2.2698,8.5513,1.1622,12.1873
109,0.0453,0.3764,0.4739,0.3404,0.2617,0.1852,0.28,0.7319,0.0003,0.0001,0.0679,0.2718,2.2802,2.3292,8.5622,1.1615,12.2572
110,0.0456,0.2961,0.4877,0.3416,0.2594,0.2215,0.2735,0.7618,0.0002,0.0002,0.089,0.274,2.2684,2.3172,8.721,1.1587,12.398
111,0.0466,0.3431,0.4785,0.3414,0.2578,0.2312,0.2708,0.7662,0.0002,0.0002,0.0888,0.2824,2.3198,2.3698,8.5818,1.1629,12.3201
112,0.0462,0.2751,0.4604,0.3143,0.2406,0.2295,0.2688,0.742,0.0002,0.0001,0.0846,0.2635,2.1489,2.1994,11.8219,1.1561,15.378
113,0.0463,0.3242,0.4948,0.3213,0.2589,0.1799,0.2802,0.7284,0.0002,0.0002,0.0662,0.2975,2.2495,2.2991,8.5828,1.1633,12.2572
114,0.0472,0.3648,0.48,0.3353,0.2557,0.224,0.2782,0.7652,0.0003,0.0002,0.0696,0.2856,2.3178,2.3684,8.8861,1.1484,12.6118
115,0.0452,0.421,0.5013,0.3411,0.2604,0.2211,0.2735,0.7624,0.0002,0.0002,0.0905,0.2755,2.4142,2.4628,8.585,1.1522,12.4039
116,0.0458,0.3442,0.479,0.3229,0.2534,0.1652,0.2716,0.6949,0.0002,0.0001,0.0871,0.2812,2.2257,2.2747,8.5562,1.1483,12.1845
117,0.0453,0.4498,0.479,0.3474,0.2561,0.185,0.2742,0.7238,0.0002,0.0001,0.0876,0.2689,2.3755,2.424,8.5988,1.1596,12.3875
118,0.0456,0.3451,0.4844,0.344,0.2648,0.2277,0.2754,0.7774,0.0003,0.0001,0.0874,0.2697,2.3253,2.3744,8.558,1.152,12.2933
119,0.0449,0.4061,0.4773,0.3387,0.257,0.2288,0.2759,0.7694,0.0003,0.0001,0.0661,0.2786,2.3516,2.3998,8.5567,1.1496,12.3076
120,0.0483,0.2828,0.4398,0.3384,0.2476,0.1871,0.2632,0.7072,0.0003,0.0002,0.0686,0.2696,2.1241,2.1772,12.6524,1.1539,16.191
121,0.0474,0.334,0.4791,0.3262,0.2602,0.186,0.2748,0.7318,0.0002,0.0002,0.0847,0.2809,2.2532,2.304,9.2385,1.1457,12.8948
122,0.0456,0.3555,0.4895,0.3222,0.2564,0.2205,0.2734,0.76,0.0002,0.0001,0.0865,0.283,2.3135,2.3624,8.5808,1.1504,12.2953
123,0.0457,0.3435,0.4774,0.3455,0.2579,0.2236,0.2721,0.7623,0.0003,0.0001,0.087,0.2813,2.3165,2.3656,8.6041,1.1627,12.3344
124,0.0464,0.3763,0.4856,0.3487,0.2569,0.2305,0.2732,0.7699,0.0003,0.0002,0.0825,0.2783,2.3614,2.4112,8.5211,1.1481,12.2823
125,0.0451,0.3065,0.4833,0.333,0.2551,0.2272,0.2707,0.7611,0.0002,0.0002,0.069,0.2835,2.2559,2.3041,8.5979,1.1603,12.2632
126,0.0454,0.3493,0.4787,0.3419,0.2565,0.1856,0.274,0.7228,0.0002,0.0002,0.086,0.2801,2.2766,2.3252,8.6236,1.1564,12.3071
127,0.0435,0.4244,0.4958,0.3335,0.251,0.2294,0.2774,0.7669,0.0002,0.0002,0.0887,0.2746,2.4022,2.4487,8.5443,1.1515,12.3474
128,0.0547,0.2849,0.4626,0.3371,0.2527,0.2366,0.2672,0.7628,0.0002,0.0002,0.0705,0.2861,2.2251,2.2845,10.756,1.1702,14.4375
129,0.0431,0.3225,0.5031,0.3262,0.2578,0.2368,0.2773,0.7789,0.0002,0.0002,0.078,0.2911,2.3193,2.3656,10.0605,1.1738,13.8089
130,0.0457,0.3074,0.4782,0.3403,0.2515,0.1901,0.2778,0.7278,0.0003,0.0002,0.0652,0.283,2.218,2.267,8.5925,1.1529,12.2156
131,0.0457,0.3704,0.481,0.3453,0.2661,0.2271,0.276,0.7778,0.0002,0.0002,0.0868,0.279,2.3604,2.4094,8.5966,1.1493,12.3616
132,0.0461,0.3989,0.4709,0.3365,0.2556,0.1806,0.2726,0.7172,0.0002,0.0002,0.0826,0.278,2.2998,2.3491,8.6061,1.1518,12.3123
133,0.0459,0.343,0.492,0.3352,0.2611,0.1777,0.2762,0.7231,0.0003,0.0001,0.0888,0.2944,2.3324,2.3819,8.6083,1.1644,12.3619
134,0.0418,0.3639,0.4858,0.3298,0.2593,0.178,0.282,0.7282,0.0002,0.0001,0.0683,0.2682,2.2629,2.308,8.5175,1.1586,12.1907
135,0.0472,0.3737,0.4815,0.3609,0.2709,0.2177,0.282,0.7797,0.0002,0.0002,0.0884,0.2832,2.39,2.4406,8.7149,1.1555,12.5171
136,0.0527,0.2798,0.4636,0.3065,0.2483,0.2414,0.2656,0.7644,0.0003,0.0001,0.0834,0.2816,2.1957,2.253,11.6354,1.152,15.2666
137,0.0428,0.3708,0.4928,0.3355,0.2619,0.2368,0.2791,0.7835,0.0001,0.0002,0.0673,0.2823,2.3516,2.3982,8.6784,1.1618,12.4518
138,0.0479,0.3541,0.4888,0.3501,0.2521,0.182,0.2702,0.7126,0.0002,0.0002,0.0669,0.2798,2.2653,2.3167,8.6137,1.1536,12.2902
139,0.0499,0.4097,0.4667,0.3114,0.2525,0.1671,0.2732,0.6958,0.0001,0.0002,0.0605,0.2739,2.2305,2.2838,8.7384,1.1625,12.3883
140,0.0436,0.3121,0.4767,0.3093,0.2523,0.1641,0.2747,0.6942,0.0001,0.0002,0.0702,0.2725,2.143,2.1893,8.572,1.1568,12.1242
141,0.0434,0.3489,0.4725,0.309,0.2483,0.1592,0.2716,0.6821,0.0002,0.0002,0.0596,0.2614,2.1411,2.1872,8.6167,1.1518,12.1568
142,0.0454,0.3809,0.4829,0.3229,0.2469,0.1697,0.2713,0.6933,0.0002,0.0002,0.0912,0.2848,2.2661,2.3146,8.6284,1.1665,12.3116
143,0.0455,0.337,0.4735,0.3221,0.2646,0.2225,0.271,0.7618,0.0002,0.0001,0.0893,0.2806,2.2738,2.3224,8.6022,1.1518,12.2781
144,0.0463,0.2712,0.4524,0.3037,0.2526,0.1727,0.2647,0.6931,0.0002,0.0001,0.0722,0.2776,2.0787,2.1288,13.7523,1.1608,17.2367
145,0.0461,0.3777,0.4802,0.3042,0.2495,0.1721,0.2705,0.6976,0.0002,0.0001,0.0648,0.2754,2.2081,2.2571,8.6176,1.1541,12.2298
146,0.0453,0.3595,0.4885,0.3449,0.256,0.2269,0.2722,0.7647,0.0002,0.0001,0.0685,0.2756,2.3226,2.3711,8.5932,1.2038,12.3731
147,0.045,0.3818,0.4915,0.3288,0.2544,0.1622,0.2749,0.695,0.0002,0.0002,0.0646,0.2791,2.2615,2.3103,8.5895,1.1514,12.2559
148,0.0463,0.3548,0.4889,0.3432,0.2603,0.1868,0.2789,0.7329,0.0002,0.0002,0.0877,0.279,2.3066,2.3565,8.5932,1.1502,12.3031
149,0.0453,0.428,0.4896,0.3374,0.2703,0.2269,0.2736,0.7792,0.0002,0.0002,0.0895,0.2719,2.4159,2.4644,8.5984,1.1501,12.4199
150,0.0456,0.3556,0.4855,0.3329,0.2612,0.1755,0.2737,0.7174,0.0001,0.0002,0.0835,0.2704,2.2647,2.3202,8.6471,1.1588,12.3306
151,0.0447,0.3605,0.4935,0.3403,0.2598,0.1849,0.2763,0.7292,0.0003,0.0001,0.0698,0.2886,2.2994,2.3474,8.6416,1.157,12.3502
152,0.0546,0.2854,0.4685,0.3363,0.2516,0.1785,0.2659,0.7032,0.0002,0.0002,0.0855,0.2904,2.1904,2.25,10.5408,1.1494,14.1653
153,0.0468,0.5129,0.5033,0.3381,0.2575,0.1851,0.2753,0.7263,0.0003,0.0002,0.0907,0.2822,2.4703,2.5205,8.7481,1.167,12.6515
154,0.0479,0.3641,0.4905,0.345,0.2589,0.1924,0.2765,0.7366,0.0003,0.0002,0.0692,0.2792,2.3019,2.3532,12.8192,2.0673,17.451
155,0.0466,0.3661,0.4809,0.3338,0.2641,0.1834,0.2772,0.7321,0.0002,0.0001,0.0863,0.2745,2.2893,2.339,11.037,1.1571,14.7398
156,0.0456,0.3995,0.4708,0.3085,0.2559,0.1681,0.2719,0.6989,0.0001,0.0001,0.0716,0.2776,2.2414,2.2902,11.238,1.1397,14.8733
157,0.0452,0.4295,0.4908,0.3123,0.2612,0.2262,0.2738,0.7711,0.0002,0.0002,0.0929,0.2818,2.3965,2.4448,10.1328,1.1473,13.9272
158,0.0453,0.3503,0.4703,0.3247,0.2564,0.1813,0.2802,0.7253,0.0003,0.0002,0.0866,0.2892,2.2653,2.314,11.0109,1.1603,14.6918
159,0.0457,0.3656,0.4848,0.302,0.2586,0.1652,0.2698,0.6968,0.0001,0.0002,0.0715,0.2856,2.2178,2.2669,11.241,1.1527,14.8661
160,0.0481,0.1847,0.4688,0.3459,0.2464,0.1877,0.2659,0.7065,0.0002,0.0002,0.078,0.274,2.0746,2.1276,12.1221,1.1603,15.62
161,0.0473,0.3317,0.4911,0.3426,0.2619,0.2318,0.2774,0.7788,0.0003,0.0002,0.0706,0.286,2.3184,2.3691,8.7189,1.1614,12.4586
162,0.0468,0.3847,0.4946,0.3634,0.2566,0.1776,0.2752,0.7167,0.0003,0.0002,0.069,0.29,2.3377,2.3878,10.6215,1.6575,14.8764
163,0.0469,0.3555,0.4864,0.3235,0.2554,0.1817,0.2716,0.716,0.0002,0.0002,0.0656,0.2916,2.2552,2.3053,8.5986,1.157,12.2707
164,0.0457,0.373,0.4861,0.3364,0.258,0.2211,0.274,0.7616,0.0003,0.0002,0.0758,0.2674,2.3182,2.3672,10.1642,1.1511,13.8915
165,0.0466,0.3481,0.4838,0.3111,0.2571,0.2371,0.2757,0.7784,0.0003,0.0002,0.0901,0.282,2.312,2.3622,11.2795,1.1593,15.007
166,0.0458,0.3411,0.4769,0.3156,0.2548,0.1827,0.2767,0.7186,0.0002,0.0001,0.0756,0.272,2.2356,2.2847,11.2428,1.1528,14.8822
167,0.0457,0.371,0.5076,0.326,0.2542,0.2348,0.2747,0.7733,0.0002,0.0002,0.0948,0.2853,2.3738,2.4228,11.1459,1.1599,14.9327
168,0.0486,0.2879,0.4744,0.3485,0.2498,0.1835,0.2617,0.703,0.0002,0.0002,0.0844,0.2793,2.1985,2.2517,15.567,2.0859,20.1125
169,0.0476,0.3902,0.5005,0.3082,0.2614,0.1843,0.281,0.7352,0.0002,0.0001,0.0741,0.3007,2.3285,2.3797,9.6808,1.1557,13.426
170,0.0453,0.396,0.4927,0.3193,0.2531,0.1651,0.2743,0.6958,0.0002,0.0002,0.0653,0.2688,2.2514,2.3,8.5975,1.1557,12.2596
171,0.0453,0.3519,0.4761,0.3291,0.2558,0.182,0.2783,0.7244,0.0003,0.0001,0.0628,0.265,2.2277,2.2804,8.8756,1.1521,12.5136
172,0.0459,0.3098,0.4876,0.3381,0.2572,0.1844,0.2751,0.7249,0.0003,0.0001,0.0704,0.2811,2.231,2.2803,8.5994,1.1521,12.2361
173,0.0457,0.4251,0.487,0.3398,0.263,0.2308,0.2785,0.7806,0.0003,0.0002,0.0879,0.2747,2.4151,2.464,8.6177,1.1546,12.4395
174,0.0455,0.3495,0.4704,0.3432,0.2611,0.1834,0.2731,0.7257,0.0003,0.0002,0.088,0.2747,2.2684,2.3173,8.5972,1.1553,12.2761
175,0.0457,0.3505,0.4758,0.3188,0.2603,0.2233,0.2754,0.7665,0.0002,0.0001,0.0849,0.2787,2.2937,2.3425,8.6891,1.1686,12.4024
176,0.0464,0.2877,0.4511,0.3217,0.2477,0.1789,0.2677,0.7028,0.0002,0.0002,0.0761,0.2883,2.1501,2.201,13.5996,1.1632,17.1613
177,0.0464,0.3717,0.4945,0.336,0.2573,0.1761,0.2755,0.7169,0.0003,0.0002,0.0815,0.282,2.3032,2.353,9.0076,1.1509,12.7165
178,0.0458,0.308,0.483,0.3314,0.2575,0.1887,0.2726,0.7291,0.0002,0.0002,0.0707,0.2734,2.2119,2.2609,8.5698,1.2153,12.2486
179,0.0453,0.3634,0.484,0.3506,0.2533,0.1863,0.2854,0.7332,0.0002,0.0002,0.069,0.2939,2.3094,2.358,8.5792,1.1454,12.2895
180,0.0463,0.4168,0.4792,0.3385,0.2582,0.1855,0.2784,0.7303,0.0002,0.0001,0.0853,0.2791,2.3478,2.3973,8.5962,1.1547,12.3532
181,0.046,0.3496,0.4859,0.3407,0.2586,0.2235,0.2741,0.7652,0.0003,0.0002,0.0861,0.2721,2.3141,2.3632,8.6533,1.1567,12.3763
182,0.0455,0.3539,0.4894,0.3405,0.2622,0.1876,0.2766,0.7345,0.0002,0.0001,0.0875,0.2719,2.2946,2.3434,8.5674,1.1524,12.2671
183,0.0446,0.5294,0.4784,0.3188,0.2599,0.1726,0.2751,0.7109,0.0002,0.0002,0.0634,0.2732,2.39,2.4377,8.6882,1.1802,12.5072
184,0.0459,0.1946,0.4604,0.3223,0.2539,0.1892,0.2775,0.7259,0.0003,0.0002,0.0689,0.295,2.0789,2.1294,12.009,1.1522,15.4915
185,0.0476,0.319,0.4956,0.3416,0.264,0.1807,0.2802,0.7321,0.0003,0.0001,0.0684,0.2844,2.2613,2.3123,8.6347,1.1569,12.3167
186,0.0471,0.3722,0.4734,0.3516,0.2602,0.1852,0.2801,0.7314,0.0003,0.0002,0.0696,0.2738,2.2896,2.3403,8.8774,1.1492,12.5753
187,0.0455,0.3558,0.4792,0.3312,0.255,0.1878,0.2773,0.7275,0.0002,0.0002,0.0662,0.2622,2.2432,2.292,8.6224,1.1518,12.2712
188,0.0464,0.3584,0.478,0.34,0.2557,0.1843,0.2741,0.7212,0.0003,0.0002,0.0738,0.2667,2.2563,2.3058,8.5236,1.1441,12.1763
189,0.0447,0.3596,0.4786,0.3339,0.2587,0.1921,0.2785,0.7383,0.0003,0.0002,0.0834,0.2733,2.2828,2.3327,8.5893,1.149,12.2781
190,0.0448,0.3661,0.4764,0.3529,0.2554,0.2246,0.273,0.7613,0.0003,0.0002,0.0871,0.2885,2.3525,2.4006,8.6079,1.1516,12.3668
191,0.0452,0.4167,0.4853,0.3414,0.2535,0.1803,0.277,0.7165,0.0002,0.0001,0.0858,0.2745,2.3382,2.3868,8.5909,1.1482,12.3285
192,0.0489,0.2848,0.4591,0.3656,0.25,0.182,0.2688,0.7097,0.0002,0.0002,0.0769,0.2873,2.2037,2.2574,11.769,1.1495,15.3855
193,0.045,0.3314,0.4983,0.3242,0.2522,0.176,0.2769,0.7084,0.0002,0.0002,0.0823,0.2792,2.2375,2.2856,8.5922,1.1555,12.2336
194,0.0465,0.3561,0.4711,0.338,0.2545,0.1666,0.2737,0.6981,0.0002,0.0002,0.0713,0.2824,2.2289,2.2782,9.233,1.1508,12.8638
195,0.0452,0.3477,0.4756,0.3112,0.2586,0.2149,0.2731,0.7495,0.0001,0.0001,0.0741,0.284,2.2511,2.2992,8.5798,1.1462,12.2256
196,0.0454,0.4135,0.4792,0.303,0.2601,0.2131,0.2773,0.7535,0.0002,0.0001,0.0898,0.2807,2.3293,2.3777,8.5462,1.1415,12.2673
197,0.0452,0.3642,0.4771,0.312,0.2584,0.1616,0.2777,0.7006,0.0001,0.0002,0.0646,0.2658,2.1931,2.2411,8.5971,1.1522,12.1968
198,0.0486,0.3563,0.4894,0.3359,0.2658,0.17,0.279,0.7187,0.0002,0.0002,0.065,0.2771,2.2634,2.3151,8.6251,1.1545,12.3017
199,0.046,0.2946,0.4755,0.323,0.2555,0.2127,0.2767,0.748,0.0001,0.0001,0.073,0.2669,2.1891,2.2379,8.618,1.1517,12.2242
200,0.046,0.2776,0.4539,0.2936,0.2527,0.1754,0.2653,0.697,0.0002,0.0001,0.0695,0.2642,2.0684,2.1185,13.2107,1.1498,16.6768
201,0.0455,0.3741,0.4942,0.3478,0.2646,0.1615,0.2774,0.7065,0.0002,0.0001,0.0639,0.2764,2.2708,2.3192,8.6248,1.1613,12.311
202,0.0455,0.3534,0.4725,0.3206,0.2537,0.2126,0.2767,0.746,0.0002,0.0002,0.0711,0.2727,2.2439,2.2921,8.5458,1.1467,12.1855
203,0.0458,0.4108,0.4731,0.3169,0.2722,0.2609,0.2903,0.8376,0.0003,0.0001,0.092,0.2657,2.4056,2.4544,8.5809,1.1533,12.3907
204,0.0455,0.2901,0.4839,0.3434,0.2606,0.1785,0.2828,0.7344,0.0003,0.0002,0.0908,0.2806,2.2396,2.2883,8.5445,1.1496,12.1871
205,0.0459,0.4262,0.4889,0.3358,0.2569,0.1844,0.2804,0.7299,0.0003,0.0002,0.0921,0.2938,2.3858,2.4349,8.5837,1.1585,12.386
206,0.0455,0.3585,0.4788,0.3229,0.2543,0.1615,0.2763,0.6954,0.0001,0.0001,0.0629,0.2631,2.1969,2.2457,8.6489,1.1745,12.283
207,0.0454,0.4073,0.5096,0.3764,0.2648,0.1933,0.2827,0.7498,0.0003,0.0002,0.0804,0.2853,2.4328,2.4817,8.6643,1.155,12.5211
208,0.0505,0.2826,0.4408,0.3459,0.2511,0.1923,0.2684,0.7209,0.0002,0.0002,0.0758,0.29,2.1777,2.2332,10.7808,1.1596,14.3918
209,0.0473,0.3106,0.4824,0.332,0.2671,0.186,0.2804,0.7421,0.0003,0.0002,0.0745,0.2957,2.2541,2.3049,8.6731,1.1614,12.3529
210,0.0452,0.3862,0.4864,0.3545,0.2599,0.2254,0.2801,0.7752,0.0003,0.0001,0.0835,0.2862,2.3932,2.4419,8.6651,1.1624,12.475
211,0.0539,0.358,0.4736,0.3426,0.2635,0.1842,0.2754,0.7292,0.0002,0.0001,0.0659,0.2629,2.2512,2.3106,8.59,1.1503,12.2579
212,0.0454,0.3368,0.4844,0.3447,0.2651,0.1809,0.276,0.7289,0.0003,0.0001,0.0908,0.2787,2.2851,2.3338,8.4923,1.141,12.1708
213,0.0457,0.3539,0.4729,0.3031,0.2566,0.1678,0.2778,0.7081,0.0003,0.0002,0.0908,0.2869,2.2261,2.2751,8.5851,1.1504,12.2143
214,0.0461,0.2708,0.4793,0.3443,0.2617,0.1805,0.2754,0.7235,0.0002,0.0001,0.0895,0.2692,2.2002,2.2495,8.6372,1.1582,12.25
215,0.0459,0.3918,0.4831,0.3165,0.2703,0.1809,0.2787,0.737,0.0003,0.0002,0.0698,0.2852,2.3014,2.3505,8.6057,1.243,12.4016
216,0.0567,0.356,0.4667,0.3375,0.2572,0.1745,0.2703,0.7113,0.0003,0.0002,0.069,0.3102,2.2728,2.3343,14.0004,1.9367,18.4914
217,0.0457,0.4386,0.4745,0.3082,0.26,0.1755,0.2741,0.7131,0.0002,0.0002,0.0634,0.2762,2.2837,2.3326,9.2828,1.1518,12.9716
218,0.0454,0.368,0.4802,0.3175,0.2589,0.1754,0.2714,0.7135,0.0002,0.0001,0.0697,0.2787,2.2519,2.3006,8.6752,1.1582,12.3381
219,0.0457,0.3631,0.4808,0.3089,0.257,0.2074,0.2745,0.7421,0.0002,0.0002,0.0706,0.2757,2.2547,2.3037,8.6576,1.1507,12.3156
220,0.0457,0.3706,0.4679,0.3113,0.2603,0.2107,0.2794,0.7534,0.0002,0.0001,0.0613,0.2769,2.2495,2.2981,8.5911,1.1456,12.2382
221,0.0456,0.37,0.4683,0.3069,0.2584,0.1663,0.269,0.6967,0.0002,0.0001,0.0754,0.2745,2.2002,2.2486,8.5585,1.1521,12.1604
222,0.0455,0.3374,0.4593,0.319,0.2582,0.2132,0.2798,0.7541,0.0002,0.0002,0.0715,0.2689,2.2193,2.2675,8.829,1.1566,12.4592
223,0.0458,0.3764,0.4785,0.3231,0.2746,0.1883,0.2802,0.7518,0.0002,0.0002,0.0836,0.2811,2.3159,2.3651,8.658,1.1562,12.3868
224,0.0474,0.285,0.4396,0.3138,0.2558,0.2184,0.2699,0.7482,0.0002,0.0002,0.0668,0.284,2.1518,2.2037,13.3408,1.1576,16.9045
225,0.0451,0.3848,0.496,0.3336,0.2598,0.1779,0.2816,0.7255,0.0002,0.0002,0.0739,0.282,2.3172,2.3657,8.575,1.146,12.2933
226,0.0461,0.3783,0.4878,0.3323,0.2565,0.1822,0.2751,0.7224,0.0002,0.0002,0.0971,0.2801,2.3159,2.3656,8.4961,1.1372,12.2031
227,0.0454,0.3358,0.4718,0.3124,0.2568,0.2121,0.2745,0.7465,0.0002,0.0001,0.0782,0.2747,2.2319,2.2808,8.5661,1.1501,12.2024
228,0.0462,0.3452,0.4873,0.3492,0.2646,0.1832,0.2771,0.7315,0.0001,0.0002,0.0862,0.2745,2.2939,2.3434,8.5921,1.1507,12.2896
229,0.0457,0.3057,0.4829,0.3205,0.2659,0.1797,0.2771,0.73,0.0003,0.0002,0.0787,0.292,2.2323,2.2809,8.5778,1.1513,12.2145
230,0.0459,0.3526,0.4793,0.3498,0.2628,0.1841,0.2775,0.7305,0.0003,0.0002,0.0654,0.2809,2.2774,2.3264,8.5446,1.1401,12.2171
231,0.0452,0.3463,0.4884,0.3411,0.2611,0.1919,0.2834,0.7441,0.0002,0.0001,0.085,0.2754,2.2982,2.3467,8.5542,1.1611,12.2655
232,0.0541,0.2932,0.467,0.3319,0.2493,0.1872,0.2725,0.7171,0.0003,0.0002,0.0653,0.2782,2.1732,2.2323,12.0195,1.159,15.6318
233,0.0474,0.3788,0.491,0.3317,0.2625,0.1824,0.2841,0.7367,0.0002,0.0001,0.0704,0.2843,2.3133,2.3643,9.5731,1.1388,13.2907
234,0.0457,0.3968,0.4774,0.3128,0.2617,0.1585,0.2769,0.7002,0.0002,0.0002,0.0735,0.2782,2.2483,2.2972,8.4961,1.1473,12.1432
235,0.0459,0.3734,0.4717,0.3177,0.2643,0.2134,0.2792,0.7599,0.0002,0.0001,0.0682,0.2606,2.2631,2.312,8.5886,1.1558,12.2584
236,0.0465,0.3417,0.4727,0.3101,0.2582,0.1681,0.2742,0.7035,0.0002,0.0002,0.0699,0.2612,2.1673,2.2167,8.5185,1.1361,12.0751
237,0.0456,0.3675,0.4769,0.3128,0.261,0.1692,0.2789,0.712,0.0002,0.0002,0.0606,0.2622,2.1996,2.2478,8.5937,1.1562,12.1983
238,0.0448,0.3559,0.4711,0.3122,0.2572,0.2114,0.2774,0.749,0.0002,0.0001,0.0603,0.2664,2.2227,2.2701,8.5404,1.1441,12.1561
239,0.0453,0.3419,0.4699,0.3332,0.2561,0.1658,0.2865,0.7116,0.0002,0.0001,0.087,0.2682,2.2253,2.2734,8.5427,1.1509,12.1673
240,0.0474,0.293,0.4419,0.3252,0.2513,0.1727,0.2714,0.6998,0.0002,0.0002,0.0755,0.2729,2.1237,2.1754,12.0252,1.1758,15.5826
241,0.0473,0.4178,0.4964,0.3327,0.2618,0.1865,0.28,0.7357,0.0003,0.0001,0.0759,0.2789,2.356,2.4071,8.589,1.1467,12.358
242,0.0483,0.3593,0.4873,0.3428,0.257,0.2203,0.2759,0.7565,0.0002,0.0001,0.0735,0.2773,2.3171,2.3688,9.1569,1.1486,12.8859
243,0.0454,0.4024,0.4717,0.32,0.259,0.1664,0.2784,0.707,0.0002,0.0002,0.081,0.2667,2.2581,2.3067,8.6497,1.1633,12.3268
244,0.0457,0.355,0.4879,0.3452,0.2566,0.1791,0.2788,0.7212,0.0003,0.0002,0.0873,0.2802,2.2979,2.347,8.62,1.1576,12.3308
245,0.0452,0.2975,0.4957,0.3397,0.287,0.1923,0.2851,0.7724,0.0003,0.0002,0.0868,0.2741,2.2855,2.334,8.6323,1.1641,12.3382
246,0.046,0.4075,0.4866,0.3352,0.267,0.1891,0.2806,0.7453,0.0002,0.0001,0.0654,0.264,2.3226,2.3718,8.6484,1.156,12.382
247,0.0454,0.3486,0.4868,0.3485,0.2647,0.2363,0.2861,0.7952,0.0002,0.0001,0.089,0.2836,2.3719,2.4204,8.5404,1.149,12.3142
248,0.0545,0.29,0.4419,0.3373,0.2565,0.1861,0.2736,0.7228,0.0002,0.0002,0.0723,0.2664,2.1513,2.2104,10.3057,1.1522,13.8918
249,0.0477,0.3268,0.5135,0.3425,0.2614,0.1909,0.2785,0.7374,0.0002,0.0002,0.065,0.2883,2.2934,2.3446,8.7261,1.1578,12.446
250,0.0475,0.3739,0.495,0.3488,0.266,0.1893,0.2807,0.7432,0.0003,0.0002,0.0661,0.294,2.3411,2.392,8.6328,1.1732,12.4091
251,0.0475,0.374,0.4896,0.337,0.2568,0.1828,0.2802,0.7293,0.0003,0.0001,0.0706,0.2779,2.2946,2.3456,8.6764,1.1581,12.39
252,0.046,0.3601,0.489,0.3414,0.2651,0.1896,0.2771,0.7417,0.0002,0.0002,0.0764,0.2946,2.3232,2.3726,8.607,1.148,12.336
253,0.0454,0.3492,0.4735,0.3233,0.2549,0.1795,0.275,0.7161,0.0002,0.0002,0.0877,0.2803,2.2509,2.2995,8.4985,1.1443,12.1459
254,0.0463,0.3417,0.4759,0.3542,0.2583,0.1893,0.2826,0.7366,0.0002,0.0002,0.0922,0.2745,2.2929,2.3424,8.6231,1.1407,12.3125
255,0.0454,0.3661,0.4808,0.3253,0.2699,0.2244,0.2813,0.7827,0.0002,0.0001,0.0692,0.276,2.3184,2.3673,8.4944,1.148,12.2146
256,0.0557,0.2916,0.4543,0.3544,0.2531,0.186,0.2718,0.721,0.0003,0.0002,0.0771,0.2869,2.2054,2.2659,10.522,1.1506,14.1585
257,0.0471,0.4175,0.5016,0.322,0.2621,0.1818,0.2802,0.7298,0.0002,0.0002,0.0723,0.2883,2.3509,2.4013,8.6679,1.1552,12.438
258,0.047,0.3736,0.5039,0.3522,0.2647,0.1826,0.2823,0.7361,0.0002,0.0002,0.0844,0.2869,2.354,2.4048,8.6157,1.1548,12.3896
259,0.0467,0.3718,0.48,0.3394,0.2676,0.2361,0.2778,0.7877,0.0002,0.0002,0.0698,0.2811,2.3468,2.3968,8.7102,1.1457,12.4664
260,0.0459,0.471,0.4939,0.3385,0.2638,0.1818,0.2865,0.7408,0.0003,0.0002,0.0892,0.2842,2.4346,2.4837,8.5988,1.1415,12.428
261,0.0499,0.3481,0.4873,0.3466,0.2625,0.183,0.2772,0.7298,0.0002,0.0001,0.0967,0.2756,2.3068,2.36,8.751,1.1363,12.4547
262,0.0454,0.3463,0.4826,0.3311,0.2536,0.2113,0.2748,0.7428,0.0001,0.0002,0.0769,0.2714,2.2598,2.3085,8.5218,1.1416,12.174
263,0.0457,0.3596,0.468,0.2954,0.2608,0.2006,0.2784,0.7428,0.0001,0.0002,0.0728,0.2783,2.2325,2.2814,8.8196,2.0469,13.3536
264,0.0556,0.284,0.4653,0.3325,0.249,0.1785,0.2718,0.7063,0.0002,0.0002,0.0797,0.2871,2.1739,2.2342,12.4721,1.1501,16.08
265,0.0475,0.3752,0.4956,0.3551,0.2645,0.1843,0.2826,0.74,0.0003,0.0001,0.0875,0.2805,2.353,2.4039,10.4002,1.1452,14.1647
266,0.046,0.3565,0.4943,0.3271,0.2623,0.2287,0.2965,0.8403,0.0002,0.0001,0.093,0.2864,2.414,2.4634,10.8804,1.1184,14.6694
267,0.0449,0.3517,0.478,0.3107,0.2549,0.1595,0.2773,0.6949,0.0002,0.0002,0.0805,0.2771,2.2029,2.251,10.7207,1.1477,14.3221
268,0.0461,0.334,0.4702,0.3044,0.2573,0.1601,0.2784,0.6988,0.0002,0.0001,0.0851,0.2645,2.1648,2.2137,10.7674,1.1482,14.3371
269,0.0451,0.3152,0.486,0.3195,0.2562,0.2089,0.2782,0.7466,0.0002,0.0002,0.0809,0.2776,2.2389,2.2872,12.8422,1.6439,16.9843
270,0.0465,0.3555,0.4908,0.3241,0.2593,0.2318,0.275,0.773,0.0002,0.0002,0.0879,0.2901,2.3443,2.3943,8.545,1.1524,12.2957
271,0.0452,0.3629,0.4984,0.3503,0.263,0.1788,0.2759,0.7256,0.0002,0.0002,0.0843,0.27,2.3139,2.3624,10.8863,1.1454,14.5995
272,0.0505,0.2804,0.4491,0.3368,0.2475,0.1755,0.2698,0.6994,0.0002,0.0001,0.0763,0.2873,2.1457,2.2007,12.3332,1.9224,16.67
273,0.0496,0.3417,0.5013,0.3109,0.2571,0.1638,0.2756,0.7003,0.0002,0.0002,0.0696,0.2803,2.2187,2.2716,10.147,1.8713,14.5111
274,0.047,0.3678,0.479,0.3218,0.2662,0.177,0.2765,0.7244,0.0002,0.0002,0.0932,0.2812,2.281,2.331,9.5733,1.7114,13.8273
275,0.046,0.3708,0.4839,0.3393,0.2648,0.1876,0.2813,0.7444,0.0002,0.0002,0.0671,0.2836,2.3081,2.3575,8.4022,1.8668,12.8312
276,0.0462,0.2815,0.4666,0.3095,0.2479,0.1667,0.2818,0.7012,0.0002,0.0002,0.0735,0.2731,2.1219,2.1713,11.0372,1.717,15.13
277,0.0461,0.3274,0.4941,0.3263,0.2649,0.1805,0.2855,0.7416,0.0003,0.0002,0.0827,0.2824,2.2744,2.3239,11.1412,1.1306,14.801
278,0.049,0.2917,0.4827,0.3205,0.2628,0.1736,0.2705,0.7109,0.0002,0.0002,0.0681,0.2859,2.1763,2.2285,8.4725,1.1248,12.0344
279,0.0456,0.3463,0.4651,0.3381,0.2666,0.1951,0.2901,0.7645,0.0003,0.0001,0.0942,0.2902,2.3163,2.3651,9.9037,1.1542,13.6258
280,0.0561,0.1888,0.4613,0.3371,0.2488,0.1866,0.2707,0.7155,0.0003,0.0001,0.0848,0.2735,2.0837,2.145,12.4151,1.1283,15.914
281,0.0476,0.3845,0.4934,0.3325,0.2642,0.1848,0.2814,0.7386,0.0003,0.0002,0.0834,0.2866,2.3367,2.3876,8.8477,1.1553,12.6069
282,0.0477,0.3668,0.4977,0.3516,0.2643,0.1806,0.2803,0.7329,0.0002,0.0002,0.0672,0.2809,2.3157,2.3667,9.6342,1.2143,13.4265
283,0.0452,0.3671,0.4836,0.3301,0.2612,0.208,0.2759,0.7484,0.0001,0.0002,0.0625,0.3018,2.3116,2.3601,8.6568,1.1244,12.3455
284,0.0455,0.3948,0.4799,0.3399,0.2667,0.1723,0.279,0.7218,0.0002,0.0001,0.067,0.2712,2.2915,2.3401,8.5335,1.1473,12.2283
285,0.0455,0.3488,0.4641,0.3528,0.2645,0.2294,0.2851,0.7863,0.0003,0.0002,0.0863,0.302,2.3577,2.4068,14.0639,1.8616,18.538
286,0.0454,0.3641,0.4669,0.3172,0.259,0.1696,0.2831,0.7198,0.0002,0.0001,0.0641,0.2613,2.2109,2.2595,12.2669,1.763,16.4955
287,0.0452,0.3743,0.4775,0.3238,0.2642,0.1817,0.286,0.74,0.0003,0.0001,0.0831,0.2856,2.3042,2.3526,8.4974,1.1413,12.1972
288,0.0558,0.2757,0.4612,0.3355,0.255,0.2339,0.2742,0.7708,0.0002,0.0002,0.0709,0.2731,2.206,2.2668,12.09,1.138,15.7148
289,0.049,0.453,0.4921,0.3277,0.2616,0.2149,0.2877,0.7721,0.0002,0.0001,0.0728,0.2846,2.4222,2.4746,9.7568,1.1489,13.5828
290,0.0461,0.4843,0.4838,0.3355,0.2627,0.2265,0.2801,0.7775,0.0002,0.0002,0.0749,0.2742,2.4475,2.4968,8.6166,1.2439,12.5656
291,0.0463,0.3692,0.4834,0.3449,0.2698,0.1814,0.2822,0.7405,0.0002,0.0001,0.0796,0.2758,2.3114,2.361,8.4929,1.1401,12.2008
292,0.0456,0.2913,0.4812,0.3391,0.2632,0.1839,0.2785,0.7328,0.0002,0.0001,0.0917,0.2894,2.2406,2.2896,9.5011,1.1512,13.149
293,0.045,0.3764,0.4944,0.3255,0.2612,0.211,0.2794,0.7567,0.0003,0.0002,0.0817,0.2739,2.322,2.3702,8.5725,1.1496,12.298
294,0.0455,0.4237,0.4841,0.3267,0.2605,0.1683,0.2774,0.7091,0.0002,0.0002,0.0664,0.2704,2.2882,2.3366,8.4686,1.1315,12.1388
295,0.0445,0.3905,0.4725,0.3126,0.2589,0.1642,0.2721,0.6981,0.0001,0.0002,0.0612,0.2732,2.2161,2.2632,8.578,1.1503,12.1979
296,0.0459,0.2947,0.4545,0.3245,0.2537,0.1626,0.2725,0.6918,0.0002,0.0001,0.068,0.2834,2.1256,2.1754,12.3863,1.1628,15.9156
297,0.0457,0.3813,0.4931,0.3162,0.2616,0.2115,0.2756,0.7518,0.0002,0.0001,0.0718,0.2872,2.3108,2.3596,9.4252,1.1487,13.1372
298,0.0499,0.4097,0.4695,0.3091,0.259,0.1646,0.276,0.7027,0.0002,0.0002,0.0697,0.2652,2.2338,2.2865,8.5318,1.1501,12.1714
299,0.0449,0.3635,0.4888,0.3183,0.2594,0.2054,0.2798,0.7628,0.0002,0.0002,0.075,0.2846,2.3015,2.3492,8.5668,1.1493,12.2748
300,0.0459,0.3502,0.4699,0.3167,0.2587,0.1627,0.279,0.7034,0.0001,0.0001,0.0649,0.2786,2.1915,2.2402,8.491,1.1393,12.0734
301,0.0452,0.4191,0.4618,0.3076,0.2555,0.17,0.2793,0.7078,0.0002,0.0002,0.0646,0.2742,2.2428,2.2907,8.5466,1.1441,12.1841
302,0.0454,0.3296,0.4763,0.3459,0.2615,0.2331,0.2818,0.7851,0.0002,0.0001,0.0859,0.2648,2.3051,2.3535,8.4306,1.1165,12.1035
303,0.0492,0.3821,0.4788,0.3396,0.2605,0.1776,0.2797,0.7259,0.0003,0.0002,0.0886,0.2786,2.3133,2.366,8.482,1.1423,12.1948
304,0.0547,0.1982,0.4801,0.3326,0.2503,0.1849,0.2718,0.7125,0.0002,0.0002,0.0794,0.2785,2.1001,2.1596,12.5939,1.1444,16.1221
305,0.0457,0.4002,0.4973,0.3331,0.2654,0.1756,0.2809,0.7294,0.0002,0.0002,0.0719,0.2814,2.3328,2.3817,8.5271,1.137,12.2508
306,0.046,0.4265,0.4714,0.3239,0.2612,0.1789,0.28,0.7286,0.0002,0.0001,0.0781,0.2829,2.3292,2.3785,8.432,1.1259,12.1402
307,0.0454,0.2857,0.477,0.3346,0.2398,0.2302,0.2817,0.7598,0.0003,0.0002,0.0905,0.2764,2.2433,2.2919,8.6064,1.1435,12.2493
308,0.0454,0.3528,0.4896,0.3352,0.2618,0.1834,0.2882,0.7425,0.0003,0.0002,0.0909,0.2711,2.3016,2.3502,8.5812,1.1525,12.2885
309,0.0453,0.4958,0.4806,0.3362,0.2625,0.2389,0.2806,0.7903,0.0002,0.0001,0.0866,0.2913,2.4995,2.548,8.566,1.1409,12.4584
310,0.046,0.3545,0.4774,0.3309,0.259,0.2259,0.2815,0.7735,0.0003,0.0002,0.0673,0.2679,2.287,2.3362,8.5802,1.1517,12.2731
311,0.0454,0.4094,0.4785,0.3541,0.2609,0.1936,0.2851,0.7498,0.0003,0.0001,0.0869,0.2628,2.3606,2.4093,8.8781,1.1411,12.6318
312,0.0539,0.2115,0.4437,0.3445,0.2529,0.1854,0.2739,0.7191,0.0002,0.0001,0.0705,0.2874,2.0935,2.1524,10.5015,1.1485,14.0258
313,0.0474,0.3214,0.4882,0.3525,0.268,0.1963,0.2902,0.7658,0.0004,0.0001,0.0866,0.2927,2.3227,2.3736,8.5595,1.1603,12.3058
314,0.0475,0.3651,0.4879,0.3555,0.2658,0.2338,0.2821,0.7926,0.0003,0.0002,0.0916,0.279,2.3881,2.4388,8.4834,1.1338,12.2692
315,0.047,0.2737,0.4814,0.3362,0.2622,0.1915,0.2831,0.7457,0.0002,0.0002,0.0872,0.271,2.2167,2.2676,8.4182,1.1284,12.0223
316,0.0466,0.3411,0.4785,0.3223,0.2575,0.1695,0.2815,0.7115,0.0001,0.0002,0.0731,0.269,2.2043,2.254,8.407,1.124,11.9887
317,0.0448,0.3605,0.4902,0.3318,0.2619,0.1819,0.2854,0.7352,0.0002,0.0002,0.0666,0.2644,2.2651,2.3129,8.4167,1.13,12.0626
318,0.0454,0.4205,0.482,0.3454,0.2643,0.1819,0.2805,0.7338,0.0002,0.0001,0.0647,0.2652,2.3316,2.3801,8.4861,1.1397,12.2105
319,0.045,0.3688,0.4735,0.3129,0.2671,0.1779,0.288,0.7412,0.0003,0.0002,0.0894,0.2888,2.2905,2.3386,8.5216,1.1419,12.2097
320,0.0547,0.2911,0.4705,0.341,0.2563,0.2395,0.2731,0.776,0.0003,0.0002,0.0661,0.2814,2.2477,2.3071,10.6378,1.3334,14.5116
321,0.0466,0.3203,0.498,0.3231,0.2635,0.1778,0.2851,0.7337,0.0002,0.0002,0.0686,0.2909,2.2542,2.3045,8.5397,1.15,12.2062
322,0.0475,0.3656,0.4784,0.3299,0.2654,0.2297,0.2812,0.7851,0.0002,0.0001,0.0732,0.2796,2.3257,2.3766,8.7231,1.122,12.4353
323,0.0483,0.3545,0.4971,0.3659,0.2607,0.1855,0.2791,0.7348,0.0003,0.0001,0.0867,0.2769,2.3347,2.3864,8.4218,1.1279,12.1459
324,0.0458,0.3537,0.4764,0.3404,0.2663,0.1804,0.2807,0.7347,0.0003,0.0001,0.0868,0.272,2.2798,2.3289,8.463,1.1283,12.1246
325,0.0449,0.4157,0.4838,0.341,0.2638,0.1799,0.2813,0.7328,0.0003,0.0002,0.0868,0.2745,2.3501,2.3982,8.5087,1.132,12.2464
326,0.0459,0.3505,0.494,0.3172,0.2644,0.232,0.2805,0.7835,0.0002,0.0001,0.0906,0.2776,2.3322,2.3814,8.3408,1.1146,12.0405
327,0.046,0.415,0.4894,0.35,0.263,0.2258,0.2801,0.7774,0.0002,0.0002,0.0908,0.2826,2.4227,2.4718,8.4226,1.1249,12.2271
328,0.055,0.1799,0.4567,0.3528,0.2504,0.1846,0.2699,0.7113,0.0002,0.0001,0.0685,0.285,2.0724,2.1322,11.8786,1.1197,15.3545
329,0.0452,0.3673,0.494,0.3329,0.2629,0.1798,0.2886,0.7387,0.0003,0.0002,0.0912,0.289,2.3373,2.3859,9.0679,1.1408,12.8024
330,0.045,0.3482,0.4843,0.3195,0.2592,0.1643,0.2777,0.7041,0.0002,0.0002,0.0899,0.2804,2.2391,2.2874,8.4827,1.1396,12.1134
331,0.0454,0.3366,0.4969,0.3259,0.2561,0.1753,0.2804,0.7149,0.0002,0.0001,0.0737,0.27,2.2276,2.2761,8.5556,1.1366,12.1711
332,0.0496,0.3717,0.4827,0.3177,0.2603,0.1631,0.2769,0.7034,0.0002,0.0002,0.063,0.27,2.2349,2.2874,8.5436,1.1423,12.1756
333,0.0459,0.301,0.4672,0.3167,0.2592,0.163,0.2759,0.701,0.0002,0.0002,0.0606,0.2696,2.1239,2.1724,8.415,1.1312,11.9212
334,0.0454,0.2862,0.4692,0.3007,0.2603,0.1632,0.2793,0.7058,0.0002,0.0001,0.0738,0.2752,2.1218,2.1702,8.4855,1.1301,11.9891
335,0.0452,0.3428,0.478,0.3237,0.2562,0.1638,0.2749,0.698,0.0002,0.0002,0.0766,0.2697,2.1993,2.2473,8.4668,1.1285,12.0467
336,0.0461,0.3338,0.4561,0.3168,0.2554,0.1799,0.2741,0.7147,0.0002,0.0001,0.0657,0.2739,2.1725,2.2227,11.4388,1.1066,14.9673
337,0.0456,0.3218,0.4875,0.3067,0.2599,0.1608,0.2816,0.7055,0.0002,0.0001,0.0615,0.2812,2.1745,2.2234,8.6875,1.5396,12.6595
338,0.0459,0.3104,0.487,0.3243,0.2601,0.1664,0.2837,0.7132,0.0002,0.0002,0.0744,0.2708,2.1903,2.2393,8.3703,1.1168,11.9332
339,0.0459,0.3477,0.4575,0.3124,0.2623,0.1676,0.2756,0.7085,0.0001,0.0002,0.0699,0.2692,2.1731,2.2216,8.3707,1.118,11.9143
340,0.0455,0.415,0.4666,0.2977,0.2578,0.1636,0.2788,0.7031,0.0002,0.0002,0.0862,0.2618,2.238,2.2863,8.3828,1.1161,11.9935
341,0.0452,0.4614,0.4762,0.2946,0.259,0.1661,0.2794,0.7076,0.0001,0.0002,0.0618,0.2561,2.2655,2.3134,8.4134,1.103,12.0358
342,0.0456,0.3634,0.4876,0.3188,0.2565,0.1698,0.2839,0.7175,0.0002,0.0002,0.0789,0.2646,2.2524,2.3012,8.3482,1.117,11.9704
343,0.0447,0.4606,0.4799,0.3341,0.2675,0.2259,0.2843,0.7851,0.0003,0.0002,0.0895,0.2748,2.4423,2.4902,8.3128,1.1094,12.1172
344,0.0487,0.2837,0.4382,0.3092,0.25,0.2446,0.2744,0.7792,0.0002,0.0001,0.069,0.2864,2.1834,2.2368,12.0817,1.1234,15.653
345,0.0467,0.3306,0.4943,0.3421,0.2643,0.1826,0.282,0.7379,0.0002,0.0002,0.0779,0.2909,2.2911,2.3411,8.4402,1.1399,12.1297
346,0.0454,0.5079,0.4854,0.3385,0.2656,0.1757,0.2828,0.7319,0.0002,0.0001,0.0864,0.2851,2.4533,2.5021,8.4317,1.1219,12.2609
347,0.0454,0.349,0.4891,0.3621,0.2602,0.182,0.2879,0.737,0.0002,0.0001,0.0876,0.2743,2.3181,2.3668,8.3786,1.1189,12.0702
348,0.0457,0.3456,0.4808,0.3396,0.2646,0.2066,0.2846,0.7626,0.0002,0.0001,0.0893,0.273,2.3103,2.3592,8.3839,1.1125,12.0606
349,0.0458,0.3046,0.4826,0.3367,0.2612,0.1738,0.28,0.7191,0.0001,0.0002,0.067,0.2808,2.2082,2.2571,8.3502,1.1246,11.94
350,0.0457,0.3656,0.4773,0.3402,0.2634,0.1856,0.2795,0.7357,0.0002,0.0001,0.0716,0.273,2.2844,2.3332,8.3449,1.1077,11.9895
351,0.0493,0.365,0.4867,0.3379,0.2642,0.1831,0.281,0.7333,0.0002,0.0001,0.0867,0.289,2.3183,2.3708,8.4768,1.1342,12.1859
352,0.0565,0.338,0.4348,0.3614,0.2507,0.2372,0.2741,0.7705,0.0003,0.0002,0.0679,0.2737,2.2655,2.3267,12.6165,1.1616,16.3283
353,0.045,0.3201,0.5108,0.3695,0.2681,0.2318,0.283,0.7929,0.0002,0.0002,0.0843,0.2722,2.3698,2.4181,8.3689,1.1205,12.1121
354,0.0456,0.2882,0.4817,0.3113,0.2683,0.1865,0.2847,0.748,0.0002,0.0001,0.0898,0.2814,2.2199,2.2689,8.367,1.1174,11.9569
355,0.0459,0.3735,0.4775,0.3234,0.2623,0.1828,0.2808,0.7331,0.0002,0.0002,0.0858,0.2812,2.2934,2.3428,8.3228,1.1039,11.9767
356,0.0459,0.3512,0.4823,0.3307,0.2628,0.1859,0.2843,0.7415,0.0002,0.0002,0.086,0.2817,2.2898,2.339,8.4244,1.1209,12.0905
357,0.0461,0.3588,0.4844,0.333,0.269,0.1769,0.2856,0.7415,0.0003,0.0002,0.072,0.2908,2.2996,2.3488,8.4448,1.135,12.1322
358,0.0453,0.3765,0.4851,0.3392,0.2613,0.2228,0.284,0.7761,0.0003,0.0002,0.07,0.276,2.3415,2.3902,8.3883,1.1193,12.1019
359,0.0456,0.296,0.4967,0.3437,0.2691,0.1841,0.2858,0.7463,0.0002,0.0002,0.0859,0.2842,2.2731,2.3218,8.4145,1.1151,12.0572
360,0.0558,0.2812,0.4485,0.3428,0.2608,0.1907,0.2783,0.7379,0.0002,0.0002,0.073,0.2711,2.1753,2.2357,11.0218,1.1008,14.5776
361,0.0454,0.3465,0.4889,0.3116,0.2648,0.1733,0.2852,0.7263,0.0002,0.0001,0.062,0.2852,2.2288,2.2774,8.4264,1.1073,12.0184
362,0.0461,0.4774,0.4849,0.3375,0.265,0.2229,0.2805,0.7721,0.0001,0.0001,0.0756,0.2659,2.4233,2.4723,8.4394,1.1224,12.238
363,0.0457,0.3642,0.4865,0.3447,0.2763,0.2703,0.2995,0.8615,0.0003,0.0002,0.0931,0.2863,2.456,2.5053,12.105,1.1079,15.9275
364,0.0461,0.3759,0.4959,0.3205,0.2664,0.1833,0.2846,0.7426,0.0003,0.0001,0.0709,0.2806,2.3074,2.357,8.4411,1.1281,12.1375
365,0.0448,0.3668,0.4865,0.3477,0.264,0.1749,0.2845,0.7325,0.0003,0.0002,0.0882,0.2791,2.3171,2.3652,8.3881,1.119,12.0948
366,0.0458,0.3578,0.4873,0.3473,0.2667,0.1863,0.2822,0.7438,0.0002,0.0002,0.0903,0.277,2.3227,2.3719,8.4174,1.1361,12.1303
367,0.0449,0.3518,0.4828,0.3366,0.2658,0.2283,0.2817,0.7839,0.0002,0.0001,0.0881,0.2746,2.3377,2.3857,8.4739,1.1363,12.2013
368,0.0549,0.2829,0.4505,0.3273,0.2585,0.1905,0.2724,0.7313,0.0002,0.0002,0.0783,0.2748,2.1643,2.2241,11.3469,1.1128,14.9083
369,0.0462,0.3238,0.4974,0.3327,0.2702,0.1842,0.2838,0.7447,0.0002,0.0001,0.0694,0.2711,2.2571,2.3067,8.4579,1.1062,12.0852
370,0.0697,0.4115,0.4862,0.3404,0.2608,0.1822,0.2832,0.733,0.0002,0.0002,0.0893,0.2773,2.3589,2.432,8.9772,1.1023,12.7225
371,0.0456,0.4464,0.4815,0.3325,0.2669,0.1846,0.2818,0.7395,0.0002,0.0002,0.074,0.2733,2.3608,2.4094,12.2456,1.8549,16.7227
372,0.046,0.3546,0.4778,0.3184,0.2671,0.17,0.2794,0.7201,0.0002,0.0002,0.0816,0.2694,2.2337,2.2828,10.9167,1.1013,14.5061
373,0.045,0.3394,0.4718,0.3146,0.2638,0.1645,0.2849,0.7166,0.0002,0.0001,0.0698,0.2669,2.1973,2.2457,10.7253,1.1108,14.2892
374,0.0465,0.359,0.4891,0.3266,0.2647,0.1892,0.2835,0.7445,0.0002,0.0002,0.0875,0.277,2.3036,2.3539,10.6852,1.1018,14.3472
375,0.045,0.3637,0.479,0.3189,0.2676,0.1823,0.2781,0.735,0.0002,0.0001,0.0884,0.2925,2.2957,2.3438,10.64,1.136,14.3252
376,0.0553,0.1899,0.4616,0.3364,0.2585,0.1766,0.2795,0.7221,0.0002,0.0001,0.0693,0.2891,2.0862,2.1465,10.5277,1.9299,14.8297
377,0.0479,0.4597,0.4976,0.3398,0.2684,0.195,0.2855,0.7569,0.0003,0.0002,0.0784,0.2781,2.4307,2.4821,11.196,1.858,15.7495
378,0.0463,0.3918,0.486,0.3413,0.2729,0.1704,0.287,0.7388,0.0003,0.0001,0.0791,0.285,2.342,2.392,8.6323,1.6059,12.8442
379,0.0467,0.3907,0.4921,0.3517,0.265,0.1811,0.2845,0.7363,0.0002,0.0002,0.0746,0.2721,2.3329,2.3832,8.9092,1.106,12.612
380,0.0454,0.3426,0.4701,0.3439,0.2653,0.2051,0.284,0.7615,0.0003,0.0002,0.0882,0.2785,2.3008,2.3495,9.7945,1.1091,13.4569
381,0.045,0.3456,0.477,0.3308,0.2619,0.1723,0.2783,0.7163,0.0002,0.0002,0.0847,0.2683,2.2354,2.2836,10.6458,1.1288,14.2654
382,0.0459,0.3647,0.4858,0.32,0.2666,0.1881,0.2841,0.7474,0.0003,0.0001,0.0849,0.2806,2.3026,2.3518,9.8682,1.1147,13.5398
383,0.0454,0.2946,0.4773,0.3349,0.2654,0.1828,0.2829,0.7396,0.0003,0.0001,0.0872,0.2678,2.2198,2.2683,9.7988,1.1292,13.4021
384,0.0553,0.1981,0.4609,0.3425,0.2535,0.1803,0.2717,0.7125,0.0002,0.0002,0.0672,0.261,2.0613,2.1214,13.447,1.5693,17.36
385,0.0477,0.3178,0.505,0.336,0.2696,0.1806,0.2803,0.7375,0.0002,0.0001,0.0785,0.2909,2.2863,2.3376,9.7079,1.1031,13.36
386,0.0459,0.4587,0.4936,0.3388,0.2686,0.1966,0.2827,0.7569,0.0004,0.0002,0.0828,0.2686,2.4171,2.4663,8.334,1.099,12.1038
387,0.0499,0.3456,0.4974,0.336,0.2713,0.2255,0.2824,0.7884,0.0002,0.0001,0.0761,0.2747,2.3349,2.3878,8.3637,1.1136,12.0696
388,0.0457,0.3493,0.4722,0.3114,0.2663,0.1707,0.2821,0.722,0.0002,0.0001,0.0724,0.2699,2.2097,2.2588,8.3349,1.1043,11.9019
389,0.0455,0.3461,0.4768,0.3077,0.2709,0.1731,0.281,0.7288,0.0002,0.0002,0.089,0.2797,2.2474,2.2965,8.3764,1.1186,11.9976
390,0.0461,0.3742,0.4793,0.318,0.2736,0.1836,0.2831,0.7463,0.0002,0.0002,0.0778,0.278,2.2929,2.3424,8.3562,1.091,11.9977
391,0.0454,0.4612,0.4917,0.3214,0.2791,0.1786,0.2926,0.7593,0.0003,0.0002,0.083,0.2796,2.4135,2.4622,8.4069,1.1285,12.2041
392,0.055,0.2876,0.4521,0.3325,0.2625,0.1907,0.2797,0.7426,0.0003,0.0001,0.0663,0.2758,2.1772,2.237,11.9596,1.1395,15.5675
393,0.0463,0.3505,0.5269,0.333,0.2733,0.1892,0.2852,0.7553,0.0003,0.0002,0.0691,0.2802,2.3361,2.386,8.5067,1.1273,12.2332
394,0.0473,0.3983,0.4857,0.3424,0.2706,0.1834,0.2882,0.748,0.0002,0.0002,0.0666,0.2672,2.3251,2.3757,8.5893,1.1315,12.3064
395,0.046,0.3583,0.4754,0.3381,0.2705,0.1868,0.2923,0.7593,0.0003,0.0001,0.0839,0.2832,2.3178,2.367,8.3644,1.1164,12.053
396,0.0459,0.3609,0.4841,0.341,0.2674,0.1853,0.2894,0.7518,0.0003,0.0002,0.0803,0.2839,2.3196,2.3699,8.4867,1.1417,12.2079
397,0.0447,0.3408,0.4725,0.3039,0.2701,0.1644,0.2858,0.7234,0.0002,0.0002,0.0795,0.2749,2.2031,2.2506,8.4463,1.1293,12.0303
398,0.0458,0.2905,0.4716,0.301,0.267,0.1651,0.2874,0.7224,0.0001,0.0002,0.0897,0.2748,2.1576,2.206,8.3149,1.1064,11.8345
399,0.0451,0.362,0.4831,0.3075,0.2672,0.167,0.2831,0.7205,0.0002,0.0001,0.0797,0.2747,2.2363,2.2846,8.3184,1.1089,11.9158
400,0.0457,0.2744,0.4442,0.3091,0.2693,0.1817,0.28,0.7373,0.0002,0.0002,0.0716,0.2764,2.1232,2.173,13.2246,1.5354,17.1335
401,0.0455,0.3241,0.4832,0.3206,0.2698,0.1682,0.2905,0.7316,0.0002,0.0001,0.0716,0.266,2.2077,2.2564,8.483,1.1213,12.0632
402,0.0455,0.3504,0.4716,0.3123,0.2723,0.2081,0.2831,0.7664,0.0001,0.0001,0.0612,0.2588,2.2302,2.2785,8.3588,1.1261,11.9681
403,0.0454,0.2974,0.4717,0.3113,0.2668,0.1609,0.288,0.7188,0.0002,0.0002,0.059,0.2588,2.1248,2.1731,8.541,1.1359,12.0577
404,0.0462,0.3652,0.4642,0.3212,0.2637,0.1718,0.2803,0.7187,0.0001,0.0001,0.0613,0.2598,2.1982,2.2474,8.362,1.1182,11.9314
405,0.0449,0.3421,0.4638,0.329,0.2649,0.1697,0.2836,0.7212,0.0002,0.0001,0.0861,0.2683,2.2183,2.2659,8.4024,1.1157,11.9878
406,0.0459,0.3766,0.4649,0.3116,0.2712,0.1673,0.2831,0.7246,0.0002,0.0001,0.0701,0.2598,2.2154,2.2639,8.3554,1.1069,11.9301
407,0.0454,0.3725,0.4668,0.3118,0.2591,0.1692,0.285,0.7161,0.0001,0.0002,0.0615,0.2671,2.2036,2.2517,8.4639,1.1666,12.0922
408,0.0471,0.3106,0.4568,0.3098,0.2582,0.1805,0.277,0.7219,0.0002,0.0001,0.0756,0.26,2.1451,2.1965,12.2639,1.106,15.7756
409,0.0452,0.4198,0.4975,0.3059,0.2673,0.1652,0.2872,0.7228,0.0002,0.0002,0.0696,0.2641,2.2917,2.3401,8.4154,1.1222,12.0821
410,0.0456,0.3571,0.4604,0.3209,0.2609,0.1653,0.2785,0.7077,0.0002,0.0001,0.0601,0.2592,2.1731,2.2215,8.3948,1.1247,11.9449
411,0.045,0.3672,0.4708,0.3099,0.2629,0.1749,0.2829,0.7236,0.0001,0.0002,0.0615,0.2634,2.2041,2.2518,8.2931,1.1016,11.8491
412,0.0453,0.3979,0.4781,0.307,0.2724,0.1655,0.2838,0.7247,0.0001,0.0001,0.0893,0.2669,2.2748,2.3231,8.3277,1.1079,11.9625
413,0.0451,0.3386,0.4652,0.3147,0.273,0.1647,0.2888,0.7296,0.0002,0.0002,0.0675,0.2589,2.1824,2.2303,8.34,1.1127,11.8877
414,0.0461,0.3898,0.4776,0.312,0.2709,0.1667,0.2832,0.7236,0.0002,0.0002,0.0719,0.2676,2.2504,2.2992,8.2758,1.0866,11.8703
415,0.0451,0.4276,0.4777,0.3334,0.2711,0.1864,0.2909,0.7605,0.0003,0.0002,0.0633,0.265,2.3438,2.3922,8.3061,1.0938,11.9956
416,0.0463,0.294,0.4495,0.355,0.269,0.1848,0.276,0.7408,0.0003,0.0002,0.0762,0.2879,2.2248,2.2755,13.1045,1.0832,16.6614
417,0.045,0.3194,0.5024,0.3179,0.2703,0.1712,0.2848,0.73,0.0002,0.0002,0.076,0.2862,2.2478,2.2962,8.3097,1.0927,11.9061
418,0.0453,0.3551,0.4553,0.3449,0.2797,0.1806,0.2902,0.758,0.0003,0.0001,0.0652,0.2598,2.2622,2.3108,8.3411,1.1086,11.9639
419,0.0459,0.3741,0.4846,0.3152,0.2692,0.165,0.2795,0.7169,0.0002,0.0002,0.0862,0.26,2.2512,2.3001,8.9632,1.1105,12.5802
420,0.0459,0.3494,0.4785,0.3225,0.2636,0.1677,0.283,0.7173,0.0001,0.0002,0.0853,0.2615,2.2234,2.2722,8.2484,1.0833,11.8076
421,0.0456,0.2897,0.4704,0.3178,0.2633,0.2164,0.278,0.7606,0.0001,0.0002,0.0717,0.2674,2.1902,2.2389,8.3239,1.1078,11.8739
422,0.0454,0.3525,0.4675,0.3157,0.2678,0.1698,0.2857,0.7263,0.0001,0.0001,0.0589,0.2658,2.1965,2.2449,8.3603,1.1201,11.9289
423,0.0449,0.3993,0.4657,0.3222,0.2707,0.1644,0.2857,0.7239,0.0001,0.0001,0.0616,0.2686,2.2488,2.2964,8.3562,1.1182,11.9774
424,0.0463,0.2743,0.45,0.3323,0.2597,0.1831,0.2808,0.7331,0.0003,0.0002,0.0676,0.2783,2.1567,2.2076,11.9925,1.1133,15.5166
425,0.0458,0.3115,0.4939,0.3296,0.2695,0.1761,0.2858,0.742,0.0002,0.0002,0.0831,0.2833,2.2605,2.3094,8.4713,1.1194,12.1051
426,0.0463,0.3824,0.5093,0.3763,0.2717,0.2002,0.2983,0.7832,0.0003,0.0002,0.0876,0.2878,2.4469,2.4963,8.4728,1.1351,12.3107
427,0.0457,0.3906,0.4869,0.3448,0.2696,0.1863,0.2885,0.7533,0.0003,0.0002,0.0674,0.2648,2.3263,2.3751,8.3463,1.1107,12.037
428,0.0457,0.3405,0.4936,0.3428,0.2689,0.1896,0.2839,0.7542,0.0002,0.0001,0.0902,0.2757,2.3146,2.3636,8.2811,1.1046,11.9565
429,0.046,0.2928,0.4889,0.3512,0.2655,0.1834,0.2869,0.746,0.0002,0.0002,0.0859,0.2804,2.2659,2.3153,8.4198,1.1138,12.0588
430,0.0459,0.4766,0.4822,0.3184,0.263,0.1677,0.2828,0.7166,0.0001,0.0001,0.0791,0.2679,2.3524,2.4015,8.3608,1.1113,12.077
431,0.0448,0.4825,0.4668,0.305,0.2652,0.2142,0.2818,0.7643,0.0002,0.0002,0.0705,0.2662,2.3682,2.4164,8.3068,1.108,12.0421
432,0.0537,0.186,0.4547,0.3355,0.2616,0.1832,0.2743,0.7283,0.0003,0.0002,0.072,0.2695,2.085,2.1439,11.2498,1.1112,14.7291
433,0.0446,0.3231,0.4905,0.3253,0.2667,0.1813,0.2909,0.7476,0.0003,0.0002,0.0745,0.2815,2.2589,2.3069,8.4087,1.1148,12.0365
434,0.0459,0.4293,0.4873,0.3557,0.2682,0.183,0.2896,0.7478,0.0002,0.0002,0.0711,0.2751,2.3851,2.4343,8.3718,1.1158,12.1311
435,0.0458,0.447,0.4785,0.3395,0.2675,0.1834,0.2835,0.7423,0.0003,0.0002,0.0686,0.2775,2.3743,2.4232,8.367,1.1042,12.101
436,0.0496,0.3565,0.4912,0.3326,0.2605,0.1868,0.2851,0.7414,0.0003,0.0001,0.0678,0.2779,2.2875,2.3404,8.2879,1.0993,11.9322
437,0.0455,0.4154,0.475,0.349,0.2687,0.1905,0.2867,0.7553,0.0002,0.0001,0.0929,0.2752,2.3812,2.43,8.3794,1.1107,12.1281
438,0.0463,0.3509,0.4774,0.328,0.2605,0.1889,0.2917,0.7489,0.0002,0.0002,0.0889,0.2754,2.2854,2.3348,8.9449,1.11,12.5972
439,0.0456,0.373,0.4901,0.3406,0.2646,0.1803,0.2835,0.7364,0.0001,0.0002,0.0838,0.2733,2.3157,2.3646,8.3012,1.1065,11.9774
440,0.0562,0.2755,0.4427,0.3211,0.2571,0.1858,0.2751,0.7251,0.0003,0.0002,0.067,0.2694,2.1231,2.1839,10.5499,1.074,14.0368
441,0.0476,0.3277,0.5051,0.3333,0.2686,0.1839,0.285,0.7478,0.0003,0.0001,0.0728,0.293,2.2971,2.3482,9.0059,1.0991,12.6679
442,0.0457,0.3569,0.4844,0.3226,0.2672,0.1683,0.2837,0.7229,0.0002,0.0002,0.0678,0.268,2.2336,2.2825,8.2877,1.1043,11.8936
443,0.0451,0.3401,0.4789,0.326,0.2663,0.1717,0.2816,0.723,0.0002,0.0001,0.0971,0.2667,2.2408,2.2887,8.3272,1.0774,11.9026
444,0.0456,0.2937,0.4885,0.3407,0.2653,0.1828,0.2854,0.7423,0.0002,0.0002,0.0855,0.2688,2.2378,2.2866,8.2793,1.106,11.8785
445,0.0457,0.4303,0.4753,0.3249,0.2676,0.1826,0.2831,0.7399,0.0002,0.0001,0.068,0.2714,2.3306,2.3797,8.2201,1.0742,11.88
446,0.0459,0.4252,0.4747,0.3318,0.2671,0.178,0.2845,0.738,0.0002,0.0001,0.0627,0.2641,2.3104,2.3593,8.2726,1.0988,11.9403
447,0.0455,0.3564,0.4892,0.3402,0.2674,0.1924,0.2886,0.7573,0.0003,0.0001,0.0889,0.2865,2.3376,2.3865,8.2941,1.1114,11.9979
448,0.0482,0.2888,0.4548,0.3316,0.2573,0.2283,0.2762,0.7716,0.0003,0.0002,0.0644,0.269,2.1983,2.2512,9.9397,1.1153,13.5151
449,0.0471,0.3217,0.4867,0.348,0.2694,0.1812,0.2846,0.7433,0.0003,0.0002,0.0676,0.2867,2.2701,2.3206,8.3169,1.1197,11.9714
450,0.0471,0.4057,0.4828,0.3549,0.2645,0.1829,0.2845,0.7383,0.0002,0.0001,0.0661,0.2859,2.3511,2.4015,8.3726,1.0955,12.083
451,0.0477,0.432,0.4744,0.3478,0.273,0.1888,0.286,0.7556,0.0003,0.0002,0.0897,0.2814,2.3999,2.4507,8.3467,1.1089,12.1158
452,0.0462,0.3378,0.4781,0.3334,0.2634,0.1809,0.2809,0.7295,0.0003,0.0001,0.0875,0.2756,2.2609,2.3103,8.3177,1.1049,11.939
453,0.0455,0.3829,0.4848,0.3599,0.2657,0.1837,0.2873,0.7446,0.0002,0.0001,0.0864,0.276,2.3543,2.403,8.2412,1.0893,11.943
454,0.0457,0.3695,0.4746,0.3432,0.2654,0.1774,0.2827,0.7338,0.0002,0.0002,0.0672,0.2675,2.2706,2.3197,8.2515,1.0954,11.871
455,0.0454,0.3594,0.4764,0.3501,0.2653,0.1787,0.2833,0.7348,0.0003,0.0001,0.0685,0.2725,2.2805,2.329,8.251,1.0888,11.8741
456,0.0607,0.2727,0.4621,0.3487,0.2554,0.1961,0.2752,0.7356,0.0003,0.0001,0.0771,0.2844,2.1998,2.265,10.9016,1.1038,14.4902
457,0.0456,0.3247,0.5011,0.3175,0.2622,0.1861,0.2828,0.7416,0.0003,0.0001,0.0771,0.2786,2.2597,2.3085,8.281,1.0965,11.8925
458,0.0457,0.4387,0.4771,0.3342,0.2707,0.18,0.2848,0.7432,0.0003,0.0001,0.0655,0.2738,2.3479,2.3967,8.2162,1.0923,11.9092
459,0.0457,0.4258,0.4795,0.3487,0.273,0.1837,0.2907,0.7592,0.0003,0.0002,0.0801,0.2865,2.4021,2.451,8.2951,1.0951,12.0533
460,0.0456,0.2923,0.4895,0.3237,0.2691,0.179,0.285,0.7372,0.0002,0.0001,0.0867,0.2763,2.2231,2.2724,8.231,1.0901,11.7968
461,0.0447,0.3485,0.4787,0.335,0.2657,0.1877,0.2816,0.7434,0.0002,0.0001,0.086,0.2636,2.2762,2.3244,8.3425,1.1057,11.9782
462,0.045,0.3934,0.4852,0.3336,0.2674,0.1769,0.2849,0.7363,0.0002,0.0001,0.0868,0.2761,2.3307,2.379,8.6643,1.0995,12.3523
463,0.0445,0.3584,0.483,0.3252,0.2709,0.1894,0.287,0.7558,0.0002,0.0001,0.0772,0.2899,2.3109,2.3587,8.2423,1.0844,11.8901
464,0.0486,0.2787,0.4549,0.3127,0.2598,0.1941,0.2783,0.7428,0.0003,0.0002,0.0761,0.2703,2.1545,2.2077,11.878,1.0934,15.3873
465,0.045,0.4701,0.4923,0.3219,0.268,0.1856,0.2851,0.7616,0.0002,0.0001,0.0816,0.2815,2.4237,2.4721,8.2019,1.0813,11.9642
466,0.0438,0.3756,0.4787,0.3431,0.2605,0.1806,0.2817,0.7319,0.0003,0.0002,0.0747,0.287,2.312,2.359,8.1813,1.0851,11.8311
467,0.0454,0.3529,0.4716,0.3354,0.2693,0.1832,0.2825,0.742,0.0002,0.0002,0.0761,0.2657,2.2603,2.3089,8.2033,1.081,11.7983
468,0.045,0.3081,0.4804,0.3298,0.2658,0.1805,0.2817,0.7348,0.0002,0.0001,0.0853,0.2695,2.2271,2.2754,8.2159,1.0864,11.7854
469,0.0455,0.4239,0.486,0.3506,0.2599,0.1864,0.2844,0.7363,0.0002,0.0002,0.0875,0.2572,2.3623,2.4111,8.2088,1.0882,11.9127
470,0.0454,0.4095,0.4861,0.3428,0.2676,0.178,0.2854,0.7388,0.0002,0.0002,0.0871,0.272,2.3558,2.4045,8.3024,1.0919,12.0046
471,0.0458,0.3006,0.4759,0.3413,0.2627,0.1824,0.2851,0.739,0.0003,0.0002,0.0845,0.2643,2.2222,2.2711,8.4939,1.0886,12.0628
472,0.0483,0.2829,0.4463,0.3439,0.2511,0.1884,0.2768,0.7243,0.0003,0.0002,0.0678,0.2654,2.1504,2.2039,11.3015,1.0878,14.8095
473,0.0469,0.3157,0.4937,0.3266,0.263,0.1875,0.285,0.7435,0.0003,0.0002,0.0736,0.2768,2.249,2.2991,8.2731,1.0951,11.877
474,0.0455,0.4767,0.4812,0.306,0.2734,0.1689,0.2845,0.7305,0.0002,0.0002,0.0747,0.2751,2.3585,2.4071,8.1305,1.0662,11.8116
475,0.0449,0.3791,0.4789,0.3269,0.2662,0.1703,0.2845,0.7256,0.0002,0.0001,0.0743,0.2779,2.2718,2.32,8.2084,1.0694,11.8029
476,0.0452,0.2998,0.4659,0.3167,0.2655,0.1663,0.275,0.7098,0.0002,0.0002,0.0626,0.2744,2.1406,2.1891,8.1605,1.0615,11.614
477,0.0457,0.29,0.4731,0.3402,0.2675,0.2521,0.2859,0.8151,0.0003,0.0001,0.0883,0.2713,2.3002,2.3495,8.219,1.0821,11.8553
478,0.0461,0.3475,0.4957,0.3337,0.2691,0.1785,0.2781,0.7336,0.0002,0.0001,0.0755,0.2588,2.2638,2.3131,8.2613,1.0911,11.8773
479,0.0455,0.3101,0.4791,0.3257,0.2653,0.1805,0.2794,0.7339,0.0002,0.0001,0.0661,0.2642,2.1948,2.2435,8.2363,1.0883,11.773
480,0.0491,0.285,0.4515,0.3238,0.2618,0.1863,0.2743,0.731,0.0002,0.0002,0.076,0.2862,2.175,2.2291,11.2011,1.0808,14.7226
481,0.0471,0.3229,0.4915,0.3267,0.2703,0.1808,0.2901,0.7497,0.0003,0.0002,0.0754,0.2785,2.2641,2.3145,8.7659,1.0531,12.3452
482,0.0459,0.3762,0.4881,0.3445,0.2707,0.1782,0.2844,0.7425,0.0003,0.0002,0.0826,0.2724,2.3246,2.3737,8.4095,1.8628,12.8566
483,0.0454,0.4409,0.4795,0.3471,0.2697,0.1856,0.2879,0.7508,0.0002,0.0002,0.077,0.2705,2.3843,2.4329,10.3145,1.0964,14.054
484,0.046,0.4128,0.4733,0.2996,0.2668,0.1659,0.2853,0.7209,0.0002,0.0001,0.0748,0.2666,2.2564,2.3055,9.36,1.0691,12.941
485,0.0455,0.3198,0.4876,0.3341,0.2676,0.1727,0.2814,0.7255,0.0002,0.0001,0.0651,0.2665,2.2184,2.267,9.2844,1.0782,12.8331
486,0.046,0.2649,0.4754,0.3155,0.2738,0.1884,0.2888,0.7594,0.0003,0.0002,0.0917,0.2907,2.2156,2.2653,10.228,1.0829,13.7833
487,0.0457,0.3408,0.4882,0.304,0.2671,0.1849,0.2904,0.7516,0.0002,0.0001,0.0883,0.281,2.2723,2.3213,10.5437,1.0748,14.1434
488,0.046,0.1836,0.4469,0.3401,0.2553,0.1745,0.272,0.7091,0.0003,0.0001,0.0728,0.281,2.0565,2.1066,11.2677,1.0929,14.6723
489,0.0471,0.3355,0.4934,0.3704,0.2703,0.2473,0.2897,0.8153,0.0003,0.0002,0.0853,0.2921,2.414,2.4649,10.8836,1.0863,14.6466
490,0.0473,0.3824,0.4986,0.3276,0.2723,0.1894,0.2897,0.7557,0.0002,0.0002,0.0682,0.2812,2.3304,2.3811,9.8851,1.0871,13.5653
491,0.0452,0.3725,0.4914,0.3259,0.2672,0.1854,0.2888,0.751,0.0003,0.0002,0.0786,0.2781,2.3162,2.3645,9.3494,1.0809,13.0029
492,0.0447,0.4095,0.4949,0.3259,0.2714,0.1887,0.2901,0.7565,0.0002,0.0001,0.0912,0.279,2.3773,2.4253,8.887,1.05,12.5669
493,0.0451,0.3577,0.4828,0.3332,0.2746,0.2335,0.2829,0.799,0.0003,0.0002,0.0868,0.2791,2.3593,2.4077,10.3432,1.0848,14.0578
494,0.045,0.351,0.4886,0.3238,0.2717,0.1857,0.2846,0.7482,0.0002,0.0002,0.0845,0.2622,2.2753,2.3233,10.2824,1.0533,13.8626
495,0.0438,0.3406,0.4825,0.2979,0.2584,0.1618,0.2869,0.71,0.0002,0.0002,0.0858,0.2727,2.2021,2.2489,10.3151,1.0499,13.8169
496,0.0441,0.273,0.4477,0.3067,0.257,0.1712,0.2784,0.7097,0.0003,0.0002,0.0716,0.2573,2.0748,2.1228,12.2322,1.8172,16.3735
497,0.0521,0.3276,0.5099,0.3292,0.2709,0.2555,0.2982,0.8365,0.0003,0.0002,0.0865,0.2847,2.392,2.4476,10.4577,1.0692,14.1856
498,0.0455,0.4477,0.4972,0.309,0.2657,0.1756,0.281,0.7297,0.0003,0.0002,0.0841,0.2782,2.3825,2.4312,11.0482,1.0396,14.7273
499,0.0417,0.3625,0.4691,0.3052,0.2686,0.1731,0.2843,0.7293,0.0002,0.0001,0.0733,0.2794,2.2274,2.2724,8.001,1.0346,11.5166
500,0.0434,0.3461,0.4657,0.3137,0.2722,0.2806,0.2878,0.845,0.0002,0.0002,0.0901,0.2913,2.3651,2.4121,8.4257,1.0721,12.1214
501,0.0501,0.3815,0.4962,0.3508,0.2659,0.167,0.2839,0.7211,0.0003,0.0002,0.0719,0.2754,2.3152,2.3689,8.1324,1.0615,11.777
502,0.0456,0.2957,0.4691,0.3321,0.2662,0.169,0.2819,0.7207,0.0001,0.0001,0.0747,0.2817,2.1887,2.2376,8.0598,1.0612,11.566
503,0.0427,0.3619,0.4754,0.3631,0.2757,0.1754,0.2826,0.7411,0.0002,0.0002,0.0661,0.2772,2.3045,2.3504,8.1728,1.0652,11.7973
504,0.0548,0.2951,0.4375,0.3251,0.2523,0.2202,0.282,0.7626,0.0002,0.0002,0.078,0.2629,2.1812,2.2408,11.566,1.0671,15.0928
505,0.0454,0.3234,0.4869,0.3317,0.2762,0.23,0.2862,0.7997,0.0003,0.0001,0.0749,0.2818,2.3189,2.3675,8.1796,1.0429,11.7941
506,0.0436,0.3802,0.482,0.3361,0.2746,0.2169,0.292,0.7871,0.0002,0.0001,0.0682,0.2781,2.3492,2.3958,8.1424,1.0629,11.8054
507,0.0429,0.3421,0.4751,0.3384,0.2797,0.2128,0.2903,0.7897,0.0003,0.0001,0.0883,0.2589,2.3091,2.355,8.1101,1.0593,11.7293
508,0.0427,0.3441,0.4755,0.3413,0.2799,0.2373,0.2934,0.8191,0.0002,0.0001,0.0855,0.2609,2.3443,2.3902,8.038,1.0388,11.6712
509,0.0413,0.4089,0.4819,0.3432,0.2797,0.1834,0.294,0.7633,0.0002,0.0002,0.0871,0.2708,2.3717,2.4163,8.0655,1.0412,11.7301
510,0.0419,0.3636,0.4836,0.3492,0.2711,0.2317,0.2976,0.8069,0.0002,0.0002,0.0703,0.2785,2.3726,2.4178,8.1481,1.0349,11.8064
511,0.0454,0.3051,0.4865,0.3243,0.2655,0.2071,0.2877,0.7635,0.0001,0.0001,0.0696,0.2733,2.2394,2.2879,8.0722,1.0697,11.6358
512,0.0424,0.2835,0.4681,0.3368,0.2666,0.1824,0.2812,0.7393,0.0003,0.0002,0.0712,0.281,2.2015,2.2481,10.9307,1.0572,14.4464
513,0.0478,0.3272,0.4923,0.3353,0.2719,0.2467,0.2933,0.8209,0.0002,0.0002,0.0675,0.2733,2.3331,2.3844,8.5251,1.0289,12.1509
514,0.0455,0.4438,0.4735,0.3348,0.2732,0.2222,0.2902,0.7905,0.0002,0.0002,0.066,0.2671,2.3936,2.4423,8.115,1.0534,11.8154
515,0.0456,0.4411,0.4477,0.3285,0.2796,0.1775,0.2949,0.7563,0.0002,0.0002,0.0849,0.2732,2.3499,2.3988,8.104,1.0427,11.757
516,0.0449,0.3039,0.4866,0.3203,0.27,0.2157,0.2919,0.7805,0.0002,0.0002,0.0726,0.273,2.2473,2.2955,8.1101,1.0514,11.6612
517,0.0416,0.2915,0.4703,0.3206,0.2691,0.1704,0.2876,0.7301,0.0001,0.0001,0.0689,0.2605,2.1499,2.1942,8.0993,1.0383,11.5349
518,0.0459,0.4252,0.4716,0.3094,0.2645,0.2087,0.2848,0.7609,0.0002,0.0001,0.0677,0.2723,2.3172,2.366,8.1364,1.0423,11.7486
519,0.0437,0.362,0.4877,0.3433,0.2733,0.1786,0.2883,0.7483,0.0003,0.0001,0.0667,0.2733,2.3041,2.3508,7.999,1.0495,11.6051
