,Unnecessary Copy,Copy to GPU,Arrange data,Full count array and resize neighbour array,Execute kncomputeNeighboursCount and resize neighbour offsets,Execute exclusive_scan over counts,Count resize,Count GPU to CPU,Execute kncomputeNeighbours,Neighbour resize,Copy neighbour & offset to CPU,Compute neighbours,Copy sorting indexes to CPU,neighborhood search, constraint projection,XSPH viscosity computation,SimStep
0,0.0436,0.2406,1.0198,0.052,0.0014,0.2558,0,0.0801,0.1856,0.0002,0.4037,0.9891,0.1371,2.4436,16.6719,1.976,21.473
1,0.0372,0.4599,1.0247,0.0631,0.0019,0.2786,0.0002,0.0825,0.1976,0.0002,0.3991,1.0406,0.1618,2.7409,13.0624,1.9615,18.2289
2,0.0406,0.4571,1.146,0.0737,0.0018,0.3067,0.0001,0.1117,0.1988,0.0002,0.4166,1.131,0.1931,2.9814,12.9656,1.9688,18.393
3,0.0392,0.3423,1.115,0.0676,0.0032,0.2824,0.0001,0.091,0.2056,0.0002,0.4273,1.1025,0.1792,2.7927,12.9305,1.9801,18.1638
4,0.038,0.3514,1.1088,0.0587,0.0059,0.2958,0.0002,0.09,0.2029,0.0003,0.3971,1.074,0.1569,2.7444,13.8336,2.0554,19.1175
5,0.0373,0.3215,1.0627,0.0578,0.0047,0.3024,0.0001,0.0921,0.2055,0.0003,0.4128,1.0991,0.1569,2.6925,12.8468,1.9898,17.9956
6,0.0375,0.4035,1.0707,0.0527,0.0035,0.2704,0.0001,0.0735,0.2156,0.0002,0.4056,1.04,0.1448,2.7108,13.0907,2.2162,18.4855
7,0.0377,0.3282,1.0724,0.0561,0.0033,0.3227,0.0001,0.0922,0.2018,0.0002,0.4163,1.114,0.1644,2.7342,13.2368,2.1475,18.6211
8,0.0387,0.1386,1.0466,0.0574,0.0054,0.3138,0.0001,0.0746,0.1896,0.0002,0.395,1.0567,0.1629,2.4597,16.3224,2.1319,21.3698
9,0.04,0.3256,1.0787,0.0573,0.0019,0.3386,0.0001,0.0926,0.1919,0.0003,0.4066,1.1081,0.1473,2.7122,16.3144,2.1282,21.6544
10,0.0393,0.3225,1.0908,0.0551,0.0036,0.3482,0.0001,0.0927,0.2009,0.0002,0.4134,1.134,0.1466,2.7462,13.1004,2.1893,18.5303
11,0.0399,0.3127,1.0278,0.0506,0.0015,0.3229,0.0001,0.0723,0.1927,0.0001,0.4088,1.0627,0.1681,2.6275,13.1085,2.1211,18.3555
12,0.0369,0.2763,1.0811,0.0679,0.0042,0.3505,0.0001,0.095,0.1976,0.0002,0.4267,1.1685,0.1609,2.74,13.2879,2.1751,18.6914
13,0.0374,0.3629,1.0679,0.0658,0.0046,0.3019,0.0002,0.0916,0.2097,0.0002,0.4328,1.1314,0.1718,2.7852,13.9651,2.6432,19.8946
14,0.0378,0.4019,1.0968,0.0587,0.0025,0.3442,0.0001,0.088,0.1957,0.0002,0.4014,1.1098,0.1541,2.817,13.7973,2.1565,19.2691
15,0.0372,0.4997,1.0318,0.053,0.0036,0.3213,0.0001,0.0737,0.1985,0.0003,0.4188,1.0881,0.1419,2.8114,13.5817,2.1654,19.0499
16,0.0428,0.2353,1.0653,0.0471,0.0019,0.3184,0,0.0952,0.1889,0.0001,0.3972,1.0674,0.1488,2.5741,18.0736,2.1674,23.2726
17,0.0387,0.3326,1.0409,0.0551,0.0043,0.2805,0.0001,0.0772,0.2067,0.0002,0.4327,1.0768,0.1729,2.674,13.7323,2.1807,19.0802
18,0.0398,0.3253,1.0648,0.0629,0.0031,0.323,0.0001,0.0932,0.2016,0.0001,0.4092,1.1116,0.1617,2.7143,13.9031,2.1859,19.3051
19,0.0376,0.3228,1.0367,0.0564,0.0041,0.3345,0.0002,0.0956,0.2055,0.0002,0.4185,1.1344,0.1602,2.7049,14.4496,2.1739,19.8144
20,0.0371,0.3201,1.0849,0.0632,0.0033,0.333,0.0001,0.0886,0.2134,0.0001,0.417,1.1411,0.1574,2.7563,13.9836,2.1929,19.4223
21,0.0366,0.2547,1.0878,0.0524,0.0019,0.3387,0.0001,0.0889,0.2067,0.0003,0.4194,1.1296,0.1651,2.6893,14.1589,2.2028,19.5378
22,0.0386,0.3157,1.0964,0.0524,0.0018,0.3442,0.0001,0.0981,0.2096,0.0002,0.4112,1.1324,0.1524,2.7534,14.4906,2.1995,19.9345
23,0.0335,0.2742,1.0745,0.0619,0.0039,0.3498,0.0001,0.0891,0.2117,0.0002,0.4153,1.1572,0.1548,2.7065,14.3032,2.2087,19.7053
24,0.0276,0.2376,1.0793,0.061,0.0022,0.2772,0.0001,0.0774,0.1926,0.0001,0.4039,1.0335,0.1479,2.5414,22.4578,2.2687,27.7184
25,0.0317,0.3338,1.1108,0.0627,0.0044,0.3444,0.0002,0.0931,0.2106,0.0002,0.4311,1.1654,0.1504,2.8081,14.5892,2.1997,20.0867
26,0.0282,0.3323,1.0827,0.0606,0.0037,0.288,0.0001,0.0754,0.2095,0.0002,0.447,1.1066,0.1594,2.7252,14.5964,2.2481,20.0638
27,0.0378,0.3196,1.0603,0.053,0.003,0.3628,0.0001,0.0902,0.2131,0.0002,0.4325,1.1787,0.1609,2.7747,15.1891,2.2882,20.738
28,0.0385,0.3158,1.0606,0.0538,0.004,0.3412,0.0001,0.0871,0.2094,0.0002,0.4422,1.155,0.1508,2.7371,16.3613,2.2835,21.87
29,0.0373,0.3801,1.0862,0.0633,0.0018,0.3581,0.0001,0.097,0.2148,0.0002,0.4292,1.1804,0.1486,2.8452,15.1373,2.2664,20.7449
30,0.0375,0.3477,1.0519,0.0507,0.0016,0.3288,0.0001,0.0776,0.2038,0.0002,0.4107,1.0813,0.145,2.6697,15.2682,2.2617,20.686
31,0.0379,0.4674,1.1002,0.0526,0.0037,0.2999,0.0002,0.075,0.2112,0.0003,0.4401,1.1066,0.1707,2.8985,15.2102,2.2852,20.8854
32,0.0415,0.2306,1.029,0.0571,0.0065,0.349,0.0001,0.0932,0.2008,0.0002,0.4206,1.1475,0.1525,2.6155,21.7276,2.3217,27.0992
33,0.0384,0.3259,1.0887,0.0534,0.0023,0.3699,0.0002,0.0967,0.2172,0.0002,0.4214,1.2397,0.1526,2.8588,15.7615,2.3108,21.4294
34,0.0382,0.347,1.1303,0.0552,0.0035,0.3405,0.0001,0.0898,0.2116,0.0002,0.4439,1.169,0.1623,2.8611,15.8456,2.3157,21.5134
35,0.038,0.3308,1.0683,0.0553,0.0017,0.3399,0.0001,0.0922,0.2145,0.0002,0.4235,1.144,0.1547,2.7467,16.2294,2.3277,21.7971
36,0.0377,0.324,1.0347,0.0582,0.0016,0.3185,0.0001,0.0746,0.2087,0.0002,0.4084,1.08,0.1453,2.6334,16.3449,2.3398,21.8081
37,0.0375,0.3442,1.0568,0.0606,0.0062,0.3006,0.0001,0.0944,0.2145,0.0002,0.4368,1.1378,0.1633,2.7542,16.4295,2.3749,22.0453
38,0.0366,0.3236,1.0589,0.0563,0.0018,0.3654,0.0001,0.0974,0.2151,0.0002,0.4295,1.1853,0.1628,2.7791,17.8556,2.4213,23.5475
39,0.037,0.3188,1.0669,0.0517,0.0016,0.3328,0.0001,0.0713,0.2065,0.0001,0.4267,1.1006,0.1499,2.6872,16.8313,2.4166,22.4288
40,0.0417,0.141,1.0729,0.0585,0.002,0.3464,0.0001,0.0849,0.1999,0.0001,0.4219,1.1333,0.1499,2.5526,26.6095,2.426,32.0357
41,0.0389,0.3264,1.045,0.056,0.0034,0.3169,0.0001,0.0788,0.2221,0.0002,0.4315,1.1244,0.1543,2.7006,17.7142,2.4466,23.3482
42,0.0403,0.3205,1.0435,0.0548,0.0021,0.3306,0.0001,0.0784,0.2091,0.0002,0.424,1.1147,0.1498,2.6825,17.4642,2.4641,23.0992
43,0.0393,0.4082,1.1065,0.0614,0.0024,0.3575,0.0001,0.0965,0.2277,0.0002,0.4445,1.2115,0.185,2.9639,17.5802,2.4833,23.4925
44,0.0384,0.4798,1.1013,0.0549,0.0034,0.3501,0.0001,0.1071,0.2189,0.0002,0.4466,1.2052,0.1685,3.011,19.0073,2.4978,25.0072
45,0.0404,0.3846,1.0775,0.0532,0.0038,0.3451,0.0001,0.0893,0.2125,0.0002,0.4447,1.1696,0.1579,2.8433,18.3749,2.5111,24.2203
46,0.0391,0.326,1.0673,0.0654,0.0021,0.3636,0.0002,0.0926,0.2193,0.0002,0.4424,1.21,0.1659,2.8212,18.374,2.5235,24.2085
47,0.0398,0.3372,1.0703,0.0519,0.0041,0.3584,0.0001,0.079,0.2179,0.0002,0.4691,1.2016,0.1634,2.826,18.4407,2.5152,24.2707
48,0.0633,0.303,1.0697,0.0516,0.0033,0.3392,0.0001,0.0839,0.2098,0.0002,0.4536,1.1628,0.1603,2.7793,24.3483,4.3599,31.9625
49,0.0406,0.3291,1.1187,0.0544,0.0018,0.3448,0.0001,0.085,0.2148,0.0003,0.4421,1.1624,0.1462,2.8099,20.8303,2.5342,26.6589
50,0.042,0.3372,1.0751,0.0561,0.0045,0.34,0.0001,0.0751,0.2192,0.0002,0.4344,1.1475,0.1542,2.7695,24.7585,4.6248,32.6424
51,0.0393,0.3922,1.0667,0.0641,0.0027,0.3618,0.0001,0.0959,0.2126,0.0003,0.4648,1.2269,0.164,2.9061,21.7337,2.5727,27.684
52,0.038,0.3979,1.03,0.0569,0.0016,0.325,0.0001,0.0781,0.2055,0.0001,0.449,1.127,0.1449,2.7493,22.9948,3.5262,29.7617
53,0.0418,0.3337,1.0311,0.0556,0.0062,0.3596,0.0001,0.0935,0.2186,0.0003,0.451,1.205,0.1396,2.7656,24.8872,2.5877,30.7241
54,0.0392,0.3454,1.1148,0.0579,0.0053,0.3296,0.0001,0.0883,0.2162,0.0002,0.4569,1.1717,0.1543,2.8398,23.197,2.5875,29.1059
55,0.0392,0.4636,1.0651,0.0577,0.0043,0.3422,0.0001,0.0979,0.2164,0.0003,0.4438,1.183,0.141,2.903,25.5855,2.5976,31.563
56,0.0429,0.2338,1.0802,0.0543,0.0022,0.3388,0.0001,0.0881,0.2079,0.0002,0.4493,1.1611,0.1603,2.6938,28.6498,2.615,34.3791
57,0.0406,0.3783,1.0717,0.0647,0.0036,0.3773,0.0002,0.0909,0.2158,0.0002,0.4364,1.2096,0.155,2.8701,20.3156,2.6441,26.3129
58,0.0376,0.3267,1.0505,0.0565,0.0017,0.3502,0.0002,0.1022,0.2291,0.0003,0.4682,1.2359,0.1696,2.8355,20.5007,2.6462,26.4545
59,0.0377,0.319,1.0645,0.0627,0.0041,0.3637,0.0001,0.0921,0.232,0.0002,0.4657,1.2437,0.166,2.8448,20.6863,2.6648,26.6721
60,0.0419,0.3268,1.091,0.0525,0.0046,0.3398,0.0001,0.0929,0.2178,0.0002,0.4594,1.1865,0.1433,2.8009,20.8181,2.6883,26.7782
61,0.0409,0.3375,1.0964,0.0597,0.0021,0.3644,0.0001,0.0839,0.2158,0.0001,0.4485,1.1896,0.1558,2.8337,20.9117,2.7096,26.9207
62,0.0404,0.4557,1.074,0.0529,0.002,0.3395,0.0002,0.0829,0.2123,0.0002,0.4696,1.1792,0.1632,2.9251,21.0866,2.7354,27.2121
63,0.0408,0.4902,1.0994,0.0551,0.0015,0.3122,0.0001,0.0705,0.2069,0.0002,0.4437,1.0997,0.1399,2.8835,21.7512,2.766,27.8701
64,0.0442,0.239,1.1537,0.0525,0.0024,0.3434,0.0001,0.0849,0.2141,0.0002,0.4454,1.1644,0.1411,2.7592,26.3849,2.7889,32.3546
65,0.0401,0.3247,1.0578,0.0541,0.0036,0.3403,0.0001,0.075,0.2211,0.0001,0.457,1.1679,0.1473,2.7516,21.2594,2.7475,27.228
66,0.0384,0.3603,1.0323,0.0547,0.0042,0.3493,0.0001,0.0744,0.2178,0.0002,0.4723,1.2261,0.1498,2.8218,21.2596,2.7334,27.2886
67,0.039,0.3187,1.0612,0.0526,0.0035,0.3427,0.0001,0.0951,0.2165,0.0002,0.4592,1.1863,0.153,2.7694,21.3354,2.7476,27.3206
68,0.0411,0.3671,1.0748,0.0515,0.002,0.3325,0.0001,0.0881,0.2139,0.0003,0.4551,1.1592,0.1516,2.8066,21.2005,2.7776,27.262
69,0.0415,0.3339,1.0595,0.0556,0.0045,0.3195,0.0001,0.0888,0.2111,0.0002,0.4632,1.1594,0.1539,2.7603,21.2661,2.7653,27.2604
70,0.0378,0.3228,1.0644,0.0593,0.0022,0.3403,0.0001,0.0935,0.2161,0.0002,0.4578,1.1867,0.1496,2.7728,21.3944,2.7732,27.4069
71,0.0404,0.3197,1.0315,0.0507,0.0016,0.3274,0.0001,0.0809,0.2189,0.0001,0.4617,1.151,0.1434,2.6975,21.829,2.7752,27.7681
72,0.0423,0.1406,1.0666,0.0573,0.002,0.3292,0.0001,0.0835,0.2078,0.0002,0.4547,1.1508,0.1453,2.5641,31.2567,2.7813,37.0473
73,0.0427,0.3301,1.0848,0.0507,0.0018,0.3449,0.0001,0.0892,0.2171,0.0003,0.4587,1.1838,0.1524,2.8072,21.9693,2.7836,28.0272
74,0.0397,0.3199,1.0304,0.0529,0.0017,0.3283,0.0001,0.0817,0.224,0.0001,0.4606,1.1602,0.1431,2.7045,21.6847,2.7878,27.6531
75,0.0431,0.3406,1.0946,0.0542,0.0035,0.3951,0.0001,0.0894,0.2136,0.0002,0.4488,1.222,0.1347,2.8515,21.508,2.7762,27.6434
76,0.0421,0.2703,1.0454,0.0548,0.0053,0.3568,0.0001,0.0867,0.2185,0.0002,0.4726,1.2131,0.1474,2.7297,21.5532,2.7865,27.536
77,0.0389,0.3248,1.0676,0.0569,0.004,0.3373,0,0.0953,0.2155,0.0002,0.4683,1.1992,0.1651,2.8113,21.4403,2.7942,27.5162
78,0.0377,0.3505,1.0379,0.0554,0.0015,0.3143,0.0001,0.0697,0.2057,0.0002,0.4598,1.1153,0.1311,2.6792,21.4417,2.7877,27.381
79,0.0376,0.3363,1.0271,0.0519,0.0015,0.3242,0.0001,0.08,0.207,0.0001,0.4582,1.1316,0.1512,2.6906,21.5259,2.7977,27.4838
80,0.0391,0.1803,1.0521,0.0643,0.002,0.3372,0.0001,0.0766,0.2062,0.0002,0.4715,1.1751,0.1506,2.6106,31.6416,2.8322,37.4978
81,0.0411,0.3325,1.0435,0.0543,0.0063,0.3419,0.0001,0.0754,0.2138,0.0002,0.469,1.1811,0.1498,2.7627,21.5346,2.7959,27.5637
82,0.0408,0.3251,1.0521,0.0523,0.0017,0.3282,0.0001,0.089,0.2191,0.0002,0.4648,1.1767,0.1517,2.7584,21.7086,3.3993,28.34
83,0.039,0.3576,1.0488,0.0691,0.0031,0.3493,0.0001,0.0927,0.2101,0.0002,0.4605,1.204,0.1563,2.8229,21.602,2.8007,27.6928
84,0.0399,0.322,1.025,0.0524,0.0016,0.3239,0.0001,0.0691,0.2079,0.0002,0.447,1.1121,0.1428,2.6536,21.5746,2.8121,27.5121
85,0.039,0.274,1.0041,0.0603,0.0016,0.3182,0.0001,0.0753,0.2082,0.0002,0.446,1.1188,0.1397,2.5852,21.5419,2.8143,27.4107
86,0.0402,0.3217,1.039,0.0572,0.0016,0.3291,0.0001,0.0815,0.2069,0.0001,0.466,1.1536,0.1509,2.716,21.6627,2.8053,27.6556
87,0.0401,0.3597,1.0474,0.0543,0.0035,0.3323,0.0002,0.0739,0.2085,0.0002,0.4606,1.1537,0.1597,2.7738,21.6219,2.8157,27.686
88,0.0417,0.2368,1.0381,0.0695,0.0036,0.3301,0.0001,0.0958,0.2072,0.0002,0.4433,1.1698,0.1492,2.6505,30.152,2.824,36.0711
89,0.0396,0.3267,1.071,0.0573,0.0024,0.3311,0.0002,0.0847,0.2112,0.0002,0.4576,1.1626,0.1382,2.749,21.7183,2.824,27.7615
90,0.042,0.3952,1.0616,0.0575,0.0021,0.3325,0.0001,0.0881,0.2076,0.0002,0.4643,1.1696,0.1391,2.8225,22.5066,2.8152,28.6152
91,0.0427,0.3765,1.0357,0.0609,0.002,0.3347,0.0001,0.0721,0.2079,0.0001,0.4751,1.1685,0.1592,2.7955,21.7146,2.835,27.8149
92,0.0377,0.3182,1.0259,0.0617,0.0058,0.3428,0.0001,0.0775,0.2114,0.0002,0.4675,1.184,0.1504,2.727,21.7299,2.8266,27.7445
93,0.0391,0.3139,1.0072,0.0543,0.0015,0.326,0.0001,0.09,0.212,0.0001,0.4584,1.1567,0.1506,2.6743,21.7257,2.8345,27.7057
94,0.041,0.3337,1.033,0.0592,0.0041,0.3367,0.0001,0.0814,0.2123,0.0003,0.4711,1.1843,0.1445,2.7486,24.8212,4.9664,33.0078
95,0.0409,0.3695,1.0548,0.0535,0.0029,0.338,0.0001,0.0838,0.2038,0.0002,0.4599,1.1608,0.155,2.7922,28.037,2.8683,34.1718
96,0.0325,0.2295,1.0413,0.0625,0.0017,0.317,0.0001,0.0756,0.1964,0.0002,0.452,1.1167,0.1479,2.5784,33.0122,2.8425,38.8526
97,0.0266,0.2774,1.0364,0.0513,0.0016,0.3332,0.0001,0.0935,0.2098,0.0002,0.4515,1.1594,0.1594,2.6736,28.3216,2.8555,34.3258
98,0.0399,0.33,1.1005,0.0619,0.0025,0.3316,0.0001,0.0774,0.2065,0.0002,0.4727,1.1733,0.159,2.8157,26.0842,2.8372,32.2065
99,0.0424,0.3419,1.056,0.0546,0.0028,0.3304,0.0001,0.0814,0.2103,0.0001,0.478,1.1769,0.1525,2.7834,27.4737,4.9243,35.6673
100,0.037,0.272,1.0288,0.0559,0.0015,0.318,0.0001,0.0845,0.2128,0.0002,0.4563,1.141,0.1655,2.6578,22.3773,2.8569,28.3572
101,0.034,0.3371,1.1201,0.0637,0.0029,0.3489,0.0001,0.0922,0.2206,0.0003,0.5045,1.26,0.1667,2.9347,23.4094,5.1031,31.9141
102,0.0391,0.3223,1.0615,0.0526,0.0026,0.3183,0.0001,0.072,0.2108,0.0002,0.4806,1.1529,0.1567,2.7434,22.6128,2.8605,28.6866
103,0.0416,0.3598,1.0559,0.0577,0.0042,0.3185,0.0001,0.0768,0.2078,0.0002,0.4635,1.1475,0.1466,2.7661,23.3346,2.867,29.4408
104,0.0407,0.167,1.0679,0.0539,0.0023,0.3303,0.0001,0.077,0.2049,0.0002,0.4642,1.152,0.1576,2.6013,35.8673,2.8865,41.7988
105,0.0398,0.342,1.077,0.0536,0.0032,0.3342,0.0001,0.0934,0.2131,0.0002,0.4754,1.1955,0.1589,2.8291,25.2019,2.8899,31.3927
106,0.0411,0.48,1.067,0.058,0.0022,0.3277,0.0001,0.0871,0.2105,0.0002,0.4634,1.1678,0.1305,2.8988,24.5055,2.8888,30.7672
107,0.0386,0.3284,1.0468,0.0506,0.002,0.3255,0,0.094,0.2122,0.0001,0.4618,1.1591,0.159,2.7439,23.749,3.0864,30.0579
108,0.0379,0.4224,1.09,0.0581,0.0047,0.3334,0,0.0825,0.2083,0.0002,0.4562,1.1617,0.1543,2.8808,22.0633,2.879,28.2964
109,0.0408,0.3316,1.0336,0.0505,0.0016,0.3154,0.0001,0.0756,0.2081,0.0002,0.4561,1.1166,0.1513,2.6853,22.1729,2.8826,28.2092
110,0.0344,0.3272,1.0542,0.0553,0.0015,0.2563,0.0001,0.0697,0.2068,0.0001,0.4632,1.0622,0.1513,2.6397,22.1495,2.8536,28.1109
111,0.0277,0.3791,1.0195,0.051,0.0014,0.3055,0,0.0676,0.2075,0.0002,0.4736,1.1147,0.1517,2.6996,22.0057,2.8696,28.0455
112,0.0608,0.226,1.0879,0.0605,0.003,0.3151,0.0001,0.0825,0.2037,0.0002,0.4607,1.1393,0.1519,2.6824,28.111,2.8647,34.1205
113,0.0411,0.2751,1.0265,0.0536,0.0016,0.3148,0,0.0768,0.2042,0.0002,0.4828,1.1452,0.1549,2.654,22.0348,2.8654,28.022
114,0.0393,0.3308,1.0312,0.0602,0.0028,0.2753,0,0.0861,0.2101,0.0001,0.4639,1.1078,0.1413,2.6626,22.074,2.8625,28.0687
115,0.0398,0.319,1.0215,0.0535,0.0015,0.3175,0.0001,0.0778,0.2085,0.0001,0.4616,1.1324,0.1475,2.6703,22.0918,2.8662,28.1035
116,0.0397,0.3258,1.041,0.0536,0.0022,0.3324,0.0001,0.0861,0.2112,0.0002,0.4703,1.1746,0.1439,2.7379,22.1791,2.8784,28.2698
117,0.0385,0.3224,1.0497,0.0538,0.0019,0.3381,0.0001,0.0871,0.2132,0.0002,0.4609,1.173,0.1569,2.7525,22.0861,2.8678,28.1734
118,0.0406,0.3174,1.0555,0.051,0.0041,0.3309,0.0001,0.0765,0.2063,0.0001,0.4728,1.1591,0.1608,2.7463,22.4047,2.8654,28.4812
119,0.0409,0.3213,1.0487,0.064,0.0036,0.2768,0.0001,0.1012,0.216,0.0003,0.4647,1.1461,0.1396,2.7114,22.14,2.8824,28.2095
120,0.0404,0.2364,1.1064,0.0598,0.0024,0.3202,0.0001,0.075,0.2002,0.0001,0.4633,1.1393,0.1562,2.6958,26.705,2.8905,32.7207
121,0.0418,0.3475,1.0582,0.0537,0.0024,0.3368,0.0002,0.0783,0.2067,0.0002,0.4767,1.1734,0.1566,2.7915,22.1388,2.8762,28.2883
122,0.0406,0.3267,1.0687,0.0555,0.0045,0.3261,0.0001,0.0836,0.2121,0.0002,0.4781,1.1775,0.1393,2.7674,22.1489,2.8771,28.2779
123,0.0351,0.3248,1.0197,0.0507,0.0015,0.3159,0.0001,0.0954,0.2162,0.0002,0.4615,1.1621,0.1501,2.7003,22.6314,2.9047,28.7036
124,0.0282,0.323,1.0733,0.0498,0.0016,0.3417,0.0001,0.0906,0.209,0.0002,0.4683,1.1731,0.1436,2.7532,22.3992,2.8824,28.5074
125,0.0387,0.2746,1.0251,0.0516,0.0015,0.3124,0.0001,0.0902,0.2097,0.0001,0.4545,1.1325,0.1471,2.6313,22.33,2.8915,28.3233
126,0.0407,0.3416,1.1081,0.0562,0.0039,0.3304,0.0001,0.102,0.2095,0.0002,0.4516,1.1733,0.1526,2.8311,22.1989,2.8924,28.395
127,0.0421,0.3273,1.0442,0.0535,0.0033,0.3252,0.0001,0.0754,0.2099,0.0001,0.4767,1.1619,0.146,2.7343,22.2305,2.8874,28.3231
128,0.0402,0.233,1.0684,0.0575,0.0022,0.3263,0.0001,0.076,0.2053,0.0002,0.4571,1.1408,0.1507,2.6491,32.6124,2.9072,38.611
129,0.0401,0.334,1.038,0.0581,0.0032,0.3189,0.0001,0.0963,0.2102,0.0002,0.4608,1.1673,0.138,2.731,21.9631,2.8821,28.0548
130,0.0428,0.3454,1.0685,0.0594,0.0034,0.324,0.0001,0.091,0.2063,0.0002,0.454,1.1539,0.1509,2.7729,22.2453,2.8801,28.3684
131,0.0379,0.3159,1.0427,0.0519,0.0017,0.3266,0.0001,0.0847,0.2099,0.0001,0.4554,1.1428,0.1474,2.6988,22.4303,2.8799,28.4789
132,0.0402,0.3349,1.0871,0.058,0.0034,0.3097,0.0001,0.1014,0.211,0.0002,0.4516,1.1544,0.1419,2.7713,22.3097,2.8877,28.4444
133,0.0386,0.4953,1.0304,0.0519,0.0014,0.3167,0.0001,0.0764,0.2053,0.0001,0.455,1.116,0.1405,2.8338,22.372,2.9013,28.5852
134,0.0344,0.3333,1.0475,0.052,0.0015,0.2697,0,0.072,0.2069,0.0002,0.4725,1.0837,0.1516,2.6618,22.3555,2.8823,28.3727
135,0.0255,0.3408,1.0226,0.055,0.0015,0.3207,0,0.0718,0.213,0.0002,0.4623,1.1333,0.1434,2.675,22.3475,2.8927,28.3819
136,0.0298,0.1657,1.0458,0.0656,0.0023,0.3287,0.0001,0.0837,0.2044,0.0002,0.456,1.1597,0.1486,2.5662,26.9355,2.9085,32.8726
137,0.0383,0.33,1.0276,0.0628,0.0037,0.2895,0.0001,0.0829,0.208,0.0002,0.4588,1.1258,0.1442,2.6784,22.8112,2.9084,28.8686
138,0.0402,0.337,1.0689,0.0579,0.0019,0.3263,0.0001,0.0923,0.213,0.0002,0.4656,1.1774,0.1515,2.7864,22.4043,2.9133,28.5739
139,0.0381,0.4939,1.0953,0.0539,0.0023,0.3407,0.0002,0.0844,0.214,0.0002,0.4532,1.1669,0.1758,2.9818,29.1244,4.793,37.3741
140,0.041,0.336,1.0912,0.0586,0.0039,0.3296,0.0001,0.0875,0.213,0.0003,0.4615,1.1735,0.1597,2.8156,25.0311,4.1528,32.4737
141,0.0419,0.331,1.0632,0.0525,0.0017,0.3167,0.0001,0.0862,0.2131,0.0002,0.4834,1.1712,0.1587,2.7776,25.7798,4.9977,34.0203
142,0.043,0.3209,1.0266,0.0537,0.0038,0.3347,0.0001,0.0874,0.2171,0.0002,0.4748,1.1909,0.1484,2.7422,26.5908,2.9332,32.7379
143,0.0401,0.3489,1.0516,0.0524,0.0042,0.2833,0.0001,0.0919,0.2107,0.0002,0.4536,1.1163,0.1461,2.7133,28.5194,2.9387,34.6482
144,0.0607,0.1371,1.0674,0.0559,0.0016,0.3076,0.0001,0.0805,0.2081,0.0002,0.4534,1.1169,0.1454,2.54,36.1381,3.643,42.785
145,0.0378,0.2832,1.0807,0.0577,0.0026,0.3339,0.0001,0.0909,0.2137,3.7772,0.6342,5.1353,0.1387,6.6901,22.3291,2.9022,32.3759
146,0.039,0.3238,1.0332,0.0507,0.0025,0.2606,0.0001,0.0785,0.2076,0.0002,0.4691,1.0784,0.1475,2.6312,22.1398,2.8844,28.1237
147,0.0408,0.3745,1.0317,0.052,0.0015,0.3129,0.0001,0.0674,0.2064,3.569,0.6227,4.8497,0.1637,6.4758,22.3068,2.8944,32.1471
148,0.0377,0.3264,1.0588,0.0563,0.0035,0.3188,0.0001,0.0753,0.2117,3.5942,0.6185,4.9009,0.1454,6.4809,22.4702,2.8946,32.3168
149,0.0382,0.3561,1.0532,0.0529,0.0016,0.2736,0.0001,0.0693,0.2104,0.0001,0.457,1.0745,0.1564,2.6901,22.9445,2.8933,29.0171
150,0.0409,0.3281,1.0344,0.0509,0.0024,0.3182,0,0.0812,0.2095,3.7618,0.6232,5.0627,0.1492,6.6273,22.3547,2.9072,32.3589
151,0.0412,0.3184,1.034,0.0532,0.0016,0.2689,0,0.0904,0.2124,0.0002,0.4676,1.1054,0.1462,2.6564,22.3161,2.9047,28.347
152,0.0606,0.2312,1.0753,0.0649,0.0042,0.2791,0.0002,0.0869,0.2046,0.0001,0.4552,1.1146,0.1472,2.6451,25.6572,2.925,31.7081
153,0.0433,0.3315,1.0826,0.0593,0.0021,0.2873,0.0001,0.0767,0.2098,0.0002,0.488,1.138,0.1373,2.7485,23.5572,2.8929,29.6761
154,0.0388,0.3167,1.0445,0.0561,0.0026,0.2663,0.0001,0.075,0.2119,0.0002,0.4779,1.1038,0.159,2.6792,22.3596,2.9309,28.4478
155,0.0416,0.3992,1.0782,0.0587,0.0032,0.2725,0.0001,0.0914,0.2147,0.0002,0.4698,1.1307,0.1584,2.8202,22.4006,2.9031,28.5982
156,0.0393,0.3989,1.0683,0.0589,0.0019,0.3252,0.0002,0.094,0.2127,0.0002,0.4625,1.1734,0.1353,2.8271,22.4698,2.9057,28.6694
157,0.0395,0.486,1.0527,0.0514,0.0018,0.2754,0.0001,0.0901,0.2127,0.0002,0.4881,1.1392,0.1485,2.8791,22.5475,2.9064,28.8013
158,0.0389,0.4365,1.0544,0.0576,0.0037,0.3282,0.0001,0.083,0.2131,0.0002,0.4689,1.1741,0.1526,2.8712,22.4309,2.9002,28.6801
159,0.0405,0.3217,1.0517,0.0531,0.0023,0.2783,0.0001,0.0923,0.2131,0.0002,0.4657,1.1227,0.1476,2.6985,22.4592,2.8991,28.5376
160,0.0423,0.2349,1.0521,0.055,0.0026,0.2882,0.0001,0.0878,0.2004,0.0002,0.4843,1.138,0.1585,2.6419,25.8528,2.8964,31.8367
161,0.0424,0.325,1.0605,0.0549,0.0023,0.2954,0.0001,0.0836,0.2083,0.0002,0.4793,1.1433,0.1627,2.7486,23.0798,2.9002,29.2117
162,0.0414,0.273,1.0358,0.0526,0.002,0.2798,0.0001,0.0803,0.2083,0.0003,0.4917,1.1317,0.1446,2.637,22.32,2.8842,28.3116
163,0.0402,0.3168,1.0417,0.0558,0.0035,0.3656,0.0001,0.1004,0.218,0.0002,0.4738,1.2343,0.157,2.8023,22.4215,2.8978,28.5941
164,0.0413,0.3241,1.076,0.0523,0.003,0.2701,0.0001,0.0815,0.215,0.0002,0.4708,1.111,0.1559,2.7216,22.3661,2.9047,28.4633
165,0.0421,0.3271,1.0319,0.0542,0.0018,0.28,0.0001,0.0816,0.2119,0.0002,0.4604,1.0998,0.1546,2.6665,22.4055,2.9358,28.4901
166,0.0451,0.3551,1.0532,0.0631,0.0031,0.28,0.0001,0.0908,0.2128,0.0002,0.4722,1.1412,0.1628,2.7881,22.7962,2.9014,28.9697
167,0.0394,0.3205,1.0382,0.0515,0.0014,0.2574,0.0001,0.0724,0.2014,0.0001,0.4733,1.0673,0.1488,2.6259,23.0128,2.9203,29.0309
168,0.0597,0.2315,1.0415,0.0585,0.0024,0.2727,0.0001,0.084,0.2002,0.0003,0.4697,1.1069,0.1406,2.5961,32.1876,2.9236,38.1765
169,0.0414,0.3255,1.0405,0.0553,0.0016,0.2821,0.0002,0.0852,0.2133,0.0001,0.48,1.1345,0.1556,2.7085,22.3384,2.9076,28.4274
170,0.0412,0.3351,1.0508,0.0554,0.0016,0.2749,0.0001,0.0825,0.2104,0.0002,0.4684,1.1041,0.1385,2.6825,22.2528,2.8966,28.3032
171,0.0405,0.3412,1.0261,0.0518,0.0015,0.3177,0.0001,0.0947,0.2125,0.0001,0.4729,1.1628,0.1552,2.7359,22.3279,2.8986,28.4304
172,0.0384,0.3257,1.0202,0.0543,0.0016,0.3191,0.0001,0.0719,0.2056,0.0002,0.4609,1.1245,0.1501,2.6698,22.3749,2.9059,28.4225
173,0.0412,0.3812,1.0393,0.0516,0.0016,0.326,0.0001,0.0928,0.2145,0.0002,0.4687,1.1666,0.1521,2.7897,22.4972,2.9018,28.6637
174,0.0407,0.3327,1.0137,0.0548,0.0016,0.2626,0.0001,0.0785,0.2056,0.0001,0.4686,1.0837,0.1506,2.6326,22.247,2.9076,28.2599
175,0.039,0.3365,1.0431,0.0564,0.0038,0.3332,0.0001,0.0857,0.2069,0.0001,0.4629,1.166,0.1493,2.7505,22.4536,2.9236,28.5966
176,0.0597,0.1404,1.0389,0.0531,0.0021,0.2754,0.0001,0.0767,0.2156,0.0002,0.4649,1.1074,0.1444,2.509,25.216,2.9016,31.1043
177,0.0399,0.2743,1.0643,0.0556,0.0023,0.3352,0.0001,0.0734,0.2078,0.0001,0.4595,1.152,0.1511,2.6928,22.3956,2.9123,28.4982
178,0.0426,0.3237,1.0431,0.0532,0.0019,0.3216,0.0001,0.0929,0.2165,0.0002,0.4676,1.1712,0.144,2.7363,22.3055,2.9027,28.4273
179,0.0404,0.4131,1.0481,0.0534,0.0051,0.2862,0.0001,0.0865,0.2148,0.0002,0.4728,1.1376,0.1468,2.801,22.8823,2.8945,29.053
180,0.0383,0.324,1.0475,0.0539,0.0017,0.3248,0.0001,0.0852,0.21,0.0002,0.4862,1.1791,0.1637,2.765,22.3282,2.9155,28.4786
181,0.0405,0.3353,1.0297,0.0511,0.0022,0.2762,0.0001,0.0903,0.2138,0.0002,0.4845,1.1378,0.1465,2.7026,24.2548,2.9152,30.3425
182,0.0378,0.2685,1.0667,0.0571,0.0036,0.3243,0.0001,0.0754,0.2099,0.0002,0.4745,1.1623,0.1544,2.7045,22.2522,2.9283,28.3626
183,0.0419,0.3319,1.0369,0.0503,0.0032,0.3152,0.0001,0.0823,0.2126,0.0003,0.4784,1.1605,0.1562,2.7395,23.4341,5.3853,32.0318
184,0.0432,0.2344,1.0453,0.0511,0.002,0.2652,0.0001,0.0847,0.2066,0.0002,0.4486,1.0803,0.152,2.5698,31.106,2.9563,37.0819
185,0.0394,0.3322,1.0735,0.0533,0.0035,0.271,0.0001,0.0794,0.2066,0.0002,0.4793,1.1098,0.1374,2.7059,30.982,5.0686,39.223
186,0.0419,0.3376,1.0488,0.0588,0.0026,0.2867,0.0001,0.081,0.2143,0.0002,0.4855,1.1486,0.1436,2.7307,28.9801,2.9552,35.1353
187,0.0337,0.3182,1.023,0.0503,0.0017,0.2694,0.0001,0.0702,0.2071,0.0001,0.4744,1.0817,0.1455,2.6085,25.9054,2.9405,31.9314
188,0.0271,0.3908,1.0147,0.0546,0.0015,0.2674,0,0.07,0.2047,0.0001,0.473,1.0796,0.1298,2.6482,32.638,2.9086,38.6736
189,0.0272,0.3666,1.0606,0.0542,0.0016,0.273,0.0001,0.0948,0.212,0.0002,0.4723,1.1325,0.1433,2.747,22.1759,2.8845,28.2801
190,0.0393,0.4039,1.0487,0.0608,0.0033,0.2838,0.0001,0.0752,0.2135,0.0003,0.4879,1.1427,0.1553,2.805,22.3958,2.9107,28.589
191,0.0413,0.3206,1.0246,0.0576,0.0015,0.2612,0.0001,0.074,0.2074,0.0001,0.4754,1.0892,0.1518,2.639,22.562,2.9068,28.5696
192,0.0381,0.2295,1.0562,0.0597,0.0015,0.2658,0.0001,0.0917,0.1993,0.0002,0.4703,1.0985,0.144,2.5794,30.4469,2.9225,36.3683
193,0.0397,0.2767,1.0374,0.0564,0.002,0.3166,0.0001,0.0724,0.2076,0.0002,0.4714,1.1452,0.145,2.6567,22.4583,2.9185,28.5057
194,0.0344,0.3204,1.0072,0.0525,0.0015,0.3224,0.0001,0.0788,0.2023,0.0002,0.4756,1.1456,0.145,2.6624,22.4945,2.9189,28.5433
195,0.0278,0.3225,1.067,0.0598,0.0051,0.2832,0.0001,0.0793,0.2095,0.0003,0.4749,1.1403,0.158,2.7291,22.8821,2.9268,29.0098
196,0.0428,0.3997,1.0556,0.0575,0.0063,0.3259,0.0001,0.0765,0.2109,0.0002,0.4656,1.1651,0.1604,2.8376,23.0328,2.9114,29.2619
197,0.0421,0.328,1.04,0.0524,0.002,0.3357,0.0001,0.0912,0.2128,0.0002,0.4692,1.1816,0.1443,2.747,22.4426,2.927,28.5902
198,0.0385,0.3209,1.042,0.0531,0.0021,0.3438,0.0001,0.0949,0.2214,0.0002,0.4938,1.2256,0.1406,2.7805,24.2287,2.8991,30.3826
199,0.0414,0.3432,1.0451,0.0556,0.0021,0.2795,0.0001,0.0844,0.213,0.0002,0.4736,1.1296,0.1621,2.7494,22.4222,2.9094,28.5528
200,0.0407,0.2324,1.0483,0.052,0.0015,0.3087,0.0001,0.0741,0.1964,0.0001,0.4686,1.1101,0.1428,2.5853,30.0021,3.3377,36.3688
201,0.0407,0.3945,1.0102,0.0503,0.0015,0.2683,0,0.0695,0.2147,0.0001,0.4807,1.0932,0.1461,2.6908,22.2816,2.9094,28.3504
202,0.0409,0.3103,1.0295,0.0559,0.0018,0.3325,0.0001,0.0921,0.2155,0.0002,0.4637,1.1815,0.1574,2.7304,22.3632,2.906,28.4724
203,0.042,0.3175,1.036,0.051,0.0046,0.3332,0.0001,0.0735,0.2151,0.0002,0.4628,1.1594,0.1476,2.7149,22.4589,2.9043,28.5492
204,0.0381,0.3333,1.0588,0.0571,0.0042,0.2817,0.0001,0.0911,0.2175,0.0002,0.4638,1.1339,0.1464,2.7239,22.6286,2.9309,28.7556
205,0.0418,0.3559,1.0201,0.0572,0.0015,0.2661,0.0001,0.0728,0.2137,0.0003,0.4926,1.12,0.1613,2.717,22.1675,2.9138,28.2683
206,0.0402,0.3278,1.0385,0.0589,0.0018,0.2769,0.0001,0.0796,0.2132,0.0002,0.4759,1.1216,0.1473,2.6889,22.5174,2.9002,28.5823
207,0.0396,0.3273,1.045,0.057,0.0036,0.2749,0.0001,0.0919,0.2139,0.0002,0.4737,1.1351,0.1592,2.7182,22.4074,2.9176,28.5168
208,0.0399,0.1373,1.0452,0.0663,0.0022,0.269,0.0001,0.0851,0.2014,0.0002,0.4542,1.0965,0.1563,2.4921,25.433,2.8987,31.259
209,0.0408,0.4079,1.0821,0.0571,0.0019,0.2869,0.0001,0.0741,0.2188,0.0003,0.4836,1.1404,0.1462,2.8272,25.8042,2.9,32.0195
210,0.0418,0.3929,1.0602,0.0549,0.0018,0.2898,0.0001,0.0737,0.2117,0.0002,0.4812,1.1308,0.1596,2.7987,22.4302,2.9326,28.6319
211,0.041,0.3212,1.0675,0.0599,0.0017,0.2786,0.0001,0.094,0.2169,0.0002,0.4765,1.1469,0.1491,2.7398,22.2763,2.9143,28.4021
212,0.0429,0.3202,1.0491,0.0578,0.0019,0.3308,0.0001,0.0744,0.2115,0.0002,0.4511,1.1446,0.1588,2.727,22.7929,2.9644,28.9598
213,0.0405,0.2732,1.0293,0.0521,0.0019,0.2832,0.0001,0.0812,0.2129,0.0002,0.453,1.1038,0.1379,2.5967,22.6912,2.9233,28.6865
214,0.0381,0.3348,1.056,0.0525,0.0042,0.2886,0.0001,0.0918,0.2144,0.0002,0.4627,1.1334,0.156,2.733,22.3662,2.9127,28.4826
215,0.04,0.376,1.0089,0.0564,0.0015,0.2569,0.0001,0.0773,0.2094,0.0002,0.4535,1.0645,0.1429,2.645,22.4186,2.9113,28.4418
216,0.0416,0.1422,1.036,0.0713,0.0018,0.3142,0.0001,0.0758,0.207,0.0002,0.4638,1.1548,0.1565,2.5444,28.2048,2.9301,34.1152
217,0.0376,0.3268,1.0407,0.0631,0.0038,0.2752,0.0001,0.0757,0.2119,0.0002,0.4749,1.1244,0.145,2.6892,22.4992,2.9163,28.5768
218,0.0395,0.3191,1.0319,0.0553,0.0017,0.2704,0,0.0734,0.2101,0.0002,0.468,1.0891,0.1548,2.647,22.3339,2.9051,28.3604
219,0.0427,0.3406,1.0317,0.0543,0.0024,0.2702,0.0001,0.076,0.2101,0.0002,0.466,1.0979,0.1556,2.681,22.3882,2.9248,28.4685
220,0.0408,0.3267,1.0335,0.0563,0.0015,0.26,0.0001,0.0772,0.206,0.0001,0.4583,1.0689,0.1625,2.6451,22.4248,2.909,28.451
221,0.0388,0.3867,1.0185,0.0544,0.0017,0.2678,0.0001,0.0781,0.2057,0.0002,0.4578,1.0757,0.1455,2.675,22.4716,2.9214,28.5409
222,0.0414,0.3234,1.0062,0.0521,0.0014,0.2584,0,0.078,0.2101,0.0002,0.4769,1.0862,0.1425,2.6088,22.3864,2.914,28.3834
223,0.0392,0.3991,1.0008,0.0565,0.0016,0.2676,0,0.0899,0.2119,0.0001,0.4628,1.1028,0.1526,2.701,22.5222,2.9177,28.613
224,0.0422,0.2359,1.0602,0.0524,0.002,0.2783,0.0001,0.0824,0.2111,0.0002,0.4733,1.12,0.165,2.6393,27.3018,2.9183,33.2911
225,0.0338,0.3384,1.0319,0.0487,0.0016,0.2635,0.0001,0.0842,0.2131,0.0002,0.4686,1.0945,0.1445,2.65,22.4678,2.9106,28.5004
226,0.0277,0.3309,1.0603,0.0559,0.0051,0.2856,0.0001,0.078,0.213,0.0001,0.4734,1.132,0.1468,2.711,26.0628,3.0348,32.2822
227,0.028,0.3337,1.0976,0.0536,0.004,0.2833,0.0001,0.0879,0.2283,0.0003,0.5061,1.1878,0.1422,2.8013,23.9027,2.9566,30.1472
228,0.0412,0.4247,1.079,0.0683,0.0046,0.3346,0.0001,0.0922,0.2204,0.0003,0.4833,1.2257,0.1495,2.9372,33.9231,3.1298,40.4864
229,0.0416,0.3287,1.0891,0.056,0.0035,0.273,0.0001,0.0902,0.2122,0.0002,0.4703,1.125,0.149,2.7487,27.4866,2.9432,33.6513
230,0.0401,0.3238,1.04,0.0571,0.0038,0.2862,0.0001,0.0765,0.2089,0.0002,0.4776,1.1294,0.1443,2.6898,26.0041,2.9283,32.0953
231,0.042,0.3278,1.046,0.0514,0.0038,0.27,0.0001,0.0789,0.2141,0.0002,0.4812,1.1178,0.1392,2.6869,27.1632,5.1132,35.4414
232,0.0412,0.1413,1.0653,0.0577,0.002,0.2702,0.0001,0.0814,0.2045,0.0001,0.4835,1.1358,0.1557,2.5529,32.8385,4.4464,40.2786
233,0.041,0.2666,1.0586,0.0558,0.0034,0.2557,0.0001,0.0722,0.2067,0.0002,0.4817,1.0945,0.1469,2.6222,30.5552,2.9206,36.5655
234,0.0398,0.3298,1.052,0.0592,0.0021,0.2702,0,0.0828,0.2126,0.0002,0.4604,1.1031,0.1407,2.6754,25.7677,2.9115,31.8259
235,0.0415,0.3328,1.0563,0.0577,0.0039,0.3286,0.0001,0.0925,0.2071,0.0002,0.461,1.1692,0.1601,2.7729,26.1037,2.9081,32.2601
236,0.0392,0.3302,1.0278,0.0513,0.0017,0.2655,0.0001,0.075,0.2086,0.0001,0.4637,1.0756,0.1361,2.6201,25.5175,2.9317,31.5437
237,0.0408,0.3324,1.0243,0.0533,0.0017,0.3052,0.0001,0.0776,0.2072,0.0002,0.4652,1.1207,0.1434,2.674,35.3722,2.9289,41.4529
238,0.0416,0.3487,1.0281,0.0557,0.0016,0.2656,0.0001,0.0702,0.2049,0.0002,0.4676,1.0797,0.1424,2.654,25.9048,2.9786,32.023
239,0.0367,0.3254,1.0608,0.0555,0.0042,0.3272,0.0001,0.0851,0.2073,0.0002,0.4707,1.1701,0.155,2.76,25.4932,2.9279,31.6506
240,0.0274,0.2352,1.0512,0.058,0.0026,0.2758,0.0002,0.0926,0.2021,0.0002,0.4594,1.1127,0.1515,2.5936,31.6042,2.9458,37.5681
241,0.0402,0.3439,1.0678,0.0557,0.0032,0.2868,0.0001,0.0734,0.2109,0.0002,0.4796,1.1277,0.1612,2.755,22.5585,2.9028,28.6932
242,0.0412,0.3244,1.0628,0.0577,0.0034,0.2848,0.0001,0.0789,0.2084,0.0002,0.4672,1.1199,0.1631,2.723,22.549,2.9015,28.6481
243,0.0401,0.3296,1.0443,0.055,0.002,0.2953,0.0002,0.0913,0.2141,0.0002,0.4794,1.1569,0.1455,2.7271,22.3743,2.8943,28.4658
244,0.0425,0.3255,1.0405,0.0548,0.0014,0.2652,0.0001,0.0777,0.2026,0.0002,0.4777,1.0933,0.1479,2.6617,22.4243,2.9148,28.4726
245,0.042,0.3195,1.0085,0.0535,0.0016,0.2619,0.0001,0.0819,0.2052,0.0002,0.4724,1.0868,0.1344,2.5981,22.5858,2.9063,28.5624
246,0.0423,0.3263,1.0146,0.0558,0.0015,0.2614,0.0001,0.0771,0.2038,0.0002,0.4636,1.0755,0.1488,2.6164,22.4172,2.8911,28.3957
247,0.0402,0.3853,1.0198,0.0546,0.0015,0.2566,0.0001,0.0763,0.2065,0.0001,0.4828,1.0864,0.1417,2.6809,22.2903,2.8978,28.3403
248,0.0413,0.1414,1.0107,0.0528,0.0022,0.2658,0.0001,0.0783,0.202,0.0002,0.4392,1.0537,0.1492,2.4067,31.7787,2.9248,37.5492
249,0.0422,0.2766,1.0344,0.0502,0.0015,0.2655,0.0001,0.0799,0.2083,0.0001,0.4655,1.0798,0.1438,2.5853,22.4568,2.9376,28.4581
250,0.0413,0.3817,0.9987,0.0526,0.0014,0.2635,0,0.0762,0.2041,0.0001,0.4609,1.0666,0.1495,2.6437,22.4474,2.9205,28.4836
251,0.0394,0.3205,1.0033,0.0526,0.0015,0.2559,0.0001,0.0682,0.206,0.0002,0.4649,1.0571,0.1323,2.5583,22.7107,2.9105,28.6534
252,0.0389,0.3521,0.9991,0.0527,0.0014,0.2872,0,0.0855,0.2099,0.0001,0.4788,1.1292,0.1586,2.6868,22.6179,2.8962,28.6772
253,0.04,0.3259,1.0523,0.0546,0.0022,0.2829,0.0001,0.1003,0.2086,0.0002,0.4714,1.1332,0.1426,2.7112,22.478,2.9101,28.574
254,0.039,0.3278,1.0185,0.0669,0.0019,0.3126,0.0001,0.0947,0.2122,0.0001,0.4697,1.1778,0.1605,2.7352,22.3056,2.911,28.4245
255,0.0424,0.4228,1.0503,0.0521,0.0035,0.2704,0.0001,0.0888,0.2081,0.0002,0.4664,1.1085,0.1461,2.7833,23.1153,2.9475,29.3188
256,0.0583,0.2772,1.0759,0.0602,0.002,0.308,0.0001,0.0778,0.2061,0.0002,0.4897,1.1613,0.146,2.735,25.3891,2.9167,31.5193
257,0.0416,0.3632,1.049,0.0621,0.0022,0.3343,0.0001,0.094,0.2117,0.0003,0.4635,1.1883,0.1547,2.8085,22.5944,2.9238,28.808
258,0.0413,0.3277,1.0631,0.0568,0.0024,0.2761,0.0001,0.0761,0.21,0.0002,0.4701,1.1109,0.1527,2.7098,22.4395,2.9078,28.5272
259,0.0393,0.3863,1.0355,0.0585,0.0019,0.3285,0,0.0873,0.2219,0.0002,0.4771,1.1923,0.1524,2.8201,22.4358,2.9019,28.6283
260,0.0422,0.3288,1.0468,0.0533,0.0019,0.2736,0.0001,0.0899,0.2051,0.0002,0.4764,1.1175,0.1551,2.7037,22.5737,2.909,28.6591
261,0.0424,0.3252,1.0502,0.0526,0.0017,0.2742,0.0001,0.0728,0.2165,0.0002,0.4839,1.1213,0.1614,2.7127,22.5363,2.9071,28.6304
262,0.0357,0.3242,1.01,0.0618,0.0061,0.2782,0.0001,0.0812,0.2079,0.0001,0.4747,1.1264,0.1373,2.6461,22.3495,2.9045,28.372
263,0.0302,0.2696,1.0382,0.0502,0.0019,0.274,0.0001,0.0942,0.2116,0.0002,0.4751,1.1246,0.1523,2.6256,22.4456,2.9012,28.4468
264,0.0404,0.2339,1.0253,0.0529,0.0022,0.2834,0.0001,0.0883,0.2008,0.0002,0.4647,1.1108,0.1584,2.5861,25.1868,4.3817,32.6138
265,0.0421,0.3223,1.0645,0.0554,0.0049,0.2946,0.0001,0.0846,0.2151,0.0002,0.4769,1.1988,0.1502,2.7911,22.5376,2.9017,28.7152
266,0.0407,0.3258,1.0528,0.0532,0.0022,0.2867,0.0001,0.0728,0.2072,0.0002,0.4672,1.1076,0.1487,2.6888,22.8877,2.9109,28.9598
267,0.0408,0.2664,1.0267,0.056,0.0045,0.3289,0.0001,0.0751,0.2118,0.0002,0.496,1.1912,0.1374,2.6753,22.3765,2.9246,28.4475
268,0.0407,0.3286,1.0399,0.0618,0.0021,0.2778,0.0001,0.093,0.2109,0.0002,0.4665,1.1312,0.1657,2.7188,22.438,2.9055,28.534
269,0.0421,0.3922,1.0401,0.0576,0.0044,0.2808,0.0001,0.0826,0.209,0.0002,0.4841,1.1362,0.1461,2.7691,22.33,2.9027,28.4761
270,0.0341,0.3291,1.0271,0.0538,0.0027,0.268,0.0001,0.0732,0.2089,0.0002,0.4779,1.0991,0.1576,2.6605,22.2729,2.9916,28.3968
271,0.027,0.3253,1.0406,0.0534,0.0016,0.3094,0.0002,0.0815,0.2224,0.0002,0.4856,1.1678,0.16,2.7333,22.5169,2.9194,28.6479
272,0.058,0.2319,1.0857,0.0694,0.0021,0.3348,0.0001,0.0975,0.2027,0.0002,0.4716,1.1994,0.1606,2.7514,35.5788,2.9317,41.7114
273,0.0422,0.3333,1.0509,0.0545,0.0043,0.2731,0.0001,0.0738,0.2043,0.0002,0.4578,1.0865,0.1475,2.6743,28.6827,2.9631,34.8036
274,0.0409,0.3286,1.0511,0.0582,0.0029,0.27,0.0001,0.0847,0.2221,0.0003,0.4718,1.1253,0.138,2.6971,29.7531,2.9474,35.8714
275,0.0388,0.3331,1.0348,0.0612,0.0016,0.2582,0.0001,0.0704,0.2107,0.0003,0.4882,1.1048,0.1638,2.6894,27.7757,2.9364,33.877
276,0.0391,0.3938,1.082,0.0546,0.0033,0.2773,0.0001,0.0869,0.2083,0.0002,0.4744,1.1237,0.1522,2.8051,27.6221,2.9246,33.8304
277,0.0409,0.267,1.0308,0.056,0.002,0.2765,0.0001,0.0733,0.2159,0.0003,0.4543,1.0952,0.1495,2.5973,28.3431,2.908,34.3203
278,0.0401,0.3259,1.0656,0.0579,0.0038,0.2747,0.0001,0.0832,0.2097,0.0002,0.5053,1.1531,0.1792,2.7801,23.225,2.8895,29.3669
279,0.041,0.33,1.0383,0.0566,0.0022,0.2821,0.0002,0.0969,0.2086,0.0002,0.4679,1.1347,0.1525,2.7086,22.4218,2.8949,28.5026
280,0.0422,0.141,1.057,0.0552,0.0019,0.2795,0.0001,0.0891,0.2004,0.0002,0.4512,1.0948,0.1501,2.4993,32.2437,2.9116,38.0939
281,0.0411,0.4924,1.0857,0.0561,0.004,0.3234,0.0001,0.093,0.2103,0.0002,0.4585,1.1635,0.1478,2.9451,23.6148,2.8945,29.9286
282,0.0406,0.3236,1.0586,0.0502,0.0018,0.2772,0.0001,0.075,0.2071,0.0002,0.4698,1.0978,0.1418,2.676,22.4332,2.9038,28.4887
283,0.0405,0.3244,1.0237,0.0569,0.0016,0.2664,0.0002,0.0934,0.2076,0.0002,0.4674,1.1022,0.1494,2.6497,22.4879,2.9119,28.5225
284,0.0414,0.3301,1.0059,0.0525,0.0015,0.3071,0.0001,0.0788,0.208,0.0002,0.4807,1.1411,0.1512,2.6807,22.4618,2.9286,28.5499
285,0.0434,0.3968,1.0996,0.0607,0.0028,0.2909,0.0001,0.0982,0.219,0.0002,0.4926,1.1835,0.1651,2.9041,22.3249,2.8947,28.5905
286,0.04,0.3322,1.0507,0.0555,0.0023,0.2862,0.0001,0.0826,0.21,0.0003,0.4653,1.1194,0.1447,2.7019,22.3897,2.9013,28.4671
287,0.0422,0.3878,1.0451,0.0518,0.002,0.2875,0.0001,0.0792,0.2103,0.0002,0.4613,1.1102,0.1568,2.7559,22.585,2.9104,28.7305
288,0.0378,0.1428,1.0576,0.0564,0.0038,0.2711,0.0001,0.0804,0.1975,0.0001,0.46,1.0849,0.1444,2.4799,29.1293,2.9163,34.9627
289,0.0368,0.3392,1.0233,0.0515,0.0015,0.3156,0,0.0724,0.2052,0.0001,0.4634,1.1185,0.1447,2.6691,22.3482,2.908,28.3967
290,0.0273,0.4974,1.039,0.0487,0.0015,0.2998,0.0001,0.0769,0.206,0.0002,0.4585,1.1004,0.1405,2.8126,22.3825,2.8942,28.564
291,0.0264,0.3066,0.9919,0.0498,0.0015,0.2666,0.0001,0.0748,0.2095,0.0002,0.4624,1.0726,0.1357,2.5392,22.5194,2.9005,28.4275
292,0.0273,0.3225,1.0126,0.0523,0.0014,0.2669,0,0.0786,0.2046,0.0001,0.4685,1.0801,0.1461,2.5946,22.3666,2.9096,28.3433
293,0.027,0.319,1.0068,0.053,0.0016,0.2714,0.0001,0.078,0.2041,0.0001,0.4625,1.0786,0.1416,2.5801,22.5411,2.9033,28.4923
294,0.0279,0.3417,1.0199,0.0542,0.0014,0.2652,0.0001,0.0691,0.2068,0.0001,0.4819,1.0867,0.1414,2.6236,22.4217,2.8963,28.4196
295,0.0276,0.3202,1.0313,0.0516,0.0028,0.2766,0.0001,0.0898,0.21,0.0002,0.4851,1.1346,0.1547,2.6789,22.6186,2.9008,28.6706
296,0.0293,0.1409,1.0633,0.057,0.0026,0.3273,0.0001,0.0794,0.2068,0.0002,0.4774,1.1714,0.1555,2.5768,31.9998,2.9075,37.9549
297,0.0382,0.3574,1.0608,0.0508,0.0019,0.2744,0.0001,0.0889,0.2087,0.0002,0.4637,1.1083,0.1492,2.7282,22.4444,2.9064,28.5574
298,0.0417,0.3215,1.0439,0.055,0.0041,0.2946,0.0001,0.0844,0.2107,0.0001,0.4781,1.1585,0.1398,2.7176,22.4971,2.9056,28.5931
299,0.0409,0.4481,1.0539,0.0533,0.0036,0.2781,0.0001,0.0926,0.2105,0.0002,0.4682,1.1246,0.1437,2.8237,22.6506,2.9198,28.8683
300,0.0405,0.3535,1.0239,0.0632,0.0022,0.2717,0.0001,0.0888,0.2097,0.0002,0.4893,1.1421,0.1715,2.7405,22.6963,2.9611,28.8706
301,0.0386,0.322,1.0406,0.052,0.0032,0.2808,0.0001,0.0831,0.2082,0.0002,0.4822,1.1283,0.1598,2.7002,22.6866,2.9099,28.7757
302,0.0409,0.3217,1.0513,0.0569,0.0037,0.2816,0.0001,0.0733,0.205,0.0002,0.457,1.095,0.1511,2.6739,24.0198,2.9133,30.0889
303,0.0412,0.3276,1.0501,0.0542,0.0019,0.278,0.0001,0.071,0.2119,0.0002,0.4691,1.1038,0.1618,2.6984,22.466,2.9004,28.5365
304,0.0581,0.2295,1.0396,0.0551,0.0015,0.2683,0.0001,0.0815,0.1956,0.0002,0.4637,1.0757,0.1337,2.5523,32.0952,2.9061,38.0237
305,0.0395,0.3515,1.0338,0.0526,0.0015,0.2664,0.0001,0.0689,0.2053,0.0001,0.4624,1.0654,0.1427,2.6396,22.3747,2.9025,28.3904
306,0.0417,0.3993,1.0068,0.0557,0.0016,0.2606,0.0001,0.0821,0.2054,0.0001,0.4737,1.0913,0.1542,2.7003,22.422,2.8978,28.4935
307,0.0414,0.3342,1.0083,0.0551,0.0016,0.2682,0.0001,0.0805,0.2062,0.0002,0.4719,1.0924,0.1422,2.6267,22.4791,2.9138,28.4886
308,0.04,0.3155,1.0678,0.0573,0.0034,0.3197,0.0001,0.0796,0.2073,0.0001,0.4586,1.1458,0.152,2.7323,22.399,2.8975,28.5029
309,0.0409,0.3313,1.0302,0.0525,0.0029,0.3132,0.0001,0.072,0.2079,0.0002,0.463,1.1222,0.1388,2.6765,22.3656,2.8873,28.4031
310,0.0397,0.3312,1.0372,0.0532,0.0016,0.2676,0,0.0707,0.206,0.0001,0.4803,1.0897,0.155,2.6658,22.4092,2.8885,28.4402
311,0.0408,0.3368,0.9989,0.0515,0.0015,0.2645,0,0.0773,0.2056,0.0001,0.4682,1.0803,0.1445,2.6087,22.4951,2.8698,28.4459
312,0.0558,0.1309,1.0505,0.0593,0.0024,0.2735,0.0001,0.0776,0.2093,0.0002,0.4643,1.105,0.1549,2.5117,28.3081,2.9124,34.1962
313,0.0391,0.3953,1.0362,0.0612,0.0046,0.3383,0.0001,0.0874,0.2104,0.0002,0.4845,1.2054,0.1606,2.8473,22.3264,2.8865,28.538
314,0.0404,0.3224,1.0604,0.0669,0.0027,0.3122,0.0002,0.0999,0.2156,0.0001,0.4812,1.1994,0.162,2.7996,22.6562,2.8951,28.8246
315,0.0418,0.3368,1.0356,0.0546,0.0015,0.266,0.0001,0.0861,0.2048,0.0001,0.4618,1.0837,0.1403,2.6463,23.461,2.8991,29.4843
316,0.0394,0.344,1.0396,0.0522,0.002,0.2792,0.0001,0.082,0.2149,0.0001,0.4814,1.1313,0.1558,2.7215,23.0772,4.46,30.7314
317,0.0346,0.3232,1.029,0.0556,0.0015,0.2557,0.0001,0.0924,0.2065,0.0002,0.4677,1.0881,0.1529,2.6349,29.3282,2.9193,35.347
318,0.0276,0.3296,1.0151,0.0478,0.0015,0.2654,0.0001,0.0788,0.2066,0.0001,0.4723,1.0805,0.1496,2.6083,28.7863,2.9176,34.7955
319,0.0281,0.3447,1.0419,0.0549,0.003,0.2895,0.0001,0.0939,0.2069,0.0002,0.4677,1.1333,0.1517,2.7148,30.3159,3.4699,36.9799
320,0.034,0.2349,1.0248,0.0515,0.0054,0.2976,0.0001,0.0736,0.1995,0.0001,0.4608,1.1016,0.1413,2.5466,31.5042,2.9222,37.4074
321,0.0272,0.3305,1.0618,0.0541,0.0035,0.2804,0.0001,0.0935,0.2128,0.0002,0.4616,1.1247,0.1609,2.7206,31.7734,4.9007,39.8769
322,0.0376,0.4279,1.0999,0.0543,0.0019,0.2796,0.0001,0.0916,0.2098,0.0002,0.4658,1.1188,0.1554,2.8505,21.9811,2.8463,28.101
323,0.0408,0.3276,1.0173,0.0545,0.0014,0.261,0.0001,0.0847,0.2045,0.0001,0.4592,1.074,0.1357,2.6027,22.0134,2.884,27.97
324,0.0416,0.3264,1.019,0.0534,0.0015,0.2713,0.0001,0.0794,0.2058,0.0001,0.4531,1.0746,0.1446,2.6187,22.2235,2.8838,28.1986
325,0.0398,0.3366,1.0308,0.0552,0.0016,0.2577,0.0001,0.0709,0.2039,0.0002,0.4632,1.0632,0.1455,2.628,22.6168,2.8903,28.6113
326,0.0398,0.3189,1.0442,0.0517,0.0015,0.264,0.0001,0.0812,0.2047,0.0001,0.4553,1.069,0.1352,2.6173,22.4612,2.8972,28.4443
327,0.0385,0.3944,1.0199,0.0536,0.0016,0.2682,0.0001,0.0814,0.2088,0.0002,0.4793,1.1073,0.1616,2.7356,22.4228,2.8889,28.5191
328,0.037,0.2639,1.0743,0.0563,0.0022,0.269,0.0001,0.0821,0.2015,0.0002,0.4682,1.0964,0.1473,2.6337,27.4528,2.9141,33.419
329,0.0411,0.3612,1.0561,0.0561,0.0035,0.2915,0.0001,0.0938,0.2156,0.0002,0.4825,1.166,0.1641,2.7993,22.2672,2.9539,28.4928
330,0.0424,0.3319,1.0545,0.0602,0.0036,0.3305,0.0001,0.0748,0.2054,0.0002,0.4766,1.1645,0.1431,2.7498,22.3587,2.9082,28.5015
331,0.0433,0.3357,1.0474,0.054,0.0038,0.2675,0.0001,0.0847,0.2098,0.0002,0.4723,1.1289,0.1582,2.7269,22.5297,2.9026,28.6391
332,0.0423,0.3236,1.0405,0.0573,0.0036,0.2737,0.0001,0.0923,0.2101,0.0002,0.4672,1.1222,0.1492,2.689,22.2268,2.8926,28.2836
333,0.0429,0.4553,1.0401,0.0513,0.0021,0.2751,0.0002,0.0976,0.2091,0.0002,0.4661,1.1189,0.1502,2.8188,22.5746,2.9026,28.7734
334,0.0402,0.2726,1.062,0.0569,0.0034,0.3208,0.0001,0.0957,0.2114,0.0002,0.4667,1.1708,0.1532,2.7108,22.3791,2.8945,28.4552
335,0.0411,0.3276,1.0519,0.0556,0.0034,0.3178,0.0001,0.0858,0.2125,0.0003,0.4583,1.153,0.1509,2.7395,22.4488,2.8835,28.5448
336,0.0411,0.1796,1.0375,0.0547,0.0018,0.3244,0.0001,0.0916,0.1957,0.0002,0.4548,1.1359,0.1561,2.5639,27.4928,2.8975,33.3892
337,0.0405,0.3314,1.0377,0.0557,0.0014,0.2626,0.0001,0.0791,0.2041,0.0002,0.4803,1.0912,0.1371,2.6443,22.329,2.8918,28.3404
338,0.0393,0.3147,0.9947,0.0541,0.0015,0.255,0,0.0762,0.2052,0.0002,0.4565,1.0567,0.1447,2.5562,22.5869,2.9087,28.5239
339,0.041,0.3611,1.0115,0.0519,0.0015,0.3146,0.0001,0.0773,0.2035,0.0002,0.4622,1.1192,0.1422,2.681,22.5477,2.8997,28.6037
340,0.0411,0.4506,0.9991,0.0534,0.0014,0.2662,0.0001,0.0802,0.2044,0.0002,0.4736,1.0876,0.1437,2.7286,22.4974,2.9044,28.6032
341,0.0434,0.3241,1.045,0.0479,0.0017,0.2596,0.0001,0.0811,0.2051,0.0001,0.4698,1.075,0.1628,2.6601,22.6245,2.9067,28.6657
342,0.0418,0.3632,1.0637,0.0554,0.006,0.2775,0.0001,0.0906,0.2097,0.0002,0.4685,1.1257,0.1589,2.7676,22.7464,3.0016,28.9952
343,0.0398,0.3308,1.063,0.0804,0.0033,0.2888,0.0001,0.0809,0.2109,0.0002,0.4707,1.1591,0.1487,2.7541,22.4201,2.9016,28.5377
344,0.0404,0.1556,1.0353,0.0548,0.0015,0.2559,0.0001,0.0916,0.1959,0.0001,0.443,1.0563,0.1407,2.4391,26.1694,2.9156,31.9538
345,0.0405,0.3389,1.0536,0.0594,0.0039,0.2845,0.0001,0.076,0.205,0.0002,0.4865,1.1356,0.1497,2.7305,24.189,2.931,30.3336
346,0.0392,0.337,1.0773,0.059,0.0038,0.2844,0.0001,0.0834,0.2072,0.0002,0.4676,1.1228,0.1465,2.7345,22.3869,2.8817,28.4836
347,0.0431,0.3238,1.0434,0.0609,0.0043,0.3243,0.0001,0.0864,0.2075,0.0002,0.4806,1.1836,0.1461,2.7527,22.3635,2.8982,28.4882
348,0.0408,0.3403,1.0568,0.0559,0.0035,0.2859,0.0001,0.0972,0.2134,0.0001,0.4647,1.14,0.1452,2.7351,22.5826,2.8952,28.6859
349,0.0403,0.2675,1.0438,0.0537,0.0035,0.2724,0.0001,0.0769,0.2139,0.0002,0.4781,1.1179,0.1499,2.6329,22.613,2.9192,28.6443
350,0.0403,0.4907,1.0459,0.0563,0.0032,0.2761,0.0001,0.0841,0.2062,0.0002,0.4718,1.1152,0.152,2.8571,22.5043,2.8874,28.7251
351,0.0389,0.3292,1.0307,0.0633,0.0034,0.2748,0.0001,0.0751,0.2112,0.0002,0.4791,1.1245,0.1464,2.6828,22.6474,2.9038,28.707
352,0.0555,0.2467,1.0453,0.0558,0.0039,0.2714,0.0001,0.0846,0.2097,0.0002,0.4679,1.1138,0.1486,2.6247,30.0772,2.8993,36.096
353,0.0401,0.3339,1.0496,0.0526,0.0016,0.3212,0.0001,0.0906,0.2095,0.0002,0.4638,1.152,0.1483,2.7377,22.5737,2.8993,28.6875
354,0.0391,0.3807,1.0096,0.0607,0.0017,0.3248,0.0001,0.0769,0.2106,0.0002,0.4795,1.1659,0.1509,2.7562,22.1705,2.8912,28.2881
355,0.0408,0.3199,1.0225,0.0553,0.0026,0.2713,0.0001,0.0798,0.2045,0.0002,0.4576,1.0809,0.1412,2.6153,22.1937,2.8942,28.1725
356,0.0411,0.329,1.0394,0.0497,0.0028,0.3196,0,0.0938,0.2,0.0002,0.4581,1.1328,0.1492,2.6992,22.3969,2.897,28.4611
357,0.0414,0.3212,1.0644,0.0577,0.0019,0.2882,0.0001,0.0906,0.2071,0.0002,0.473,1.1378,0.1534,2.7293,22.4186,2.9244,28.5488
358,0.0396,0.3535,1.0573,0.0583,0.0015,0.272,0.0001,0.0922,0.2038,0.0002,0.4629,1.1005,0.1509,2.7132,22.3955,2.8957,28.4757
359,0.0362,0.3209,0.9921,0.0541,0.0015,0.2626,0,0.076,0.2051,0.0002,0.4549,1.0622,0.1476,2.5655,22.1696,2.8895,28.1001
360,0.0274,0.1356,1.0819,0.0591,0.002,0.2813,0.0001,0.0853,0.1988,0.0002,0.4592,1.1057,0.1526,2.5187,27.5644,2.9349,33.4435
361,0.042,0.327,1.0767,0.0552,0.0023,0.3214,0.0001,0.0862,0.208,0.0002,0.4725,1.1634,0.1529,2.7776,30.9166,2.9292,37.0932
362,0.0447,0.3229,1.0529,0.0525,0.0042,0.283,0.0001,0.0717,0.2064,0.0002,0.4731,1.1089,0.1465,2.6871,28.1821,2.9079,34.2514
363,0.0412,0.3274,1.0471,0.0539,0.0016,0.2906,0.0001,0.0731,0.21,0.0002,0.4843,1.1336,0.1483,2.7097,29.3175,5.2015,37.7052
364,0.0419,0.3283,1.0689,0.0594,0.0038,0.2832,0.0001,0.09,0.2115,0.0002,0.4651,1.1329,0.1538,2.7586,25.6014,4.3871,33.2186
365,0.0338,0.3286,1.0458,0.0518,0.0015,0.2631,0.0001,0.0811,0.2125,0.0002,0.4755,1.0956,0.1394,2.653,26.9817,2.9118,33.0209
366,0.0285,0.3204,1.0423,0.0575,0.0017,0.2789,0.0001,0.0837,0.2116,0.0001,0.4677,1.1181,0.1428,2.6648,25.9605,2.9064,32.0042
367,0.0344,0.3181,1.0264,0.0534,0.0016,0.2797,0,0.0716,0.2066,0.0001,0.473,1.0945,0.1457,2.6268,25.6668,2.934,31.6987
368,0.0283,0.2352,1.0405,0.0552,0.0023,0.3334,0.0001,0.0792,0.2061,0.0002,0.4782,1.1744,0.1438,2.6371,32.3018,3.8157,39.2003
369,0.0399,0.3295,1.0216,0.0519,0.0015,0.2699,0.0001,0.0715,0.2024,0.0002,0.4533,1.0603,0.1422,2.6075,23.0008,4.8058,30.9096
370,0.0383,0.3571,1.0398,0.059,0.0018,0.2877,0.0001,0.0809,0.2087,0.0002,0.4669,1.1169,0.1452,2.7097,23.2038,5.0496,31.4461
371,0.0403,0.3217,1.0608,0.0558,0.0032,0.3061,0.0001,0.0849,0.2082,0.0002,0.4859,1.1632,0.1485,2.7481,30.5106,2.8993,36.6318
372,0.0386,0.5051,1.122,0.0654,0.0059,0.3463,0.0001,0.095,0.2038,0.0002,0.459,1.1957,0.1571,3.0318,25.6213,2.9133,32.0469
373,0.0399,0.329,1.0604,0.0569,0.0037,0.2646,0.0001,0.0832,0.2235,0.0001,0.483,1.1311,0.1555,2.7312,24.7656,2.9088,30.8953
374,0.0412,0.3791,1.0244,0.0569,0.005,0.2933,0.0001,0.0917,0.2075,0.0002,0.4631,1.136,0.1588,2.752,23.2515,3.4793,29.9594
375,0.0411,0.3361,1.0662,0.0578,0.0035,0.322,0.0001,0.0961,0.2075,0.0002,0.4719,1.1752,0.1398,2.7726,22.4722,2.9195,28.626
376,0.0427,0.2334,1.0357,0.0533,0.0014,0.2575,0,0.0803,0.1985,0.0001,0.4676,1.0725,0.1517,2.5496,27.585,2.9083,33.4775
377,0.035,0.3949,1.0265,0.0513,0.0014,0.2706,0,0.0858,0.2041,0.0001,0.4602,1.0814,0.1408,2.6848,22.813,2.9023,28.8699
378,0.027,0.3279,1.0016,0.052,0.0014,0.2661,0,0.0785,0.2097,0.0001,0.4628,1.0781,0.1422,2.5827,22.265,2.8939,28.2098
379,0.0278,0.3236,0.9841,0.0576,0.0014,0.2739,0.0001,0.0773,0.2025,0.0001,0.4722,1.0929,0.144,2.5781,22.3302,2.8883,28.2697
380,0.0278,0.3831,1.0083,0.0547,0.0014,0.2665,0.0001,0.0697,0.2043,0.0002,0.4737,1.0785,0.1425,2.646,22.2856,2.8892,28.2914
381,0.027,0.3223,0.9988,0.0527,0.0014,0.2709,0.0001,0.0797,0.2093,0.0002,0.4649,1.0923,0.1497,2.596,22.3246,2.8995,28.296
382,0.0263,0.2646,1.0268,0.0546,0.0015,0.3127,0,0.0792,0.2007,0.0001,0.4643,1.1213,0.1521,2.5981,22.4023,2.9339,28.4068
383,0.0259,0.3195,1.0085,0.0519,0.0015,0.3078,0,0.0876,0.2029,0.0002,0.4678,1.1271,0.1391,2.626,22.2589,2.8893,28.2429
384,0.0295,0.1397,1.0692,0.0509,0.0016,0.2593,0.0001,0.0788,0.2087,0.0002,0.4541,1.0672,0.1704,2.4927,32.2439,2.8984,38.1134
385,0.0406,0.3299,1.0532,0.0531,0.0036,0.2806,0.0001,0.0895,0.2116,0.0002,0.4672,1.1273,0.1472,2.7114,22.472,2.8879,28.5488
386,0.039,0.38,1.0516,0.0558,0.002,0.2965,0.0001,0.0832,0.2213,0.0002,0.4796,1.1576,0.1438,2.7827,22.4144,2.8966,28.5661
387,0.0386,0.3486,1.0619,0.0545,0.0035,0.2739,0.0001,0.0755,0.209,0.0002,0.4662,1.1022,0.1586,2.7256,22.5917,2.8906,28.6792
388,0.042,0.3247,1.0469,0.0566,0.0019,0.333,0.0001,0.0855,0.2067,0.0002,0.4672,1.17,0.1459,2.7441,22.3375,2.8998,28.4545
389,0.0405,0.4423,1.0271,0.051,0.0015,0.3169,0.0001,0.0672,0.21,0.0001,0.4655,1.1222,0.1433,2.7886,22.5077,2.922,28.692
390,0.041,0.5008,1.0408,0.0528,0.0041,0.2719,0,0.0814,0.209,0.0002,0.4686,1.1089,0.145,2.8501,22.4836,2.8949,28.7075
391,0.0396,0.3281,1.0578,0.0599,0.0021,0.2774,0.0001,0.0845,0.2077,0.0002,0.4733,1.121,0.1466,2.7057,22.3858,2.8899,28.4577
392,0.0414,0.2367,1.0648,0.053,0.0019,0.3197,0.0001,0.0783,0.1982,0.0002,0.4699,1.1407,0.1576,2.6575,29.0869,2.8988,35.0723
393,0.0419,0.3675,1.0479,0.0548,0.004,0.2885,0,0.0842,0.213,0.0002,0.4772,1.1392,0.155,2.7649,22.4357,2.8942,28.5672
394,0.0382,0.334,1.0435,0.0567,0.0038,0.3328,0.0001,0.0855,0.2125,0.0002,0.4883,1.2007,0.1465,2.7773,22.3892,2.8863,28.5278
395,0.0412,0.3433,1.0485,0.0551,0.0021,0.2804,0.0001,0.0821,0.2031,0.0002,0.4736,1.1125,0.1656,2.7247,22.3935,2.8881,28.4809
396,0.0389,0.3311,1.054,0.0579,0.0037,0.2758,0.0001,0.0873,0.2089,0.0002,0.4696,1.1223,0.1586,2.7215,22.2016,2.8834,28.2822
397,0.0321,0.332,1.0179,0.0563,0.0015,0.264,0.0001,0.0887,0.2022,0.0001,0.4646,1.1023,0.1491,2.6404,22.364,2.9104,28.3851
398,0.0261,0.3213,1.0264,0.053,0.0015,0.2699,0.0001,0.07,0.2046,0.0001,0.4609,1.0682,0.1467,2.5948,22.2907,2.8903,28.2443
399,0.0269,0.4186,0.9933,0.0559,0.0015,0.272,0.0001,0.0685,0.2074,0.0002,0.4629,1.0763,0.1487,2.6697,22.3231,2.901,28.3658
400,0.0267,0.1518,1.0306,0.0548,0.0016,0.2617,0.0001,0.0737,0.2009,0.0002,0.4581,1.061,0.141,2.4241,31.8162,2.8995,37.5439
401,0.0419,0.3634,1.0733,0.0587,0.0029,0.2863,0.0001,0.0746,0.2123,0.0002,0.4661,1.1212,0.1449,2.7577,22.2943,2.9104,28.4373
402,0.0413,0.3194,1.0379,0.0556,0.0018,0.3274,0,0.0713,0.2055,0.0002,0.4819,1.1598,0.1529,2.7213,22.538,2.8998,28.6345
403,0.041,0.2803,1.0351,0.0543,0.0016,0.271,0.0001,0.0828,0.2064,0.0002,0.475,1.1012,0.1347,2.6029,22.3373,2.9172,28.3302
404,0.0413,0.3216,1.0309,0.0572,0.0015,0.2702,0.0001,0.0784,0.2028,0.0001,0.4716,1.0939,0.1421,2.6421,22.7896,2.8964,28.7978
405,0.0385,0.3226,1.0168,0.0513,0.0014,0.2608,0,0.07,0.2053,0.0002,0.4625,1.0602,0.1484,2.5933,31.5899,2.9145,37.5765
406,0.0407,0.3337,1.0972,0.0573,0.0035,0.2915,0.0001,0.0893,0.2204,0.0002,0.4759,1.1591,0.1646,2.8102,26.4045,2.9139,32.6054
407,0.0417,0.3278,1.0314,0.0579,0.0019,0.2946,0.0001,0.0741,0.2134,0.0002,0.4693,1.1272,0.1353,2.6781,26.4217,2.9184,32.4983
408,0.0604,0.232,1.0674,0.0534,0.0021,0.319,0.0001,0.0856,0.1992,0.0002,0.4598,1.1381,0.1473,2.661,29.3838,4.9563,37.479
409,0.0369,0.3388,1.0704,0.0633,0.003,0.2793,0.0001,0.0943,0.2119,0.0002,0.4604,1.1321,0.1677,2.7608,26.5228,5.223,34.9818
410,0.0409,0.2749,1.1004,0.0562,0.0029,0.2903,0.0001,0.0728,0.2085,0.0002,0.4569,1.1099,0.1438,2.6839,27.7186,2.872,33.7466
411,0.0409,0.3359,1.0637,0.0593,0.0039,0.2788,0.0001,0.0836,0.2058,0.0001,0.4668,1.116,0.1433,2.7149,22.2707,2.8768,28.3358
412,0.0443,0.4145,1.0164,0.0571,0.0014,0.3178,0.0001,0.0879,0.2115,0.0002,0.4747,1.1657,0.1418,2.7958,22.1993,2.8761,28.3418
413,0.0402,0.4855,1.0641,0.0598,0.0044,0.2865,0.0001,0.0754,0.2132,0.0002,0.4803,1.1394,0.1532,2.896,22.61,2.8848,28.861
414,0.0425,0.2582,1.0344,0.0545,0.0033,0.2787,0.0001,0.071,0.2074,0.0002,0.4628,1.092,0.146,2.586,22.4779,2.8779,28.418
415,0.0406,0.3211,1.001,0.0524,0.0014,0.3096,0.0001,0.0681,0.203,0.0002,0.461,1.1043,0.1426,2.6161,22.5035,2.8788,28.4771
416,0.0414,0.1361,1.0539,0.0558,0.0017,0.3018,0.0001,0.0856,0.2149,0.0002,0.4578,1.135,0.1466,2.5269,28.8668,2.9006,34.7249
417,0.0379,0.2803,1.0567,0.0616,0.002,0.2857,0.0002,0.0908,0.2078,0.0003,0.4858,1.1543,0.161,2.7022,22.3484,2.9071,28.4355
418,0.0404,0.3222,1.0383,0.066,0.0045,0.2845,0.0001,0.0945,0.2068,0.0002,0.4663,1.1431,0.1488,2.7041,22.4012,2.8886,28.4699
419,0.0415,0.3332,1.0527,0.0501,0.0026,0.2741,0.0001,0.0842,0.206,0.0002,0.48,1.1156,0.1591,2.7143,22.384,2.8951,28.4669
420,0.0408,0.3273,1.0409,0.0599,0.0032,0.2752,0.0001,0.106,0.2114,0.0002,0.4724,1.1478,0.1465,2.7172,22.3065,2.8949,28.39
421,0.041,0.3723,1.0429,0.06,0.004,0.2846,0.0001,0.0924,0.2088,0.0002,0.4656,1.134,0.1596,2.7621,22.4249,2.8982,28.5551
422,0.0415,0.3222,1.0473,0.052,0.0036,0.2915,0.0001,0.0702,0.2102,0.0002,0.4671,1.1124,0.1496,2.6864,22.2547,2.8837,28.3004
423,0.0405,0.3188,1.0575,0.059,0.0036,0.2818,0,0.0932,0.2209,0.0001,0.4795,1.1576,0.1635,2.7513,22.0957,2.8903,28.2065
424,0.0425,0.2314,1.0566,0.0562,0.0024,0.2854,0.0001,0.0861,0.2009,0.0002,0.4547,1.1057,0.1472,2.599,31.0894,2.9132,37.0468
425,0.0403,0.3378,1.0567,0.0547,0.0035,0.2852,0.0001,0.0901,0.218,0.0002,0.4697,1.1417,0.1454,2.7337,22.3901,2.8769,28.4724
426,0.0414,0.325,1.0345,0.0587,0.0065,0.3309,0.0001,0.0909,0.2131,0.0003,0.4613,1.1842,0.1473,2.7438,22.4229,2.8871,28.5253
427,0.0399,0.3277,1.0349,0.0598,0.0063,0.2851,0.0001,0.0947,0.2101,0.0002,0.4685,1.1452,0.1409,2.7023,22.5546,2.8839,28.6166
428,0.0456,0.3221,1.0121,0.0519,0.0015,0.2676,0,0.068,0.208,0.0001,0.4698,1.0757,0.15,2.6124,22.3051,2.8779,28.2703
429,0.0414,0.318,0.9965,0.0592,0.0015,0.2768,0.0001,0.0968,0.2106,0.0001,0.4555,1.1147,0.1422,2.6192,22.358,2.8852,28.3348
430,0.0398,0.3237,1.0002,0.0513,0.0015,0.2644,0.0001,0.0772,0.2164,0.0002,0.4771,1.116,0.157,2.6479,22.4648,2.8918,28.4834
431,0.041,0.3263,1.017,0.0571,0.0015,0.2544,0,0.0791,0.2039,0.0001,0.4773,1.0867,0.1626,2.6455,22.4573,2.8927,28.471
432,0.0598,0.2294,1.034,0.0592,0.002,0.2854,0.0001,0.0789,0.1982,0.0002,0.4736,1.1156,0.1516,2.6056,27.1086,2.8903,33.0757
433,0.0408,0.329,1.0565,0.0539,0.0021,0.322,0.0001,0.072,0.2112,0.0003,0.465,1.1431,0.1435,2.7225,22.471,2.8428,28.5213
434,0.0407,0.3921,1.0242,0.0506,0.002,0.2675,0,0.0735,0.2071,0.0002,0.4696,1.0816,0.1363,2.6871,22.5863,2.8928,28.6408
435,0.0409,0.3245,1.0268,0.0581,0.0016,0.2624,0.0001,0.0732,0.2078,0.0002,0.4676,1.0804,0.1579,2.6414,22.2774,2.9139,28.3018
436,0.0401,0.4249,1.0646,0.078,0.0064,0.3126,0.0001,0.0866,0.2108,0.0002,0.4689,1.1837,0.1561,2.8837,22.2924,2.8733,28.5201
437,0.0369,0.2823,1.0299,0.0558,0.0015,0.268,0.0001,0.0677,0.2038,0.0002,0.461,1.0662,0.1466,2.5714,22.3752,3.4281,28.8447
438,0.0391,0.3788,0.9963,0.056,0.0014,0.2651,0.0001,0.0709,0.202,0.0002,0.4698,1.0732,0.1413,2.635,22.132,2.8779,28.1201
439,0.0402,0.3203,0.9886,0.0558,0.0015,0.2651,0,0.0952,0.2122,0.0001,0.4531,1.0943,0.1484,2.5979,22.4449,2.8822,28.3912
440,0.0416,0.2344,1.0754,0.0551,0.0019,0.2628,0.0001,0.0912,0.2006,0.0002,0.4516,1.0766,0.1482,2.5871,31.8527,2.8493,37.7131
441,0.0422,0.3305,1.0421,0.0578,0.0016,0.2669,0,0.0768,0.2062,0.0001,0.4619,1.0797,0.1606,2.6613,26.5854,2.9244,32.6491
442,0.0424,0.3896,1.0868,0.0636,0.0037,0.2811,0.0001,0.0868,0.2114,0.0002,0.4812,1.1479,0.147,2.8303,22.3323,2.8763,28.5138
443,0.0404,0.2656,1.041,0.0516,0.0017,0.2808,0.0001,0.0928,0.2072,0.0001,0.4572,1.1082,0.1541,2.6221,22.3891,2.8759,28.3667
444,0.0413,0.2758,1.013,0.0618,0.0014,0.2732,0,0.0701,0.2029,0.0001,0.4637,1.0817,0.1474,2.5688,22.527,2.8874,28.4567
445,0.0395,0.3783,1.0177,0.0558,0.0015,0.2674,0.0001,0.0788,0.204,0.0002,0.4733,1.0892,0.1332,2.6655,22.4343,2.8851,28.456
446,0.0421,0.3215,1.0079,0.0561,0.0015,0.2606,0,0.0748,0.2034,0.0001,0.46,1.0645,0.1494,2.5974,22.5403,2.8953,28.5125
447,0.0416,0.328,1.0486,0.0523,0.005,0.2648,0.0001,0.0801,0.2109,0.0002,0.4783,1.1095,0.1497,2.693,22.4018,2.8839,28.4558
448,0.044,0.2334,1.091,0.0564,0.0019,0.2717,0.0001,0.0844,0.1968,0.0002,0.4651,1.0948,0.1522,2.6317,27.2482,2.8606,33.1938
449,0.038,0.333,1.0299,0.0499,0.0015,0.2683,0.0001,0.0702,0.2036,0.0002,0.4779,1.082,0.1513,2.6412,22.6337,2.9119,28.6583
450,0.0268,0.3369,1.0297,0.0549,0.0015,0.2695,0.0001,0.0781,0.203,0.0002,0.4543,1.0698,0.1469,2.6164,29.907,4.9648,37.962
451,0.0259,0.325,1.0239,0.0473,0.0016,0.2571,0,0.0709,0.2064,0.0002,0.4711,1.0624,0.1408,2.584,27.1132,2.902,33.0751
452,0.0282,0.3338,1.0228,0.0552,0.0015,0.2669,0.0001,0.0761,0.2017,0.0001,0.4589,1.0704,0.1528,2.6191,28.1178,4.3858,35.6006
453,0.0355,0.3425,1.0233,0.0516,0.0016,0.3012,0.0001,0.0918,0.2077,0.0002,0.4581,1.1203,0.1583,2.6865,27.5405,2.8837,33.5798
454,0.0276,0.429,1.0932,0.0547,0.0019,0.2773,0.0001,0.0959,0.2153,0.0002,0.4737,1.1389,0.1443,2.8438,27.5795,2.903,33.8046
455,0.0307,0.3371,1.0344,0.0533,0.0035,0.2689,0.0001,0.0728,0.2132,0.0002,0.4761,1.1059,0.1528,2.6738,29.6125,2.8976,35.6812
456,0.0417,0.1488,1.0724,0.0605,0.0022,0.2706,0.0001,0.0787,0.1988,0.0002,0.4731,1.1042,0.1465,2.5305,27.153,2.884,32.9832
457,0.041,0.3261,1.0285,0.0542,0.0015,0.272,0.0001,0.0781,0.2027,0.0002,0.4719,1.0897,0.1502,2.6471,22.3868,2.8659,28.3741
458,0.0398,0.4729,1.0096,0.0576,0.0015,0.2756,0.0001,0.071,0.2021,0.0001,0.4638,1.08,0.1498,2.7599,22.0962,2.877,28.2081
459,0.0416,0.318,0.9929,0.0541,0.0014,0.2783,0,0.0787,0.2278,0.0002,0.4778,1.1301,0.1431,2.6321,22.1229,2.8699,28.0964
460,0.0409,0.3197,1.0194,0.0553,0.0014,0.2619,0.0001,0.0774,0.2028,0.0001,0.4609,1.0679,0.1499,2.6052,22.3188,2.8839,28.2789
461,0.0424,0.3193,1.0168,0.0552,0.0016,0.2582,0.0001,0.0948,0.2113,0.0002,0.4629,1.0931,0.1487,2.6276,22.4227,2.8689,28.3923
462,0.0417,0.2644,1.0018,0.0536,0.0015,0.3022,0.0001,0.0663,0.2066,0.0001,0.4513,1.0898,0.1518,2.5585,22.3434,2.9169,28.2948
463,0.0379,0.3279,1.0244,0.0543,0.0015,0.2662,0.0001,0.077,0.2036,0.0002,0.4577,1.0687,0.1439,2.6108,22.4605,2.8741,28.4371
464,0.0395,0.2389,1.0638,0.0545,0.0046,0.2787,0.0001,0.0721,0.1984,0.0002,0.4585,1.0852,0.1492,2.5952,31.0469,2.8947,36.9527
465,0.0412,0.3262,1.0353,0.0601,0.0015,0.3095,0.0001,0.0722,0.205,0.0001,0.4682,1.1267,0.1513,2.6915,22.486,2.8831,28.5391
466,0.041,0.3318,1.0539,0.0519,0.0016,0.267,0.0001,0.072,0.2118,0.0001,0.4597,1.0747,0.1513,2.6659,22.3458,2.8859,28.3733
467,0.0382,0.3379,1.0052,0.055,0.0016,0.281,0,0.0802,0.2046,0.0002,0.4688,1.1011,0.1446,2.6374,22.4295,2.8768,28.4137
468,0.04,0.3482,1.0357,0.0601,0.0027,0.2667,0.0001,0.0712,0.2038,0.0002,0.464,1.0777,0.1529,2.6632,22.3811,2.8796,28.3997
469,0.0414,0.3236,1.0344,0.0558,0.0016,0.2746,0.0001,0.0713,0.2075,0.0001,0.482,1.1066,0.1557,2.6748,22.3764,2.8755,28.4017
470,0.0392,0.4096,1.0445,0.0597,0.0015,0.2664,0.0001,0.0762,0.2067,0.0002,0.4693,1.0907,0.1529,2.7489,22.318,2.8849,28.425
471,0.0395,0.3291,1.0461,0.0526,0.0015,0.2699,0,0.0937,0.209,0.0002,0.4424,1.0799,0.1397,2.6449,22.3738,2.8782,28.3693
472,0.041,0.2468,1.0476,0.0532,0.002,0.2732,0.0001,0.0772,0.2056,0.0002,0.4675,1.0988,0.1468,2.5959,27.2137,2.8728,33.1293
473,0.0337,0.2751,1.0354,0.0522,0.0015,0.2736,0.0001,0.0697,0.2055,0.0001,0.4427,1.054,0.1411,2.5465,22.5103,2.8682,28.3956
474,0.0279,0.3243,1.0202,0.05,0.0014,0.2621,0,0.0748,0.2043,0.0001,0.451,1.052,0.1502,2.5805,22.3901,2.8654,28.3079
475,0.0274,0.3165,1.0392,0.0572,0.0046,0.2818,0.0001,0.0814,0.2053,0.0003,0.4688,1.1191,0.1582,2.6705,22.3007,2.8684,28.3151
476,0.0316,0.3234,1.0526,0.0558,0.0019,0.2764,0.0001,0.0898,0.2067,0.0001,0.463,1.1106,0.145,2.6764,22.2296,2.8781,28.2607
477,0.039,0.2718,1.0428,0.0582,0.0039,0.2946,0.0001,0.091,0.208,0.0003,0.4617,1.1335,0.1453,2.6456,22.3186,2.8664,28.3046
478,0.0419,0.3388,1.046,0.0572,0.0036,0.2696,0.0001,0.0864,0.2104,0.0002,0.4579,1.1036,0.1503,2.6927,22.2771,2.8737,28.3185
479,0.0413,0.3425,1.0297,0.0544,0.0015,0.2644,0.0001,0.0706,0.2023,0.0002,0.4501,1.052,0.147,2.6196,22.5211,2.8778,28.4975
480,0.0604,0.2351,1.0644,0.0637,0.002,0.2749,0.0002,0.0788,0.2046,0.0002,0.4724,1.1161,0.1553,2.6435,32.0935,2.8766,38.0871
481,0.0408,0.3286,1.0637,0.0532,0.0035,0.2847,0.0001,0.083,0.2077,0.0003,0.4766,1.1311,0.144,2.72,22.4177,2.8795,28.4881
482,0.0397,0.4329,1.0229,0.0573,0.0015,0.2688,0.0001,0.0836,0.2047,0.0002,0.4627,1.0913,0.1496,2.745,22.4017,2.8626,28.4823
483,0.0389,0.3153,1.0278,0.0514,0.0015,0.2643,0.0001,0.0739,0.2106,0.0002,0.4644,1.078,0.146,2.6126,22.3658,2.875,28.325
484,0.0396,0.3156,1.0107,0.0539,0.0014,0.2638,0.0001,0.0763,0.1982,0.0002,0.4422,1.044,0.1414,2.5575,22.3394,2.8739,28.246
485,0.0413,0.3216,1.024,0.0551,0.0014,0.2606,0.0001,0.077,0.2064,0.0002,0.449,1.0585,0.1495,2.6014,22.4112,2.8924,28.378
486,0.0417,0.3196,1.042,0.069,0.0042,0.2732,0.0001,0.0742,0.2075,0.0003,0.4593,1.1086,0.1518,2.6772,22.3273,2.8858,28.3649
487,0.0416,0.3226,1.06,0.0561,0.0036,0.2779,0.0001,0.0781,0.2052,0.0002,0.4676,1.1091,0.1491,2.6946,22.3145,2.8777,28.3616
488,0.0381,0.1426,1.0573,0.0567,0.0042,0.2562,0.0001,0.0749,0.1922,0.0002,0.4436,1.0404,0.1586,2.4498,25.9297,2.8609,31.6536
489,0.0419,0.3315,1.0737,0.0504,0.0039,0.2812,0.0001,0.0852,0.2093,0.0002,0.4592,1.1091,0.1573,2.7245,22.045,2.8531,28.1032
490,0.0424,0.3979,1.0421,0.0529,0.0018,0.2821,0.0001,0.0776,0.208,0.0002,0.464,1.104,0.1337,2.7331,22.4764,2.8722,28.5595
491,0.0401,0.3239,1.0431,0.0574,0.0016,0.2672,0.0001,0.0936,0.2129,0.0003,0.46,1.1131,0.1583,2.6915,22.512,2.8675,28.5483
492,0.04,0.2801,1.047,0.0561,0.0017,0.2727,0.0001,0.0785,0.2078,0.0003,0.472,1.1062,0.1354,2.6209,24.2155,2.8779,30.1901
493,0.0409,0.3853,1.0536,0.05,0.004,0.2812,0.0001,0.0828,0.2096,0.0002,0.4628,1.1091,0.1565,2.7558,22.6035,2.8952,28.7287
494,0.0392,0.3644,1.0227,0.0573,0.0015,0.2672,0.0001,0.0671,0.2024,0.0002,0.4493,1.0543,0.1482,2.6405,22.5054,2.8764,28.4934
495,0.0419,0.316,1.0422,0.0554,0.0017,0.2668,0.0001,0.0718,0.2087,0.0001,0.4551,1.0696,0.1547,2.638,28.0321,5.1256,36.2863
496,0.0573,0.2341,1.0926,0.0593,0.0029,0.298,0.0001,0.087,0.2056,0.0002,0.4631,1.1357,0.1534,2.6902,28.3201,2.9028,34.401
497,0.0429,0.3354,1.106,0.0553,0.0036,0.2869,0.0001,0.0945,0.222,0.0002,0.4729,1.1537,0.163,2.815,33.0184,2.8905,39.201
498,0.0428,0.3786,1.0841,0.0631,0.0021,0.2752,0.0001,0.0785,0.2053,0.0002,0.4466,1.089,0.1541,2.759,26.4817,2.879,32.6038
499,0.0401,0.3369,1.0292,0.0586,0.0019,0.2728,0,0.0745,0.2073,0.0001,0.4696,1.1031,0.1424,2.6633,25.4179,2.8781,31.4331
500,0.0405,0.234,1.079,0.0519,0.0036,0.2598,0,0.077,0.2223,0.0001,0.4593,1.0892,0.147,2.6029,28.8022,2.882,34.7635
501,0.0424,0.444,1.0479,0.0531,0.0036,0.278,0.0001,0.0726,0.2126,0.0002,0.4515,1.0899,0.1348,2.7724,24.2444,2.8745,30.3694
502,0.04,0.3376,1.0658,0.0566,0.0032,0.3302,0.0001,0.0853,0.2124,0.0002,0.4765,1.1843,0.1533,2.7934,25.2102,2.8838,31.375
503,0.0405,0.2384,1.0487,0.0542,0.0052,0.284,0.0001,0.0757,0.2042,0.0001,0.4477,1.0879,0.1385,2.5692,24.2093,2.8794,30.1315
504,0.0348,0.2347,1.0577,0.0558,0.0021,0.288,0.0002,0.0861,0.2051,0.0003,0.4764,1.1322,0.1583,2.6357,27.8178,2.8747,33.7489
505,0.0278,0.3343,1.0547,0.0576,0.0039,0.2843,0.0001,0.0721,0.2085,0.0002,0.4534,1.0984,0.1534,2.6835,26.6472,2.9225,32.7244
506,0.0431,0.332,1.0725,0.0598,0.0016,0.2678,0.0001,0.0795,0.2059,0.0002,0.4509,1.0763,0.1436,2.6819,23.1256,2.8767,29.169
507,0.0443,0.3289,1.1048,0.0606,0.0037,0.3021,0.0002,0.0935,0.215,0.0003,0.4842,1.1872,0.1594,2.843,22.8909,2.8668,29.0868
508,0.0425,0.2778,1.0768,0.0601,0.0021,0.2756,0.0001,0.0839,0.2087,0.0002,0.4559,1.1045,0.1517,2.6674,22.4158,2.8695,28.423
509,0.0397,0.3232,1.0604,0.0619,0.0036,0.2758,0.0001,0.0718,0.2075,0.0002,0.4501,1.0878,0.1565,2.6818,22.9841,2.9223,29.0648
510,0.0396,0.3223,1.0692,0.0612,0.0028,0.275,0.0001,0.0855,0.215,0.0002,0.454,1.1107,0.1488,2.7037,22.7178,2.8997,28.8052
511,0.0392,0.3298,1.0582,0.0595,0.0035,0.28,0.0001,0.0929,0.2112,0.0002,0.4641,1.1309,0.1443,2.7142,22.494,2.893,28.5803
512,0.037,0.234,1.0469,0.057,0.0025,0.2707,0.0001,0.0803,0.2027,0.0002,0.448,1.0799,0.1506,2.5658,28.7796,2.882,34.6587
513,0.0374,0.3343,1.0368,0.0511,0.0015,0.2632,0.0001,0.0789,0.2049,0.0002,0.4499,1.0592,0.1424,2.6198,22.3767,2.8657,28.3345
514,0.0399,0.3286,1.0156,0.0503,0.0014,0.2585,0,0.0785,0.2079,0.0001,0.4457,1.0509,0.1484,2.5933,22.6026,2.8754,28.5449
515,0.0398,0.3936,1.0633,0.06,0.0038,0.2849,0.0001,0.084,0.2111,0.0002,0.4659,1.1288,0.1571,2.7976,22.4905,2.8697,28.6297
516,0.0403,0.3267,1.0624,0.0627,0.0038,0.2809,0.0001,0.0749,0.2093,0.0002,0.4675,1.1198,0.1606,2.7233,22.6111,2.9939,28.809
517,0.039,0.3226,1.0319,0.0524,0.0017,0.2701,0,0.0927,0.2096,0.0002,0.4507,1.0949,0.1678,2.668,22.2364,2.8828,28.264
518,0.0408,0.4517,1.0331,0.0656,0.0019,0.2821,0.0001,0.0736,0.2077,0.0002,0.4717,1.1209,0.1502,2.8074,22.3831,2.8806,28.5441
519,0.043,0.3091,1.0234,0.0522,0.0016,0.2646,0.0001,0.0917,0.2081,0.0002,0.4503,1.0798,0.1449,2.6118,22.2354,2.8548,28.1772
