0,1.2706,1.4952,7.679,0.9901,3.5076,0.1793,3.4522,7.142,0.0004,0.0002,0.3682,5.5404,23.2285,24.5077,360.331,58.1006,452.637,
1,1.4018,2.129,7.7731,0.5967,3.7379,0.1773,3.7693,7.697,0.0003,0.0003,0.3261,5.4883,24.0325,25.4448,367.422,58.1615,463.611,
2,1.4096,2.1376,7.9105,0.8692,2.5332,0.1946,3.3658,6.1035,0.0002,0.0002,0.3155,5.7656,23.1241,24.5433,364.57,58.208,459.975,
3,1.4128,2.0952,7.7514,0.5961,3.7033,0.2121,3.7934,7.7168,0.0003,0.0002,0.3158,5.4948,23.996,25.419,362.31,63.4017,463.832,
4,1.4157,1.975,7.8096,0.561,2.5169,0.1934,3.0476,5.7674,0.0003,0.0003,0.3191,5.5032,21.9601,23.3833,362.313,58.6647,457.009,
5,1.4078,2.1463,7.8343,0.5935,3.735,0.1613,3.8098,7.714,0.0003,0.0003,0.3266,5.537,24.1766,25.5946,362.59,58.5272,459.328,
6,1.4126,2.0247,7.7577,0.5812,2.5144,0.1534,2.8284,5.5038,0.0002,0.0003,0.311,5.5198,21.7289,23.1521,367.198,59.1095,461.987,
7,1.4039,2.2427,7.8557,0.6128,3.7697,0.1622,3.821,7.7574,0.0003,0.0003,0.3125,5.4825,24.2825,25.6964,362.472,60.3729,461.339,
8,1.2747,1.5585,7.5708,0.9227,3.1998,0.2037,3.3118,6.72,0.0002,0.0003,0.3449,5.6976,22.8279,24.1119,362.296,64.1454,460.918,
9,1.4121,2.2086,7.8272,0.6021,3.6923,0.2107,3.7809,7.6948,0.0003,0.0003,0.3178,5.539,24.2156,25.6376,362.065,60.3304,460.941,
10,1.4306,2.4479,8.1104,1.0111,2.5481,0.2687,3.5286,6.3533,0.0003,0.0003,0.3167,5.4989,23.7622,25.2033,363.29,61.0324,462.584,
11,1.4349,2.1099,7.784,0.6092,3.7448,0.2036,3.8086,7.7713,0.0003,0.0003,0.3271,5.5091,24.129,25.5718,365.17,60.2791,463.998,
12,1.4128,2.3816,8.0542,0.9789,2.5317,0.2341,3.3721,6.1419,0.0002,0.0005,0.4502,5.5161,23.5474,24.9711,365.626,60.5614,464.258,
13,1.4019,2.0825,7.7868,0.5961,3.7375,0.1645,3.7978,7.709,0.0003,0.0002,0.3094,5.5634,24.0713,25.4835,371.432,61.3611,471.299,
14,1.4508,2.265,7.8812,0.8801,2.5137,0.193,3.3759,6.0868,0.0002,0.0003,0.3061,5.6989,23.1394,24.6003,377.298,61.1706,476.439,
15,1.4102,2.1159,7.4478,0.5828,3.6443,0.2131,3.7309,7.5981,0.0002,0.0002,0.3271,5.52,23.6184,25.0381,372.14,60.9122,471.083,
16,1.2785,1.6063,7.7104,0.6658,3.0826,0.2078,3.3231,6.6161,0.0003,0.0002,0.3654,5.7119,22.6853,23.9734,365.984,60.6024,460.929,
17,1.4137,2.0865,7.7968,0.6154,3.8077,0.1617,3.8425,7.822,0.0003,0.0002,0.3236,5.5307,24.2026,25.6261,366.792,60.4664,465.937,
18,1.4056,2.4532,7.97,0.6535,2.6133,0.192,3.5179,6.328,0.0002,0.0002,0.314,5.5232,23.266,24.6821,370.919,60.8224,469.203,
19,1.4064,2.0722,7.7693,0.5798,3.7485,0.2025,3.8036,7.759,0.0002,0.0003,0.3148,5.5483,24.0655,25.4811,368.239,60.8927,467.705,
20,1.4194,2.3074,7.9349,0.6487,2.6616,0.2298,3.3862,6.2847,0.0002,0.0002,0.4753,5.5369,23.2132,24.6417,372.52,61.0862,471.193,
21,1.4041,2.3112,7.9158,0.6287,3.9266,0.2208,3.9534,8.1138,0.0003,0.0002,0.3245,5.5447,24.86,26.274,369.627,61.264,470.176,
22,1.4224,2.1876,7.9527,0.8955,2.614,0.2108,3.4205,6.2543,0.0002,0.0003,0.3117,5.7569,23.3836,24.8147,376.451,61.7247,476.014,
23,1.4424,2.1502,7.5549,0.6232,3.8298,0.205,3.8898,7.9334,0.0004,0.0002,0.3162,5.5656,24.1687,25.6185,374.14,61.719,474.603,
24,1.2866,1.6102,7.7227,0.7564,2.8951,0.1509,3.3676,6.4172,0.0002,0.0002,0.4925,5.551,22.5608,23.858,370.223,60.9715,465.487,
25,1.401,2.1069,7.7782,0.6226,3.9184,0.2113,3.9347,8.0757,0.0004,0.0002,0.3263,5.571,24.5089,25.9255,378.263,61.0106,478.133,
26,1.3916,2.2556,7.9636,0.6607,2.6238,0.1618,3.4066,6.1994,0.0003,0.0004,0.318,5.7708,23.1927,24.5928,375.651,61.7255,474.906,
27,1.3896,2.022,7.4269,0.6276,3.6971,0.1953,3.7858,7.6826,0.0002,0.0004,0.3078,5.5807,23.6685,25.0673,383.664,61.8935,483.513,
28,1.4313,2.2644,8.3242,0.8087,2.6495,0.209,3.4283,6.2975,0.0002,0.0003,0.3391,5.7623,23.8222,25.2621,377.735,61.41,477.452,
29,1.4027,2.1666,7.7889,0.6096,3.9335,0.2023,3.9249,8.0685,0.0003,0.0002,0.3054,5.6003,24.5676,25.9804,384.775,61.9338,485.678,
30,1.4043,2.2639,7.9545,0.6253,2.6776,0.1948,3.4378,6.3141,0.0002,0.0002,0.3115,5.8012,23.2879,24.7015,378.075,61.8759,477.675,
31,1.4061,2.1919,7.6999,0.5651,3.9208,0.151,3.966,8.0428,0.0002,0.0002,0.311,5.5898,24.4121,25.8279,385.212,62.0186,485.997,
32,1.2781,1.4791,7.7253,0.9621,2.9196,0.1884,3.1118,6.2229,0.0002,0.0002,0.3565,5.6323,22.4942,23.7822,381.958,61.737,477.87,
33,1.4217,2.223,7.8506,0.6269,4.026,0.2043,4.039,8.2801,0.0003,0.0002,0.3363,5.6252,24.9659,26.3971,384.37,62.5792,486.421,
34,1.4038,2.2177,7.9305,0.6209,2.7185,0.199,3.4446,6.3719,0.0003,0.0002,0.3157,5.8169,23.2953,24.7096,387.127,62.6378,487.667,
35,1.4039,2.1224,7.7901,0.6071,3.9946,0.2076,4.0176,8.2301,0.0004,0.0003,0.3155,5.637,24.7265,26.1395,387.265,62.7292,489.135,
36,1.4217,2.5148,8.1519,0.9816,2.759,0.1918,3.4856,6.4404,0.0002,0.0002,0.3098,5.8473,24.2671,25.6993,395.201,62.6828,496.659,
37,1.4343,2.2558,7.861,0.6693,4.182,0.1718,4.0658,8.4303,0.0002,0.0003,0.3291,5.6788,25.2467,26.6908,391.936,63.1712,494.989,
38,1.4018,2.2077,8.0009,0.8364,2.7318,0.1897,3.4733,6.3984,0.0002,0.0003,0.3894,5.8643,23.7162,25.1277,397.223,63.1918,498.448,
39,1.4157,2.1848,7.7652,0.604,4.0122,0.2065,3.9922,8.2207,0.0003,0.0003,0.3162,5.6809,24.7971,26.2226,393.094,63.2155,495.437,
40,1.2913,1.5331,7.7692,0.8635,2.8697,0.2102,3.4597,6.5425,0.0004,0.0002,0.3627,5.8897,22.9697,24.2704,397.005,63.3503,494.927,
41,1.4075,2.1626,7.8473,0.6105,4.1204,0.214,4.1141,8.453,0.0002,0.0003,0.3169,5.7015,25.11,26.5275,395.649,63.8575,499.004,
42,1.4298,2.3674,7.9651,0.6736,2.9885,0.1717,3.6224,6.7906,0.0003,0.0003,0.309,5.7123,23.8445,25.2839,401.659,63.6279,503.638,
43,1.4113,2.2521,7.5994,0.5867,4.0418,0.2467,3.9913,8.2836,0.0002,0.0003,0.3051,5.7366,24.7802,26.202,401.01,63.9269,503.999,
44,1.4026,2.4465,7.8882,0.8394,2.8459,0.1844,3.4875,6.5217,0.0003,0.0005,0.3293,5.9111,23.9474,25.3593,406.448,64.2694,509.005,
45,1.4244,2.1407,7.7939,0.604,4.3023,0.1891,4.1677,8.6632,0.0002,0.0004,0.3158,5.7369,25.2656,26.7,404.045,64.3654,508.157,
46,1.3974,2.4378,7.9367,0.6453,2.8547,0.2147,3.5395,6.6184,0.0003,0.0005,0.316,5.9238,23.9041,25.3114,411.087,64.6682,513.978,
47,1.3923,2.2723,7.9149,0.6508,4.3148,0.2046,4.2248,8.7536,0.0003,0.0003,0.317,5.7679,25.7027,27.1043,408.964,65.0996,514.137,
48,1.264,1.6254,7.7542,0.6775,3.1005,0.1948,3.6236,6.9226,0.0002,0.0002,0.3228,5.781,23.0939,24.3669,407.797,65.2041,507.692,
49,1.4031,2.1805,7.7924,0.6199,4.3207,0.2841,4.2308,8.845,0.0003,0.0005,0.3173,5.7849,25.5648,26.9769,415.29,65.4179,520.633,
50,1.4376,2.3529,7.9711,0.6619,3.0878,0.2011,3.5925,6.8913,0.0004,0.0002,0.3165,6.0054,24.2239,25.6714,416.565,67.5877,522.934,
51,1.4528,2.2312,7.8176,0.6743,4.2907,0.2014,4.1884,8.69,0.0002,0.0004,0.3117,5.8078,25.5552,27.0173,420.217,66.2547,526.623,
52,1.4216,2.3536,7.9978,0.6646,3.039,0.2181,3.5959,6.865,0.0003,0.0003,0.3168,6.0206,24.2405,25.6725,423.395,68.3289,530.579,
53,1.4141,2.1479,7.4756,0.6564,4.1015,0.1858,4.128,8.4192,0.0001,0.0002,0.3156,5.8791,24.9227,26.3464,425.836,66.7958,532.092,
54,1.4185,2.3492,7.9543,0.6769,3.0567,0.2074,3.6272,6.9014,0.0003,0.0002,0.3446,6.0373,24.2898,25.7172,430.247,66.7285,535.81,
55,1.4254,2.0989,7.8837,0.6167,4.3695,0.211,4.2882,8.8772,0.0002,0.0003,0.3182,5.8831,25.7036,27.139,428.917,66.5009,535.619,
56,1.2754,1.5669,7.6819,0.9651,3.4008,0.2088,3.3737,6.9862,0.0002,0.0002,0.3584,5.9126,23.4802,24.7644,429.027,67.3119,531.438,
57,1.4108,2.2697,7.8054,0.6203,4.3888,0.2115,4.2951,8.9018,0.0003,0.0002,0.3187,5.9602,25.9003,27.3213,439.38,67.5933,547.233,
58,1.4179,2.2035,7.9497,0.9382,3.015,0.2112,3.8505,7.0873,0.0003,0.0002,0.315,5.9192,24.4385,25.8663,438.019,68.2689,545.146,
59,1.4225,2.2399,7.812,0.6264,4.4196,0.2662,4.3198,9.0136,0.0003,0.0003,0.3264,5.9467,25.9913,27.4237,440.365,68.2961,549.177,
60,1.3895,2.1864,7.8851,0.8681,3.023,0.2122,3.8802,7.1247,0.0003,0.0003,0.3144,5.9962,24.4019,25.7997,441.436,70.7711,550.922,
61,1.4177,2.2213,7.717,0.6045,4.4147,0.1952,4.3204,8.9355,0.0003,0.0002,0.3187,5.9681,25.7862,27.2129,446.264,68.7914,555.303,
62,1.3902,2.3794,8.1332,0.8698,3.0645,0.1974,3.9118,7.1777,0.0003,0.0003,0.3105,5.9804,24.8695,26.2684,454.172,69.4859,562.843,
63,1.4037,2.2548,7.736,0.6027,4.5211,0.1985,4.4007,9.125,0.0001,0.0002,0.3151,5.9923,26.044,27.4579,452.394,69.5295,562.242,
64,1.2816,1.6612,7.7956,0.6948,3.1421,0.1842,3.7237,7.0527,0.0002,0.0002,0.3765,6.2036,23.7933,25.0844,448.598,73.8721,557.925,
65,1.4095,2.2799,7.7242,0.6209,4.5813,0.2115,4.4717,9.2732,0.0003,0.0003,0.3118,6.0302,26.2661,27.6897,453.227,69.8745,563.682,
66,1.4005,2.1263,7.9781,0.86,3.2569,0.2288,3.824,7.3137,0.0003,0.0003,0.3118,6.2296,24.8472,26.2585,458.413,70.3325,567.798,
67,1.4092,2.309,7.9239,0.7008,4.6816,0.2858,4.5154,9.4933,0.0003,0.0003,0.3268,6.0615,26.8386,28.2582,460.31,70.6181,572.212,
68,1.4028,2.3263,7.9892,0.66,3.2377,0.1997,3.819,7.2656,0.0002,0.0003,0.4941,6.0631,24.8205,26.2325,462.776,71.4589,573.507,
69,1.4048,2.1397,7.8522,0.6528,4.6219,0.2582,4.4777,9.3667,0.0003,0.0003,0.3288,6.078,26.4411,27.8546,463.359,71.0467,575.303,
70,1.4098,2.389,8.0302,0.9087,3.1466,0.2102,3.8992,7.2645,0.0003,0.0003,0.4995,6.1054,25.22,26.6413,470.697,71.2043,581.373,
71,1.3974,2.2837,7.9061,0.6533,4.6828,0.2358,4.5584,9.486,0.0002,0.0003,0.3126,6.109,26.7743,28.1819,466.295,73.5947,581.008,
72,1.2651,1.5237,7.72,0.8729,3.1651,0.2088,4.0089,7.3878,0.0002,0.0003,0.3266,6.129,23.9764,25.2502,470.376,71.0232,577.006,
73,1.3821,2.258,7.9168,0.6872,4.708,0.2224,4.565,9.5,0.0002,0.0003,0.3138,6.1674,26.8641,28.2545,470.126,71.394,582.595,
74,1.4081,2.4431,7.928,0.6414,3.1856,0.1959,3.9504,7.336,0.0002,0.0002,0.4742,6.1443,24.9855,26.4068,477.539,72.0402,588.905,
75,1.4161,2.1703,7.5066,0.6018,4.4497,0.1965,4.4328,9.0861,0.0003,0.0002,0.316,6.1517,25.8591,27.2834,479.05,71.3601,590.695,
76,1.4277,2.3104,7.9556,0.6751,3.3264,0.2131,3.961,7.5108,0.0003,0.0002,0.4798,6.1727,25.1297,26.5669,478.369,72.5006,590.584,
77,1.4297,2.2103,7.6658,0.6103,4.7122,0.2691,4.5549,9.5456,0.0003,0.0003,0.3251,6.1854,26.5679,28.0055,484.225,73.3078,598.683,
78,1.4086,2.4032,7.9163,0.6584,3.2392,0.2112,4.1305,7.5955,0.0003,0.0002,0.3231,6.2066,25.1301,26.5476,481.987,73.014,594.557,
79,1.4285,2.1769,7.8487,0.6971,4.8252,0.2113,4.7013,9.7463,0.0003,0.0003,0.3254,6.2213,27.0434,28.4826,488.362,73.2108,603.184,
80,1.2866,1.6489,7.749,1.0607,3.3035,0.2062,4.0712,7.584,0.0002,0.0002,0.4122,6.2446,24.7134,26.0097,484.596,72.7275,593.657,
81,1.3976,2.1727,7.8262,0.5956,4.7353,0.1915,4.6403,9.5714,0.0003,0.0002,0.3117,6.235,26.7253,28.1322,486.654,73.3818,601.188,
82,1.4112,2.2586,7.914,0.94,3.3528,0.2286,4.2048,7.7957,0.0002,0.0002,0.3146,6.2525,25.51,26.9316,497.475,75.3121,612.753,
83,1.3984,2.1252,7.7618,0.6098,4.8438,0.2058,4.7279,9.7883,0.0003,0.0003,0.3258,6.2661,26.8996,28.3081,492.126,73.9827,607.396,
84,1.4227,2.5038,8.1112,0.9244,3.3665,0.1928,4.1358,7.6992,0.0003,0.0003,0.4703,6.2819,26.012,27.4432,496.743,74.2637,611.58,
85,1.3932,2.2829,7.8046,0.6875,4.8523,0.189,4.7096,9.7551,0.0002,0.0002,0.3147,6.2899,27.1533,28.5562,499.006,74.3113,614.8,
86,1.3939,2.3703,7.9442,0.6498,3.5963,0.2073,4.2959,8.1095,0.0003,0.0003,0.3176,6.3014,25.718,27.1228,500.593,74.7955,615.39,
87,1.4097,2.2745,7.6216,0.6044,4.8181,0.2132,4.7168,9.7557,0.0002,0.0003,0.3291,6.3234,26.937,28.3572,501.684,75.0771,618.134,
88,1.2804,1.4769,7.8624,0.6737,3.4874,0.1916,4.3419,8.0245,0.0003,0.0002,0.3502,6.3358,24.7339,26.0243,502.717,75.1195,614.311,
89,1.3968,2.23,7.638,0.7734,4.9406,0.2066,4.7758,9.9344,0.0003,0.0003,0.3264,6.3453,27.273,28.6834,502.633,79.899,624.108,
90,1.438,2.2459,7.9106,0.907,3.4475,0.2084,4.3257,7.9928,0.0003,0.0002,0.3178,6.3589,25.7567,27.2039,505.736,75.5228,621.706,
91,1.4239,2.1864,7.7881,0.6419,5.052,0.2128,4.8846,10.1572,0.0003,0.0003,0.3172,6.3711,27.4894,28.9235,517.177,75.7854,634.935,
92,1.4027,2.2956,7.9633,0.6313,3.6202,0.1869,4.3765,8.1924,0.0004,0.0003,0.3195,6.3762,25.7939,27.2067,513.181,76.0159,629.375,
93,1.4172,2.0994,7.746,0.6508,5.0216,0.1841,4.864,10.0785,0.0003,0.0004,0.3213,6.3914,27.3013,28.727,521.316,76.3724,639.465,
94,1.3809,2.1821,7.9365,0.6198,3.4755,0.2086,4.3813,8.0692,0.0002,0.0003,0.3115,6.3978,25.5363,26.9265,516.913,76.3329,632.979,
95,1.3926,2.183,7.8008,0.623,5.1007,0.2107,4.9364,10.252,0.0002,0.0005,0.3123,6.4201,27.6207,29.0242,516.57,76.8069,635.245,
96,1.2715,1.564,7.7329,0.8978,3.5312,0.2439,4.4245,8.2023,0.0002,0.0002,0.3587,6.44,25.2051,26.4861,518.904,76.6524,632.392,
97,1.4122,2.1898,7.8139,0.6843,5.1414,0.1901,4.9547,10.3331,0.0002,0.0002,0.3211,6.4347,27.7966,29.2193,520.639,76.9593,639.889,
98,1.4231,2.194,7.9971,0.6669,3.5535,0.2602,4.4426,8.261,0.0002,0.0003,0.3145,6.4653,25.9221,27.3643,524.606,77.2604,642.26,
99,1.4007,2.2351,7.7823,0.6132,5.2039,0.2178,5.0165,10.4496,0.0003,0.0003,0.3237,6.4635,27.8932,29.3035,527.798,79.4561,649.576,
100,1.3939,2.2421,8.0084,0.9496,3.6257,0.2097,4.6104,8.4563,0.0003,0.0003,0.3137,6.481,26.4774,27.8817,530.043,77.7298,648.564,
101,1.4138,2.231,7.7606,0.6127,5.2316,0.1841,5.049,10.4686,0.0002,0.0005,0.314,6.4952,27.9055,29.3292,534.873,78.2465,655.569,
102,1.3942,2.3168,7.9029,0.9043,3.6364,0.1932,4.6523,8.4858,0.0003,0.0002,0.3051,6.5048,26.4335,27.8373,532.531,83.356,656.611,
103,1.3994,2.1714,7.8673,0.6003,5.2684,0.2058,5.1245,10.6104,0.0004,0.0002,0.3277,6.5262,28.1295,29.5387,533.384,78.7339,654.531,
104,1.2792,1.4696,7.7042,0.893,3.4239,0.2484,4.5725,8.253,0.0004,0.0002,0.3682,6.5465,25.2449,26.5345,533.297,78.6656,648.918,
105,1.4065,2.3097,7.9706,0.6331,5.554,0.1861,5.238,10.9835,0.0002,0.0003,0.3143,6.5443,28.7779,30.1947,538.002,79.0331,659.959,
106,1.4046,2.2018,7.8749,0.8946,3.6919,0.1874,4.7309,8.6141,0.0002,0.0004,0.3146,6.5602,26.4808,27.8949,540.931,79.5888,661.38,
107,1.3981,2.2101,7.8013,0.6161,5.3811,0.1939,5.1588,10.7374,0.0003,0.0002,0.4032,6.5722,28.3542,29.7618,542.771,79.9792,665.516,
108,1.4018,2.2994,7.9952,0.6454,3.8139,0.2242,4.654,8.6975,0.0003,0.0003,0.3129,6.5841,26.5533,27.9644,545.396,79.9384,666.183,
109,1.4056,2.2362,7.8931,0.6592,5.4652,0.1975,5.2134,10.8816,0.0002,0.0002,0.3173,6.5983,28.6013,30.0172,547.198,80.118,670.253,
110,1.4223,2.5018,8.0569,0.9216,3.7617,0.1856,4.7568,8.708,0.0002,0.0003,0.3275,6.6067,27.1351,28.5674,549.731,80.1743,671.559,
111,1.3998,2.1571,7.8141,0.6388,5.4439,0.2003,5.225,10.8744,0.0003,0.0002,0.3118,6.6221,28.4309,29.8397,551.229,80.2161,674.293,
112,1.2512,1.6094,7.6361,1.0586,3.9406,0.1892,4.7551,8.8883,0.0002,0.0002,0.3439,6.6794,26.2303,27.4907,550.618,80.4468,668.815,
113,1.3798,2.1741,7.7714,0.6053,5.4442,0.2142,5.1966,10.8591,0.0003,0.0003,0.3143,6.645,28.3939,29.7828,551.392,80.8721,675.008,
114,1.4089,2.3991,8.0043,0.6687,4.0763,0.2886,4.9409,9.3163,0.0004,0.0003,0.3164,6.6567,27.389,28.8064,554.353,80.9517,677.177,
115,1.3997,2.2727,7.7779,0.6917,5.5956,0.207,5.3481,11.163,0.0003,0.0003,0.3148,6.6679,28.9096,30.319,558.828,80.9067,682.983,
116,1.411,2.3031,7.9412,0.9113,3.9,0.2095,4.5005,8.6221,0.0003,0.0003,0.3252,6.6849,26.8112,28.2365,557.968,81.3034,680.559,
117,1.4168,2.2164,7.8688,0.7036,5.7337,0.2302,5.4386,11.4139,0.0003,0.0003,0.3253,6.6918,29.2425,30.6698,560.254,81.5239,685.491,
118,1.4208,2.4827,8.0446,0.9573,3.9499,0.2154,4.9879,9.1634,0.0003,0.0003,0.316,6.7049,27.6919,29.123,561.463,81.8577,685.641,
119,1.4088,2.3414,7.8044,0.7026,5.7426,0.2098,5.4554,11.419,0.0002,0.0005,0.3154,6.7148,29.3178,30.7353,563.644,82.0358,689.436,
120,1.2774,1.5704,7.6902,0.9571,3.9925,0.2078,4.5375,8.7411,0.0002,0.0002,0.3843,6.8231,26.1749,27.4615,561.326,82.0495,681.107,
121,1.401,2.2651,7.9537,0.6157,5.7882,0.1881,5.485,11.4656,0.0003,0.0001,0.3146,6.7433,29.3791,30.7908,565.642,82.4269,691.728,
122,1.4131,2.4742,8.1577,0.8589,3.9585,0.213,5.0397,9.2212,0.0003,0.0003,0.3275,6.7531,27.8181,29.2405,570.94,82.8042,696.032,
123,1.4168,2.144,7.7938,0.6217,5.7825,0.2351,5.5251,11.5541,0.0002,0.0003,0.3188,6.7629,29.2172,30.6436,570.523,82.6644,696.821,
124,1.4359,2.2945,7.9529,0.6689,4.11,0.2075,5.0965,9.4221,0.0003,0.0002,0.3159,6.8324,27.5106,28.9558,574.733,83.0307,699.845,
125,1.4281,2.1751,7.7734,0.6094,5.7235,0.2077,5.4593,11.4013,0.0003,0.0002,0.3251,6.787,29.096,30.5342,573.848,82.9828,700.495,
126,1.4035,2.4578,8.0888,0.94,4.0978,0.2083,5.0981,9.4085,0.0002,0.0002,0.3151,6.801,28.0372,29.4507,582.134,83.3958,708.047,
127,1.4115,2.1581,7.7833,0.6131,5.8746,0.1897,5.5603,11.6287,0.0002,0.0003,0.314,6.8739,29.3913,30.8123,580.494,83.0533,707.402,
128,1.289,1.4615,7.7031,0.7115,4.2303,0.1976,5.151,9.5819,0.0002,0.0002,0.3567,6.8356,26.6594,27.9585,574.301,83.7296,696.417,
129,1.3998,2.3206,7.7884,0.7043,5.8566,0.1969,5.5558,11.7187,0.0003,0.0006,0.3333,6.8391,29.73,31.1393,578.791,83.3089,706.029,
130,1.4202,2.3846,7.9619,0.6744,4.3369,0.2005,5.2287,9.774,0.0002,0.0003,0.3263,6.8431,27.9906,29.4207,593.228,103.835,739.587,
131,1.5101,2.1838,7.8005,0.6782,4.1505,0.2372,4.5519,8.9528,0.0007,0.0003,0.3562,6.9038,26.9073,28.4331,600.004,84.0531,725.505,
132,1.4035,2.2152,7.8274,0.6689,5.9487,0.1787,5.5996,11.7307,0.0003,0.0003,0.3097,6.8968,29.6647,31.0789,585.069,83.6842,712.758,
133,1.4011,2.4295,7.9457,0.6792,4.185,0.2097,5.2904,9.6942,0.0003,0.0002,0.3159,6.8742,27.9617,29.3723,588.054,83.3611,713.822,
134,1.4316,2.3844,7.8445,0.5857,6.0521,0.1848,5.6978,11.9384,0.0003,0.0003,0.3121,6.8839,29.9704,31.411,586.808,83.4197,714.805,
135,1.4154,2.3364,7.9431,0.6608,4.3263,0.1885,5.3526,9.8714,0.0002,0.0002,0.3114,6.8924,28.0274,29.4532,592.186,83.2965,717.869,
136,1.2827,1.4726,7.6687,0.9502,4.1385,0.187,4.8713,9.2002,0.0002,0.0002,0.3626,6.9256,26.5887,27.8805,586.934,84.7242,709.98,
137,1.4106,2.2562,7.8284,0.6113,6.1203,0.201,5.7346,12.0661,0.0002,0.0003,0.374,6.9221,30.0823,31.5034,591.287,83.9578,719.724,
138,1.4249,2.2579,7.8474,0.6001,6.0563,0.2007,5.7588,12.0262,0.0003,0.0003,0.3201,6.9352,30.0083,31.4432,597.615,83.8559,725.938,
139,1.3927,2.2796,7.9154,0.9495,4.5264,0.1917,4.9701,9.6935,0.0002,0.0003,0.3087,6.9394,28.1067,29.5087,594.978,84.2469,721.553,
140,1.4095,2.2988,7.9027,0.6129,6.1834,0.2024,5.8073,12.1982,0.0002,0.0002,0.3286,6.9572,30.3247,31.7445,595.944,84.3087,724.895,
141,1.411,2.4778,7.945,0.9923,4.3036,0.2125,5.4816,10.0086,0.0002,0.0002,0.3155,6.9697,28.7331,30.1532,600.997,84.3568,728.403,
142,1.4341,2.2219,7.8014,0.6987,6.1757,0.2056,5.794,12.183,0.0003,0.0002,0.3255,6.9832,30.2425,31.6866,600.262,84.6352,729.619,
143,1.4081,2.3213,8.0209,0.6503,4.3915,0.192,5.4896,10.0775,0.0003,0.0002,0.3112,7.0006,28.4063,29.8241,601.089,87.0529,730.856,
144,1.2841,1.5884,7.7145,0.9764,4.3348,0.2027,5.4302,9.9724,0.0003,0.0002,0.3575,7.0136,27.6371,28.9321,599.183,84.92,723.289,
145,1.4087,2.1376,7.7883,0.6063,6.1895,0.2043,5.8496,12.2513,0.0002,0.0003,0.3179,7.0081,30.1302,31.5489,603.261,84.8577,732.547,
146,1.4117,2.1769,7.4313,0.6483,5.9372,0.2107,5.7226,11.8766,0.0002,0.0003,0.3289,7.0181,29.4923,30.9142,603.898,84.8972,732.534,
147,1.4016,2.4244,7.976,0.673,4.5715,0.1968,5.5557,10.3333,0.0002,0.0003,0.3235,7.0318,28.7901,30.202,607.375,85.0955,735.523,
148,1.4502,2.2392,7.7166,0.6913,6.153,0.2062,5.8482,12.214,0.0003,0.0002,0.3189,7.0443,30.2515,31.7112,612.041,85.1661,742.113,
149,1.4587,2.2893,8.0121,0.6742,4.3575,0.2031,5.6372,10.2091,0.0003,0.0003,0.325,7.0646,28.5949,30.0641,609.794,85.8412,738.607,
150,1.4081,2.2083,7.8441,0.6637,6.3916,0.2046,6.0489,12.6563,0.0003,0.0003,0.316,7.1124,30.8229,32.2408,611.959,85.7871,742.719,
151,1.4144,2.3223,7.9361,0.7089,6.4969,0.2022,6.0815,12.7949,0.0003,0.0002,0.3205,7.0783,31.1853,32.6084,610.652,85.8941,741.984,
152,1.2777,1.642,7.7907,0.6711,4.5206,0.1893,5.7959,10.5093,0.0002,0.0002,0.3511,7.0887,28.0639,29.3522,609.895,86.249,735.737,
153,1.397,2.2594,7.8834,0.6937,6.4427,0.1973,6.0548,12.7048,0.0002,0.0002,0.3155,7.0944,30.9733,32.38,612.021,86.4033,743.425,
154,1.4166,2.3444,8.0057,0.6713,4.592,0.2079,5.7511,10.5607,0.0003,0.0002,0.3221,7.1025,29.0332,30.4595,616.613,86.4645,746.446,
155,1.422,2.149,7.8001,0.584,6.3305,0.1977,5.9763,12.514,0.0002,0.0002,0.3115,7.1102,30.4923,31.9279,616.437,86.134,747.459,
156,1.408,2.3255,7.9923,0.6705,4.6158,0.208,5.7445,10.5777,0.0003,0.0003,0.3257,7.1139,29.0321,30.4499,615.834,86.1594,745.205,
157,1.4243,2.1822,7.762,0.6134,6.4752,0.2068,6.0746,12.7677,0.0004,0.0002,0.3187,7.1255,30.7961,32.2305,615.224,86.4921,746.801,
158,1.3996,2.2883,7.9178,0.7126,6.6327,0.2009,6.1178,12.9616,0.0003,0.0003,0.3256,7.1388,31.3689,32.7775,616.657,86.6134,748.78,
159,1.4131,2.3121,7.9252,0.699,4.4924,0.208,5.8136,10.5239,0.0003,0.0003,0.3245,7.132,28.9436,30.367,620.91,86.6367,750.614,
160,1.2548,1.5111,7.6501,0.9535,4.6355,0.2347,5.9051,10.7785,0.0002,0.0002,0.3553,7.1872,28.4467,29.7098,611.891,86.323,738.123,
161,1.3897,2.2751,7.8846,0.614,6.593,0.183,6.1668,12.9835,0.0002,0.0003,0.3148,7.149,31.2406,32.6443,614.155,86.4634,745.814,
162,1.4124,2.4377,7.8327,0.6254,6.6013,0.206,6.1813,13.0003,0.0003,0.0005,0.3242,7.1572,31.4028,32.8252,617.537,90.7272,753.978,
163,1.42,2.3891,8.0163,0.9549,4.7595,0.2711,5.3562,10.3969,0.0002,0.0003,0.3264,7.1654,29.2739,30.7047,616.114,90.6578,750.221,
164,1.39,2.263,7.7985,0.6649,6.5471,0.2046,6.1362,12.8962,0.0003,0.0003,0.3175,7.172,31.1404,32.5388,617.227,86.5861,749.025,
165,1.4211,2.2192,7.7427,0.5918,6.4901,0.1815,6.1474,12.8231,0.0002,0.0002,0.3231,7.1674,30.8858,32.3163,620.224,86.6666,752.023,
166,1.4084,2.5485,7.9171,0.976,4.5865,0.2058,5.9088,10.7106,0.0003,0.0002,0.3238,7.1755,29.6762,31.0937,619.516,86.9245,750.326,
167,1.426,2.1427,7.8198,0.6144,6.5283,0.198,6.1441,12.8791,0.0003,0.0003,0.3257,7.2537,31.062,32.4973,616.331,93.0757,754.865,
168,1.2617,1.5889,7.802,0.6672,4.6195,0.1969,5.9343,10.7555,0.0003,0.0002,0.3519,7.1951,28.3747,29.6471,617.674,86.7603,744.042,
169,1.3795,2.115,7.7863,0.6626,6.5757,0.2179,6.1933,12.9985,0.0003,0.0002,0.3201,7.1866,31.0926,32.4809,621.639,86.7301,753.375,
170,1.4199,2.1271,7.8432,0.5946,6.563,0.2008,6.2142,12.9879,0.0003,0.0003,0.3139,7.2152,31.106,32.5363,615.811,87.0557,748.022,
171,1.4107,2.2819,7.9527,0.956,4.6281,0.1948,5.985,10.8198,0.0003,0.0002,0.3256,7.1981,29.5554,30.9751,620.104,86.8619,750.627,
172,1.4075,2.1876,7.8201,0.6915,6.6534,0.2048,6.199,13.0674,0.0003,0.0002,0.3271,7.2068,31.3237,32.7399,620.674,86.7395,752.793,
173,1.4185,2.4504,7.8912,0.9377,4.6718,0.1953,5.9833,10.8555,0.0002,0.0003,0.3117,7.1978,29.6679,31.0965,622.609,86.8809,753.354,
174,1.3928,2.1905,7.7527,0.641,4.7001,0.1773,5.303,10.185,0.0002,0.0003,0.3142,7.201,28.3046,29.7066,617.997,87.0076,747.263,
175,1.4074,2.1061,7.7811,0.6071,6.5859,0.3211,6.217,13.1382,0.0003,0.0002,0.313,7.2092,31.1761,32.5926,619.329,86.9272,751.671,
176,1.2765,1.593,7.6293,0.9773,4.6522,0.1992,6.0565,10.9127,0.0002,0.0002,0.3517,7.2182,28.6958,29.9828,616.968,86.8759,743.837,
177,1.4001,2.1685,7.852,0.6103,6.7146,0.186,6.2576,13.1622,0.0002,0.0002,0.3281,7.2485,31.3886,32.7988,616.132,87.1512,748.677,
178,1.4037,2.2469,8.0686,0.9476,4.7085,0.2499,5.9381,10.9066,0.0003,0.0002,0.328,7.2182,29.7423,31.1555,623.333,86.8989,753.984,
179,1.4088,2.1034,7.8225,0.6192,6.6155,0.2224,6.2238,13.0709,0.0002,0.0002,0.3131,7.2162,31.1707,32.588,627.589,87.2335,760.196,
180,1.4204,2.3133,7.635,0.6108,6.5888,0.1967,6.202,12.9952,0.0003,0.0004,0.3171,7.235,31.1321,32.562,622.103,87.2927,754.748,
181,1.4245,2.4518,8.0086,0.9508,4.6554,0.2101,5.9649,10.8405,0.0003,0.0002,0.3256,7.2225,29.8245,31.2584,618.266,87.2094,749.488,
182,1.406,2.2099,7.7103,0.7193,4.63,0.1779,5.2725,10.0851,0.0002,0.0002,0.3129,7.2194,28.2809,29.6967,625.354,87.0047,754.635,
183,1.4078,2.2625,7.9063,0.616,6.748,0.1963,6.2388,13.1877,0.0003,0.0002,0.3139,7.2242,31.5315,32.9491,623.178,87.0672,755.899,
184,1.2896,1.5844,7.7137,0.9871,4.7196,0.2162,6.108,11.0468,0.0002,0.0002,0.3638,7.2953,29.0013,30.3015,615.593,86.8735,742.811,
185,1.4176,2.173,7.81,0.6742,6.671,0.206,6.2507,13.1384,0.0003,0.0003,0.3253,7.2238,31.3699,32.7968,617.398,87.1784,750.138,
186,1.4235,2.281,8.1682,0.9235,4.6661,0.2122,6.0511,10.9389,0.0003,0.0003,0.3157,7.2725,29.9232,31.3568,624.49,87.3629,755.96,
187,1.4056,2.336,8.0107,0.6521,4.8057,0.2017,5.4852,10.502,0.0003,0.0003,0.3188,7.2363,29.0816,30.4964,654.191,87.128,784.529,
188,1.4205,2.4062,7.8632,0.7057,6.7615,0.1979,6.2846,13.2529,0.0003,0.0003,0.3136,7.2249,31.7919,33.2222,618.54,87.0568,751.582,
189,1.4095,2.4231,7.8639,0.6991,6.7369,0.1975,6.2905,13.234,0.0003,0.0003,0.3234,7.2237,31.7913,33.2111,622.096,87.1068,754.977,
190,1.4067,2.4448,7.8992,0.9503,4.7157,0.2045,6.0374,10.9679,0.0003,0.0003,0.3135,7.2256,29.8277,31.2429,625.445,87.2247,756.608,
191,1.4298,2.3301,7.9212,0.6461,6.8401,0.209,6.3301,13.3883,0.0003,0.0003,0.3271,7.2268,31.8621,33.3021,622.344,87.368,755.823,
192,1.2717,1.5316,7.7711,0.9304,4.4536,0.191,6.0542,10.7066,0.0003,0.0005,0.344,7.2375,28.5331,29.816,622.166,87.2619,749.354,
193,1.415,2.0525,7.7201,0.5776,4.7179,0.1927,5.3181,10.2725,0.0003,0.0002,0.3124,7.2244,28.1803,29.6054,623.969,87.0058,753.197,
194,1.4114,2.1541,7.7591,0.5914,6.7261,0.1845,6.2979,13.2122,0.0002,0.0003,0.3284,7.276,31.3349,32.7561,623.64,87.4372,756.508,
195,1.432,2.342,7.9817,0.6494,4.9101,0.1887,6.0246,11.1271,0.0003,0.0002,0.3161,7.2262,29.6543,31.0956,619.637,87.8215,751.398,
196,1.4244,2.001,7.7199,0.6085,4.7344,0.1694,5.4621,10.3745,0.0002,0.0003,0.3243,7.2263,28.2674,29.6995,626.197,87.2621,755.806,
197,1.4273,2.181,7.8064,0.608,6.7294,0.2054,6.2734,13.2166,0.0003,0.0003,0.4054,7.2304,31.4754,32.9126,626.493,87.6701,759.865,
198,1.3977,2.411,7.8947,0.9636,4.7469,0.1619,6.0089,10.9268,0.0002,0.0004,0.3108,7.3156,29.8458,31.2526,625.512,87.8135,757.228,
199,1.4316,2.1178,7.7707,0.6328,4.7582,0.1895,5.3049,10.2606,0.0003,0.0003,0.3126,7.2206,28.3329,29.7744,618.008,87.4851,747.986,
200,1.2819,1.5231,7.8305,0.7055,4.7836,0.212,6.196,11.1945,0.0002,0.0002,0.3572,7.2444,28.8646,30.1566,619.728,87.1,746.903,
201,1.4311,2.2349,7.9844,0.6471,4.9644,0.2069,5.5789,10.7603,0.0003,0.0002,0.3153,7.2295,29.1943,30.6354,622.486,87.3996,753.186,
202,1.408,2.1647,7.7939,0.6052,6.792,0.265,6.2723,13.3402,0.0003,0.0002,0.3283,7.2288,31.4805,32.8978,619.491,87.4628,752.5,
203,1.4399,2.4883,7.97,0.9729,4.8129,0.205,6.112,11.1386,0.0003,0.0003,0.3138,7.2372,30.145,31.5946,625.117,87.4093,756.969,
204,1.4314,2.2056,7.7339,0.6424,4.9858,0.1818,5.3693,10.5476,0.0003,0.0002,0.3252,7.238,28.7142,30.1564,624.617,87.4397,754.924,
205,1.3979,2.1686,7.8239,0.609,6.7552,0.2407,6.3345,13.3388,0.0003,0.0003,0.3155,7.237,31.5209,32.9269,624.153,87.5367,757.34,
206,1.4059,2.2226,7.8995,0.9482,4.807,0.2233,6.1943,11.2351,0.0003,0.0002,0.329,7.2427,29.9059,31.3199,620.201,87.689,751.958,
207,1.4027,2.0104,7.7052,0.6634,4.737,0.2085,5.5691,10.524,0.0003,0.0002,0.3262,7.2421,28.4965,29.9081,624.635,87.4096,754.827,
208,1.2887,1.5808,7.6934,0.9387,4.9271,0.2122,6.4915,11.6336,0.0002,0.0002,0.36,7.2723,29.4938,30.7933,621.427,87.56,749.766,
209,1.4117,2.4754,7.8107,0.6592,5.0902,0.2142,5.6465,10.9618,0.0002,0.0002,0.3205,7.2484,29.4981,30.9197,621.233,87.3886,752.164,
210,1.408,2.3054,7.7995,0.6533,6.8208,0.217,6.3205,13.3622,0.0002,0.0003,0.3132,7.2473,31.6986,33.1163,624.061,87.8155,757.735,
211,1.4055,2.3091,8.0896,0.8565,4.9267,0.2027,6.2138,11.3506,0.0002,0.0003,0.3137,7.2457,30.1816,31.5961,626.369,87.5121,758.151,
212,1.4343,2.1064,7.7537,0.648,4.7692,0.1834,5.4795,10.4415,0.0003,0.0002,0.3137,7.2444,28.5353,29.9795,625.894,87.4947,756.116,
213,1.4274,2.1715,7.8183,0.6725,6.8485,0.242,6.3786,13.473,0.0002,0.0002,0.3118,7.2948,31.7532,33.1901,621.682,87.5334,755.274,
214,1.4135,2.3982,8.0206,0.7394,5.0358,0.2025,6.1713,11.4201,0.0002,0.0002,0.312,7.2438,30.1456,31.5702,625.029,87.9604,757.173,
215,1.4066,2.2117,7.7349,0.5938,4.9734,0.1746,5.5994,10.7512,0.0002,0.0003,0.313,7.2509,28.8669,30.2832,627.27,87.5781,757.681,
216,1.2849,1.4715,7.6222,1.0245,4.8954,0.2078,6.4013,11.5127,0.0003,0.0002,0.3522,7.2652,29.2587,30.5541,622.44,87.8212,750.587,
217,1.4359,2.1055,7.747,0.6338,4.8176,0.1892,5.6337,10.6516,0.0003,0.0002,0.3288,7.2583,28.7514,30.1973,623.752,87.9872,754.645,
218,1.3947,2.2041,7.7833,0.6146,6.9292,0.1961,6.4101,13.5405,0.0002,0.0003,0.3165,7.2521,31.7327,33.1365,629.678,87.7083,763.166,
219,1.4062,2.3587,8.0046,0.9645,4.912,0.2114,6.203,11.3366,0.0003,0.0003,0.3146,7.2589,30.2611,31.6773,627.122,88.0597,759.547,
220,1.4195,2.219,7.7612,0.6274,4.9612,0.1889,5.4499,10.6095,0.0003,0.0002,0.317,7.2615,28.8222,30.2514,623.979,89.3125,756.389,
221,1.3955,2.2878,7.8235,0.6215,6.925,0.2259,6.3973,13.5572,0.0003,0.0004,0.3166,7.2588,31.891,33.2951,627.208,88.0081,761.053,
222,1.3987,2.2657,7.572,0.6085,6.7388,0.2058,6.3228,13.2795,0.0003,0.0003,0.3126,7.2587,31.3205,32.7296,631.474,88.5536,765.344,
223,1.4265,2.2692,7.8835,0.8776,4.8994,0.1895,6.2171,11.3106,0.0002,0.0003,0.3272,7.2668,29.964,31.4009,625.928,87.8542,758,
224,1.2734,1.5729,7.674,1.0131,5.0204,0.1659,6.3367,11.5276,0.0002,0.0003,0.356,7.274,29.4316,30.7146,624.608,87.992,753.363,
225,1.4008,2.034,7.7635,0.5645,4.8104,0.1699,5.6701,10.6589,0.0004,0.0002,0.3233,7.3228,28.7284,30.1385,627.229,88.4459,758.394,
226,1.4214,2.1303,7.7813,0.604,6.8971,0.2117,6.397,13.5149,0.0002,0.0002,0.326,7.2748,31.6547,33.0846,629.145,87.9611,762.915,
227,1.396,2.3181,7.6428,0.6,6.7736,0.1995,6.3304,13.3157,0.0003,0.0002,0.3207,7.2591,31.4767,32.8815,625.683,88.1078,759.313,
228,1.4076,2.5291,7.9512,0.9949,4.8518,0.2147,6.121,11.1967,0.0002,0.0003,0.3147,7.2636,30.2721,31.6886,633.58,88.1273,766.284,
229,1.4048,2.1418,7.7871,0.6092,6.9492,0.2088,6.4783,13.6493,0.0003,0.0003,0.3241,7.2934,31.828,33.2435,632.617,88.5933,767.103,
230,1.4244,2.175,7.9326,0.6085,7.1095,0.19,6.4811,13.7853,0.0002,0.0002,0.3148,7.3087,32.1441,33.5774,650.706,88.1675,785.291,
231,1.3975,2.434,7.9209,1.022,4.8964,0.196,6.1479,11.249,0.0003,0.0003,0.331,7.2752,30.2585,31.6642,626.5,88.2883,759.095,
232,1.2785,1.4764,7.6966,0.8864,4.7758,0.2137,6.2205,11.213,0.0001,0.0002,0.3583,7.3384,28.9829,30.2732,626.665,88.3001,755.12,
233,1.3976,2.2978,7.7944,0.5889,6.9719,0.2056,6.4633,13.6513,0.0002,0.0003,0.3156,7.2771,31.9466,33.3546,626.075,88.0977,760.215,
234,1.4323,2.2012,7.9642,0.9467,4.9367,0.2481,6.1632,11.358,0.0003,0.0002,0.3265,7.2737,30.0939,31.5358,627.25,88.2417,759.912,
235,1.407,2.294,7.7713,0.619,4.9837,0.2282,5.7326,10.9548,0.0003,0.0003,0.3265,7.2758,29.2683,30.6854,626.06,88.3375,757.455,
236,1.429,2.3063,7.9363,0.7077,7.055,0.2014,6.501,13.7672,0.0004,0.0003,0.3194,7.2814,32.3421,33.7812,628.424,88.2779,763.261,
237,1.4113,2.4231,8.1828,0.9588,4.9072,0.2596,6.1924,11.3638,0.0002,0.0003,0.3109,7.278,30.5454,31.9666,632.874,88.1953,765.665,
238,1.4234,2.572,7.8154,0.6369,5.1463,0.187,5.7349,11.0734,0.0004,0.0002,0.3205,7.2745,29.7127,31.1507,625.754,92.5509,762.148,
239,1.4116,2.1948,7.3416,0.6502,6.6243,0.1952,6.3266,13.154,0.0002,0.0002,0.3088,7.3577,31.026,32.4477,626.586,88.296,759.885,
240,1.2916,1.5955,7.8041,0.9782,4.605,0.2168,6.3148,11.1396,0.0003,0.0002,0.3574,7.2891,29.1727,30.4737,627.995,87.9872,756.381,
241,1.4057,2.1181,7.7376,0.6062,4.9933,0.173,5.7737,10.9442,0.0002,0.0003,0.313,7.282,29.0242,30.4409,625.935,90.9948,759.935,
242,1.4175,2.1049,7.4167,0.5898,6.6692,0.2108,6.3468,13.2363,0.0002,0.0003,0.3131,7.2813,30.9648,32.3926,625.354,88.0758,758.458,
243,1.4524,2.3368,7.9491,0.9426,4.9124,0.2094,6.3152,11.4457,0.0002,0.0003,0.3158,7.2789,30.2935,31.7555,630.183,88.024,762.975,
244,1.452,2.1379,7.7662,0.6761,4.9314,0.196,5.6118,10.7508,0.0003,0.0003,0.3219,7.2768,28.95,30.4121,631.594,88.0484,763.009,
245,1.4215,2.1545,7.8628,0.6247,7.1667,0.1976,6.5475,13.9232,0.0003,0.0003,0.3146,7.278,32.1813,33.613,629.307,90.8165,766.495,
246,1.4198,2.2916,7.8352,0.6042,6.9515,0.1977,6.4794,13.6348,0.0002,0.0002,0.3162,7.2746,31.9825,33.4126,627.161,88.3104,761.634,
247,1.4216,2.4113,7.9699,0.6778,5.1539,0.2031,6.2503,11.6158,0.0002,0.0003,0.3241,7.3353,30.3603,31.7919,628.544,88.638,761.725,
248,1.2974,1.4898,7.7142,0.7036,5.079,0.2118,6.3993,11.6933,0.0001,0.0002,0.3598,7.2898,29.2599,30.5686,622.749,91.6707,754.954,
249,1.4167,2.1667,7.7673,0.6038,7.0063,0.2005,6.4892,13.7058,0.0003,0.0003,0.3152,7.2769,31.857,33.2819,625.455,88.0628,759.587,
250,1.4657,2.4457,7.8713,0.9672,4.9591,0.1649,6.2379,11.3706,0.0002,0.0003,0.3157,7.2772,30.2748,31.7497,631.359,88.3202,764.42,
251,1.4165,2.2731,7.7407,0.6186,7.0502,0.1939,6.454,13.708,0.0003,0.0002,0.3162,7.2727,31.9562,33.3824,628.338,88.2066,762.589,
252,1.4196,2.4091,7.9875,0.6872,5.1067,0.2092,6.1933,11.5193,0.0002,0.0004,0.3156,7.2799,30.2255,31.6554,625.689,90.6146,760.849,
253,1.4047,2.2491,7.7476,0.6418,5.1584,0.1893,5.5033,10.8595,0.0002,0.0003,0.3286,7.2733,29.1262,30.5413,626.933,88.2014,758.3,
254,1.4096,2.1329,7.784,0.5945,6.9611,0.1784,6.4571,13.6007,0.0003,0.0002,0.3143,7.2721,31.7209,33.1404,629.614,88.2614,763.775,
255,1.4048,2.3979,7.9876,0.7884,4.9298,0.2041,6.3663,11.5106,0.0002,0.0003,0.3153,7.2804,30.3028,31.7172,631.931,88.4429,764.757,
256,1.2707,1.6474,7.7152,0.9569,4.9748,0.2171,6.4931,11.6884,0.0002,0.0001,0.3345,7.2804,29.6332,30.9137,623.289,88.4041,752.702,
257,1.4053,2.1545,7.8032,0.6244,7.089,0.1985,6.5448,13.8434,0.0003,0.0002,0.3167,7.2827,32.1392,33.555,629.832,88.4005,764.464,
258,1.4252,2.4359,7.9624,0.7286,4.9558,0.2114,6.3478,11.5262,0.0003,0.0006,0.3155,7.2829,30.277,31.7121,629.161,88.48,762.153,
259,1.4251,2.2419,7.5798,0.593,6.9475,0.2027,6.4387,13.5979,0.0002,0.0003,0.3131,7.2811,31.6314,33.0663,630.03,88.2808,764.106,
260,1.4302,2.2116,7.5608,0.5891,6.8959,0.1966,6.4416,13.5422,0.0002,0.0002,0.3126,7.2808,31.5227,32.9609,626.216,88.2143,760.093,
261,1.4173,2.2714,8.0014,0.8856,5.1774,0.2173,6.331,11.7355,0.0003,0.0003,0.3211,7.2814,30.519,31.9463,628.797,91.7685,765.136,
262,1.4189,2.0784,7.7315,0.6606,6.9762,0.1789,6.4846,13.6439,0.0002,0.0003,0.3125,7.278,31.7239,33.1531,631.504,88.4329,765.739,
263,1.4081,2.2551,7.774,0.6067,7.0811,0.1983,6.5182,13.8072,0.0002,0.0003,0.3258,7.2804,32.0701,33.4882,634.406,88.6434,769.138,
264,1.2732,1.4337,7.8047,0.7002,4.9281,0.214,6.4197,11.5647,0.0002,0.0002,0.3618,7.2996,29.174,30.4572,626.458,88.4405,755.358,
265,1.4098,2.3254,7.8275,0.6258,7.179,0.199,6.5675,13.9549,0.0003,0.0003,0.3261,7.2812,32.3688,33.7886,628.098,88.6161,763.214,
266,1.4364,2.3018,7.504,0.597,6.8602,0.2034,6.4313,13.5071,0.0003,0.0003,0.3223,7.2823,31.5353,32.9825,629.389,88.4331,763.761,
267,1.4486,2.3653,7.9577,0.6448,5.0126,0.1967,6.348,11.5657,0.0002,0.0002,0.3184,7.2899,30.1686,31.6267,625.952,88.6928,759.279,
268,1.4115,2.2025,7.7352,0.5549,4.9665,0.1892,5.8808,11.046,0.0003,0.0003,0.341,7.2876,29.193,30.6139,630.154,88.4821,761.933,
269,1.4175,2.2904,7.7147,0.6155,7.1938,0.2137,6.5723,13.9879,0.0003,0.0002,0.316,7.2875,32.2379,33.6654,629.115,88.4004,763.95,
270,1.4223,2.5264,7.8674,0.9746,4.9954,0.1704,6.2782,11.4544,0.0003,0.0003,0.3129,7.2831,30.4451,31.8774,635.802,88.4478,768.866,
271,1.4025,2.0755,7.6961,0.5399,4.9353,0.1875,5.7945,10.9256,0.0002,0.0002,0.33,7.285,28.8799,30.292,626.394,88.6713,757.952,
272,1.2872,1.4737,7.7426,0.9443,4.7741,0.2212,6.2748,11.2729,0.0004,0.0002,0.3575,7.3044,29.1048,30.4013,624.881,88.3811,753.643,
273,1.4363,2.2211,7.7281,0.6377,5.0378,0.2677,5.6757,10.9894,0.0002,0.0003,0.3186,7.2905,29.2158,30.6626,626.765,88.5778,758.813,
274,1.4026,2.0992,7.439,0.5911,6.7891,0.1948,6.383,13.3733,0.0003,0.0002,0.3157,7.2875,31.1321,32.5441,626.36,88.2567,759.904,
275,1.4296,2.444,7.9342,0.6576,4.9718,0.2095,6.348,11.5396,0.0003,0.0003,0.3279,7.291,30.2207,31.6599,626.648,88.9109,760.114,
276,1.452,2.0746,7.695,0.6965,5.6608,0.2238,5.8086,11.7074,0.0003,0.0003,0.3241,7.3486,29.8722,31.3343,631.343,88.5335,764.087,
277,1.437,2.1789,7.6788,0.6356,7.0432,0.2445,6.4918,13.7886,0.0003,0.0002,0.3285,7.2868,31.9246,33.3709,631.104,88.7555,765.992,
278,1.429,2.1831,7.7711,0.6775,7.0702,0.2061,6.4849,13.7679,0.0002,0.0003,0.3178,7.2845,32.0298,33.4692,629.367,88.5066,764.074,
279,1.4073,2.3919,7.9653,0.682,5.1902,0.1969,6.2986,11.6931,0.0002,0.0003,0.3167,7.288,30.3634,31.7802,626.815,88.731,760.178,
280,1.2699,1.5547,7.69,0.9463,4.9811,0.2095,6.1495,11.3428,0.0003,0.0002,0.355,7.2942,29.1923,30.4709,625.054,88.6207,754.328,
281,1.4135,2.2264,7.8079,0.6027,7.0834,0.2091,6.5262,13.8257,0.0002,0.0003,0.3177,7.2881,32.0952,33.5183,635.403,90.0286,771.598,
282,1.3925,2.161,7.9422,0.624,5.0005,0.2082,6.344,11.5637,0.0003,0.0003,0.317,7.2919,29.9227,31.3246,626.208,88.9445,759.122,
283,1.4006,2.1614,7.4457,0.6361,6.8394,0.1994,6.4685,13.5169,0.0004,0.0002,0.3213,7.2905,31.3959,32.8058,630.786,88.8334,765.094,
284,1.4172,2.3043,7.7481,0.6148,7.2475,0.1612,6.5801,13.999,0.0003,0.0003,0.3212,7.2965,32.305,33.7332,629.132,88.7186,764.312,
285,1.4017,2.2865,8.0927,0.9028,5.019,0.2107,6.3567,11.5963,0.0003,0.0003,0.3143,7.295,30.5129,31.9245,628.191,94.113,766.833,
286,1.4048,2.224,7.7772,0.6259,5.2428,0.2481,5.6869,11.1856,0.0002,0.0003,0.328,7.2928,29.4586,30.8728,628.265,88.6485,760.361,
287,1.4179,2.0827,7.688,0.606,7.0964,0.1616,6.4963,13.7661,0.0003,0.0002,0.3162,7.2919,31.7721,33.2001,631.745,89.0344,766.695,
288,1.2939,1.5946,7.7477,0.6703,5.222,0.2586,6.4888,11.9727,0.0002,0.0002,0.3484,7.2964,29.6407,30.945,622.365,92.0295,755.41,
289,1.4093,2.1235,7.7344,0.6071,7.148,0.1916,6.5698,13.9141,0.0003,0.0003,0.3152,7.3016,32.1172,33.5375,626.022,88.8076,761.019,
290,1.4242,2.1444,7.4516,0.5875,6.8868,0.1532,6.4979,13.5483,0.0003,0.0002,0.3184,7.295,31.3665,32.8002,632.731,88.8557,767.171,
291,1.4167,2.4099,7.9291,0.9857,5.2091,0.202,5.941,11.3614,0.0002,0.0003,0.3162,7.2893,30.3146,31.7406,629.341,89.0253,762.881,
292,1.4507,2.1236,7.7319,0.6298,5.1183,0.1496,5.6778,10.9557,0.0003,0.0003,0.3266,7.3234,29.1194,30.5801,626.907,89.1407,759.608,
293,1.3913,2.2705,7.5654,0.7011,7.0848,0.163,6.5125,13.7694,0.0003,0.0003,0.3308,7.2891,31.9532,33.3551,626.668,88.5869,761.14,
294,1.418,2.3252,7.8917,0.9287,5.0434,0.1977,6.4208,11.6682,0.0002,0.0003,0.3133,7.3262,30.4776,31.9059,633.738,88.7204,767.042,
295,1.4018,2.0988,7.7315,0.7679,5.0087,0.1536,5.7497,10.9224,0.0004,0.0003,0.314,7.2872,29.146,30.5571,631.125,88.7402,762.928,
296,1.2792,1.5421,7.7209,0.7142,5.209,0.2115,6.429,11.8523,0.0003,0.0002,0.3581,7.3519,29.5492,30.8393,621.396,88.6111,752.004,
297,1.4179,2.3197,7.9856,0.6828,5.3505,0.1672,5.8563,11.3846,0.0004,0.0003,0.3243,7.2948,30.0192,31.4471,624.497,88.9427,757.6,
298,1.4026,2.38,7.9079,0.6878,7.2737,0.1745,6.5621,14.0148,0.0002,0.0002,0.3125,7.2922,32.6185,34.0307,628.344,89.3374,764.311,
299,1.4209,2.4174,7.4989,0.6867,7.0136,0.1609,6.4609,13.6451,0.0003,0.0002,0.3152,7.2947,31.8814,33.313,628.144,88.819,762.92,
300,1.4171,2.6965,7.9325,0.967,5.0423,0.2312,6.2839,11.5665,0.0003,0.0003,0.313,7.2872,30.7883,32.2144,637.393,88.6678,770.92,
301,1.4063,2.1589,7.7127,0.6414,5.4022,0.1542,5.7925,11.3598,0.0003,0.0003,0.3174,7.2883,29.5077,30.9248,630.077,89.0776,762.685,
302,1.4195,2.2606,7.7312,0.5999,7.0862,0.231,6.5224,13.8442,0.0003,0.0002,0.3067,7.2837,32.0449,33.4742,631.038,89.1118,766.285,
303,1.4342,2.4518,7.9655,0.9753,5.0319,0.1705,6.3777,11.5922,0.0003,0.0002,0.3138,7.297,30.6265,32.0715,628.153,88.6394,761.684,
304,1.2909,1.4737,7.719,0.9248,4.86,0.1714,6.4805,11.515,0.0002,0.0002,0.3595,7.3016,29.3028,30.6041,626.006,88.7315,755.295,
305,1.4081,2.1623,7.7642,0.608,7.2414,0.2052,6.625,14.0821,0.0002,0.0002,0.3154,7.2959,32.2553,33.6735,626.366,88.727,761.423,
306,1.4169,2.33,7.9878,0.6779,5.2995,0.2245,6.3468,11.8825,0.0003,0.0003,0.3244,7.2904,30.5176,31.9447,628.101,88.7469,761.515,
307,1.4118,2.1598,7.421,0.6884,6.9218,0.1614,6.5059,13.5981,0.0003,0.0003,0.3137,7.2862,31.4941,32.9155,625.186,88.646,759.312,
308,1.4139,2.3233,7.9219,0.6206,7.3357,0.2565,6.64,14.2412,0.0003,0.0005,0.3161,7.2874,32.7353,34.1586,631.483,88.9043,767.326,
309,1.421,2.2932,8.1812,0.9015,5.0921,0.169,6.3911,11.6597,0.0002,0.0002,0.3138,7.2908,30.6634,32.0936,629.866,88.7017,763.521,
310,1.4103,2.2416,7.7616,0.5796,5.0828,0.1466,5.7031,10.9418,0.0003,0.0002,0.3138,7.3519,29.2123,30.6333,629.847,88.8398,761.958,
311,1.4234,2.2417,7.5888,0.6047,7.0617,0.1548,6.5728,13.7973,0.0003,0.0002,0.3298,7.2859,31.8741,33.3079,626.281,88.696,760.961,
312,1.2779,1.4724,7.6859,1.005,5.1004,0.1693,6.6465,11.919,0.0001,0.0002,0.3407,7.3309,29.767,31.0561,626.363,88.6083,756.03,
313,1.4033,2.3188,7.4973,0.5976,6.9886,0.1629,6.5159,13.6754,0.0002,0.0003,0.3152,7.2857,31.7165,33.1282,629.801,88.9199,764.432,
314,1.4539,2.1588,7.596,0.597,7.1283,0.1641,6.6158,13.9161,0.0002,0.0003,0.3151,7.2839,31.8929,33.3563,626.362,88.8759,761.3,
315,1.4262,2.2238,7.9511,0.9414,5.1257,0.1531,6.5441,11.8271,0.0002,0.0002,0.3169,7.2916,30.5801,32.0157,625.689,88.8532,759.285,
316,1.4096,2.1304,7.7268,0.607,5.323,0.1311,5.9144,11.3724,0.0002,0.0003,0.3173,7.3317,29.5107,30.9321,631.114,88.9437,763.695,
317,1.4324,2.1539,7.784,0.6177,7.2454,0.194,6.7026,14.1506,0.0002,0.0003,0.3149,7.3419,32.3853,33.8267,632.039,88.822,767.708,
318,1.443,2.287,8.0612,0.9124,5.2773,0.1679,6.4471,11.8985,0.0003,0.0003,0.3926,7.2894,30.8724,32.3261,626.418,91.1672,762.855,
319,1.3993,2.1781,7.4426,0.6035,6.9784,0.2079,6.584,13.7805,0.0004,0.0002,0.4047,7.2836,31.7157,33.125,628.993,88.8032,763.571,
320,1.2672,1.6528,7.8175,0.6979,5.2311,0.1632,6.641,12.04,0.0002,0.0002,0.3606,7.2947,29.8781,31.1554,624.399,88.7993,754.432,
321,1.4071,2.4497,7.8668,0.7204,7.2919,0.1577,6.6447,14.104,0.0003,0.0002,0.3252,7.2864,32.82,34.2375,624.933,94.6749,766.373,
322,1.4325,2.5475,7.9301,0.9432,5.0888,0.2499,6.3431,11.6919,0.0003,0.0002,0.3164,7.2842,30.7369,32.1792,624.923,88.8568,758.753,
323,1.4021,2.2726,7.8051,0.6066,7.2405,0.1944,6.6116,14.0562,0.0002,0.0002,0.3171,7.2833,32.365,33.7758,630.727,88.862,765.86,
324,1.4103,2.1541,7.731,0.6067,7.1887,0.1605,6.6086,13.9694,0.0002,0.0002,0.3145,7.2858,32.0809,33.5012,630.991,88.99,766.12,
325,1.4254,2.2631,8.0732,0.9207,5.1882,0.1892,6.4091,11.7905,0.0003,0.0003,0.3136,7.2815,30.6624,32.0977,625.555,92.0917,762.521,
326,1.425,2.0552,7.7119,0.7095,5.0714,0.1877,5.7506,11.0194,0.0004,0.0003,0.3252,7.2862,29.1316,30.5658,624.723,88.8826,756.876,
327,1.4004,2.0859,7.9823,0.5998,7.4528,0.2022,6.6976,14.3622,0.0002,0.0002,0.3141,7.3051,32.6733,34.0821,634.942,89.0422,770.798,
328,1.2577,1.4759,7.8038,0.6772,5.1145,0.1687,6.6859,11.9741,0.0005,0.0002,0.3343,7.2963,29.5753,30.8418,621.655,89.6214,754.449,
329,1.4072,2.2703,7.8949,0.6129,7.3921,0.184,6.7052,14.286,0.0002,0.0003,0.3122,7.2808,32.6789,34.0959,624.775,89.9107,761.43,
330,1.4304,2.0951,7.7521,0.608,7.2101,0.2082,6.6487,14.0761,0.0002,0.0003,0.3155,7.2906,32.1636,33.6043,629.974,89.0106,765.318,
331,1.4117,2.3591,8.0056,0.6518,5.3632,0.1986,6.3862,11.9518,0.0002,0.0003,0.3137,7.2853,30.5888,32.0108,631.245,88.8818,764.748,
332,1.4372,2.1268,7.7264,0.6537,5.1191,0.1921,6.0664,11.3883,0.0003,0.0003,0.3175,7.2876,29.5228,30.9684,628.834,89.1138,761.715,
333,1.4315,2.1435,7.4463,0.6622,7.0326,0.2023,6.5615,13.8068,0.0003,0.0005,0.3119,7.2852,31.68,33.1215,624.782,88.9611,759.693,
334,1.397,2.1808,7.777,0.6126,7.2992,0.2001,6.6676,14.1783,0.0003,0.0003,0.3249,7.2939,32.3887,33.7955,627.164,88.7956,762.356,
335,1.4368,2.2527,7.9512,0.759,5.124,0.1868,6.5147,11.8342,0.0004,0.0003,0.321,7.2874,30.4264,31.8727,635.536,88.7979,768.972,
336,1.2746,1.6062,7.6952,0.9935,5.4895,0.2265,6.4243,12.1486,0.0002,0.0002,0.3732,7.3031,30.129,31.413,622.193,88.6244,752.114,
337,1.3986,2.3782,7.7502,0.6512,5.2345,0.197,6.0822,11.5193,0.0002,0.0003,0.3284,7.3223,29.966,31.3731,629.212,88.898,762.139,
338,1.4155,2.2674,7.6533,0.6247,7.354,0.1677,6.697,14.2279,0.0002,0.0003,0.3256,7.2884,32.4157,33.8411,629.492,88.9757,765.007,
339,1.4053,2.1022,7.6146,0.6523,7.1864,0.2087,6.6404,14.0452,0.0002,0.0005,0.3154,7.2853,32.0411,33.4567,631.897,89.0586,767.15,
340,1.4396,2.3954,8.0588,0.6778,5.3219,0.2023,6.4423,11.9783,0.0003,0.0003,0.314,7.2915,30.7378,32.187,625.273,88.9384,759.301,
341,1.4187,2.3081,7.5751,0.6114,7.1566,0.202,6.6317,14.0019,0.0003,0.0003,0.3121,7.2884,32.1206,33.5494,632.49,88.9772,767.783,
342,1.4052,2.2897,7.8825,0.6222,7.3974,0.2307,6.7021,14.3401,0.0002,0.0002,0.3155,7.2909,32.7662,34.1813,629.429,88.9798,765.235,
343,1.4146,2.2243,7.9105,0.961,5.2092,0.1988,6.5793,11.9952,0.0003,0.0002,0.3161,7.2933,30.7264,32.1518,631.241,89.2,765.248,
344,1.2742,1.6382,7.7713,0.7413,5.3153,0.205,6.6528,12.1806,0.0004,0.0002,0.3688,7.3002,30.0105,31.2935,626.54,88.8738,756.677,
345,1.3937,2.0599,7.4294,0.574,6.9406,0.1509,6.5211,13.617,0.0002,0.0003,0.3158,7.2829,31.2939,32.6974,628.602,88.9301,762.755,
346,1.4147,2.2667,7.6662,0.896,5.024,0.2059,6.5335,11.7715,0.0003,0.0003,0.3249,7.2831,30.2271,31.6523,627.856,89.0981,761.289,
347,1.4144,2.2856,7.6138,0.6247,7.1236,0.2026,6.5989,13.935,0.0004,0.0003,0.3242,7.2901,32.1017,33.5257,626.321,89.0623,761.673,
348,1.4324,2.2542,7.8658,0.6134,7.3396,0.2246,6.6868,14.2648,0.0003,0.0003,0.323,7.2936,32.6412,34.0835,626.473,89.089,762.444,
349,1.4158,2.4632,7.933,0.9522,5.3464,0.1836,5.9753,11.5183,0.0003,0.0002,0.3256,7.2927,30.5075,31.933,631.288,89.0254,764.949,
350,1.417,2.222,8.0063,0.6496,5.3064,0.1832,6.0113,11.5054,0.0002,0.0002,0.3122,7.2901,30.01,31.4367,632.665,89.2856,766.143,
351,1.4092,2.1973,7.9757,0.6027,7.4889,0.1854,6.7483,14.4264,0.0002,0.0003,0.3118,7.284,32.8191,34.2384,625.801,89.8683,762.517,
352,1.2866,1.6546,7.6917,0.6992,5.333,0.1872,6.7049,12.2286,0.0003,0.0002,0.3522,7.3081,29.9458,31.2423,625.975,88.8291,756.108,
353,1.4001,2.3777,7.5684,0.5922,7.1699,0.1986,6.5929,13.9685,0.0002,0.0003,0.3115,7.2942,32.1367,33.5902,631.017,88.9069,766.142,
354,1.4062,2.2104,7.7485,0.6161,7.2657,0.1604,6.6686,14.1035,0.0002,0.0003,0.3279,7.2872,32.3228,33.7393,625.105,94.8059,766.285,
355,1.4054,2.6534,7.9639,1.0346,5.1884,0.2035,6.5649,11.9667,0.0002,0.0002,0.3164,7.2939,31.2558,32.6696,626.654,89.0666,761.107,
356,1.4038,2.3375,7.7193,0.6129,5.4017,0.198,5.877,11.4806,0.0002,0.0002,0.3139,7.3,29.7815,31.1976,626.105,89.136,759.016,
357,1.4135,2.2878,7.705,0.5805,7.2127,0.1543,6.6716,14.0441,0.0003,0.0003,0.3137,7.2895,32.2372,33.6602,632.547,89.0268,768.008,
358,1.4069,2.3847,8.0096,1.0311,5.3479,0.201,6.5649,12.1247,0.0002,0.0003,0.3134,7.34,31.2319,32.6487,627.304,93.6497,766.21,
359,1.4487,2.1865,7.7535,0.6693,5.1624,0.1632,6.0678,11.4006,0.0002,0.0003,0.316,7.3297,29.6821,31.1404,626.676,89.1651,759.894,
360,1.2835,1.6035,7.6176,1.0085,5.01,0.2088,6.9266,12.1503,0.0003,0.0003,0.3509,7.3052,30.0495,31.343,624.806,88.7505,754.911,
361,1.395,2.2033,7.9911,0.6351,5.3597,0.1513,6.0777,11.5929,0.0002,0.0002,0.3113,7.295,30.0492,31.4539,623.947,92.5192,760.589,
362,1.4244,2.1622,7.4912,0.6668,7.0387,0.2038,6.5968,13.8487,0.0004,0.0003,0.3263,7.2933,31.8141,33.2486,624.382,88.9034,759.244,
363,1.3856,2.2231,7.8237,0.6873,7.4237,0.1769,6.7725,14.3825,0.0004,0.0003,0.3216,7.293,32.7489,34.143,628.861,88.9892,764.555,
364,1.4025,2.348,8.0187,0.6521,5.3319,0.1944,6.4697,12.0008,0.0002,0.0003,0.3141,7.2969,30.649,32.0609,629.924,88.9706,763.533,
365,1.4152,2.1752,7.6708,0.6164,7.3581,0.1586,6.7285,14.2549,0.0003,0.0002,0.3556,7.3468,32.4476,33.8721,625.941,92.669,765.309,
366,1.4085,2.275,7.7294,0.6061,7.4578,0.2459,6.7433,14.4586,0.0003,0.0002,0.3162,7.2934,32.7017,34.1199,625.031,89.1068,760.796,
367,1.4105,2.4287,8.0401,0.6902,5.4475,0.1698,6.613,12.2427,0.0003,0.0003,0.3111,7.2919,31.0272,32.447,626.733,89.0616,761.005,
368,1.2812,1.5717,7.6408,0.9913,5.2677,0.2182,6.8779,12.3733,0.0003,0.0003,0.3817,7.364,30.3347,31.6257,620.959,92.0319,754.824,
369,1.4078,2.2734,7.9303,0.6238,7.5673,0.1776,6.7971,14.5504,0.0003,0.0003,0.3224,7.2933,33.0189,34.436,625.096,89.1315,761.32,
370,1.429,2.3539,7.9565,0.6869,5.3508,0.1555,6.5573,12.0699,0.0002,0.0003,0.3159,7.2863,30.6962,32.1401,630.41,89.045,764.113,
371,1.4112,2.2154,7.7249,0.6116,7.3719,0.1567,6.6721,14.2095,0.0003,0.0003,0.3235,7.2854,32.3967,33.8185,628.133,88.8432,763.444,
372,1.3949,2.1254,7.4494,0.6026,7.101,0.1914,6.646,13.9478,0.0003,0.0002,0.3263,7.285,31.7612,33.1659,630.128,89.1869,765.053,
373,1.4266,2.2833,7.916,0.6426,5.2118,0.1656,6.5149,11.9,0.0003,0.0003,0.327,7.3194,30.4171,31.8535,625.682,89.0454,759.387,
374,1.4122,2.089,7.7681,0.6248,7.3646,0.1615,6.6886,14.2252,0.0003,0.0003,0.3146,7.2874,32.3354,33.7576,628.813,89.1139,764.365,
375,1.4077,2.1623,7.4791,0.7244,7.0622,0.2781,6.5759,13.9307,0.0004,0.0003,0.3257,7.2913,31.9419,33.3617,630.081,88.8268,765.019,
376,1.2711,1.5689,7.759,0.9877,5.531,0.169,6.2286,11.9319,0.0002,0.0002,0.3479,7.3004,29.9052,31.1844,621.809,88.8973,751.836,
377,1.4183,2.204,7.7851,0.6958,7.3475,0.1723,6.7222,14.2531,0.0003,0.0002,0.3342,7.2895,32.5872,34.0145,630.298,89.1323,766.206,
378,1.4207,2.335,7.9507,0.7622,5.2032,0.206,6.5669,11.9861,0.0003,0.0002,0.3255,7.3184,30.7041,32.1343,629.539,89.0531,763.345,
379,1.3989,2.2581,7.7771,0.6304,5.4673,0.2494,5.9857,11.7113,0.0003,0.0003,0.3971,7.3019,30.0994,31.5069,630.739,89.0108,763.879,
380,1.414,2.2421,7.7809,0.6113,7.5129,0.2295,6.7211,14.473,0.0002,0.0003,0.3148,7.2932,32.7454,34.168,625.839,89.049,761.697,
381,1.4284,2.1767,7.4839,0.6571,7.1746,0.244,6.6648,14.0943,0.0003,0.0003,0.3234,7.2902,32.0517,33.4898,631.13,89.0978,766.531,
382,1.4184,2.2984,7.9297,0.7536,5.243,0.2031,6.5595,12.0144,0.0002,0.0003,0.3152,7.2928,30.6279,32.0569,628.246,88.9622,761.9,
383,1.4116,2.1044,7.7693,0.5681,5.2237,0.1429,6.1989,11.5705,0.0002,0.0003,0.3157,7.2938,29.6483,31.0698,625.472,89.2949,758.544,
384,1.2702,1.6345,7.7768,0.9629,5.2701,0.1882,6.5026,11.9641,0.0002,0.0002,0.3491,7.2978,29.9956,31.2767,625.622,88.9831,755.987,
385,1.4094,2.1541,7.7347,0.5704,5.2131,0.1936,6.2866,11.7026,0.0003,0.0006,0.3303,7.2978,29.8176,31.2419,627.925,89.5107,761.463,
386,1.4163,2.1894,7.4726,0.672,7.0786,0.2139,6.6675,13.9651,0.0002,0.0002,0.3131,7.2914,31.9288,33.356,628.863,89.0823,764.052,
387,1.4484,2.1692,7.5585,0.5989,7.2401,0.2248,6.6943,14.1689,0.0003,0.0003,0.3235,7.2862,32.1264,33.588,626.165,89.0837,761.626,
388,1.4166,2.5017,8.0382,0.9737,5.2891,0.2067,6.6378,12.1412,0.0002,0.0003,0.3127,7.3086,31.3042,32.7308,631.066,89.2546,765.77,
389,1.4063,2.1259,7.7485,0.6439,5.311,0.1875,5.9042,11.4109,0.0002,0.0003,0.3135,7.2932,29.5592,30.9752,629.637,89.1375,762.415,
390,1.4142,2.2246,7.5065,0.6603,7.2766,0.2002,6.7187,14.2048,0.0003,0.0003,0.3235,7.3049,32.2496,33.6746,632.101,89.1881,767.559,
391,1.4075,2.3415,8.0032,0.6725,5.3076,0.1649,6.6205,12.1034,0.0004,0.0002,0.3159,7.2924,30.7532,32.1698,626.092,89.055,759.998,
392,1.2854,1.5563,7.6839,1.0075,5.6427,0.2065,6.2813,12.1372,0.0003,0.0002,0.3866,7.3702,30.1516,31.447,626.448,89.0345,756.792,
393,1.4057,2.2663,7.8349,0.6204,7.4811,0.1625,6.8007,14.4518,0.0002,0.0002,0.3167,7.2917,32.8085,34.2249,629.154,88.9907,764.944,
394,1.4314,2.4531,7.9689,0.7031,5.6032,0.1666,6.5123,12.2885,0.0002,0.0002,0.3136,7.2975,31.0481,32.4894,625.802,89.1238,760.213,
395,1.4347,2.1576,7.4508,0.66,7.1084,0.2119,6.6408,13.9697,0.0002,0.0002,0.328,7.2931,31.8829,33.3279,626.498,89.376,762.078,
396,1.3886,2.407,7.9673,0.683,5.4633,0.1677,6.6413,12.2838,0.0003,0.0003,0.3128,7.3374,31.0167,32.4148,629.917,89.6418,764.535,
397,1.435,2.2934,7.733,0.6578,5.2979,0.1817,6.1707,11.6541,0.0002,0.0004,0.3098,7.2898,29.9585,31.4032,628.882,89.2082,762.296,
398,1.3962,2.1076,7.3871,0.6029,7.1226,0.28,6.6326,14.0446,0.0003,0.0002,0.3127,7.2909,31.7717,33.1768,626.531,89.2467,761.636,
399,1.4418,2.2304,7.5672,0.6147,7.2567,0.2193,6.7747,14.2613,0.0003,0.0003,0.3265,7.2965,32.3215,33.7739,626.978,89.3212,762.992,
400,1.2745,1.6458,7.6363,0.9747,5.4273,0.1923,6.9134,12.5364,0.0003,0.0002,0.3508,7.2953,30.4494,31.7331,628.293,89.124,759.231,
401,1.5063,2.3464,7.5215,0.628,7.1112,0.1664,6.6054,13.8922,0.0003,0.0003,0.3229,7.292,32.0311,33.5538,627.042,89.1384,762.516,
402,1.4295,2.32,7.9718,0.7313,5.2091,0.1709,6.532,11.9245,0.0002,0.0003,0.3938,7.2908,30.6573,32.0965,625.744,89.2723,759.857,
403,1.4165,2.0185,7.685,0.5539,5.1594,0.1526,6.0284,11.3479,0.0003,0.0003,0.3183,7.2915,29.2412,30.6672,631.492,89.0262,763.84,
404,1.4109,2.2669,7.8799,0.6912,7.4759,0.2403,6.7835,14.5097,0.0003,0.0005,0.3242,7.3027,33.0007,34.4194,628.801,89.1415,765.273,
405,1.4047,2.3127,7.5673,0.6569,7.2841,0.2018,6.7316,14.2267,0.0002,0.0003,0.3226,7.2947,32.4087,33.8223,625.588,89.2157,761.347,
406,1.4251,2.5185,7.9089,1.0397,5.3524,0.1702,6.6006,12.1336,0.0003,0.0003,0.3265,7.2996,31.2501,32.6831,627.321,89.0706,761.775,
407,1.4202,2.2038,7.41,0.6563,7.1698,0.1439,6.6595,13.9778,0.0002,0.0002,0.317,7.2847,31.8706,33.3006,630.094,89.1451,765.229,
408,1.2899,1.494,7.678,0.9653,5.6343,0.1685,6.7313,12.5372,0.0001,0.0002,0.36,7.2912,30.3349,31.632,624.51,93.4877,759.942,
409,1.4317,2.1603,7.5642,0.6763,7.3998,0.1527,6.7345,14.2989,0.0003,0.0002,0.3248,7.2888,32.3391,33.781,625.904,89.1058,761.588,
410,1.4365,2.1405,7.78,0.679,7.4612,0.1954,6.7862,14.4529,0.0003,0.0003,0.3212,7.2889,32.6922,34.1365,628.323,88.9815,764.186,
411,1.4141,2.5103,7.9311,0.7099,5.2651,0.1557,6.653,12.0785,0.0002,0.0003,0.3131,7.2925,30.8597,32.2827,631.852,89.1875,766.133,
412,1.4141,2.3888,7.6917,0.7438,5.6556,0.1799,6.1864,12.0344,0.0004,0.0002,0.3241,7.3435,30.5496,31.972,630.983,89.2391,764.891,
413,1.4125,2.3073,7.745,0.7063,7.5024,0.1573,6.8323,14.5011,0.0003,0.0003,0.3243,7.2862,32.8956,34.3175,626.596,89.7839,763.427,
414,1.4274,2.2364,7.4131,0.5961,7.1479,0.1602,6.6442,13.9621,0.0002,0.0003,0.3174,7.2905,31.8383,33.2758,630.375,89.0812,765.503,
415,1.4165,2.2753,8.2187,0.9985,5.3752,0.1534,6.2309,11.769,0.0003,0.0003,0.3223,7.3299,30.9381,32.3642,631.055,89.1347,765.27,
416,1.2915,1.519,7.7675,1.0325,5.1771,0.1697,7.1212,12.4712,0.0004,0.0001,0.3598,7.3462,30.5055,31.8074,624.238,89.0016,755.001,
417,1.4037,2.1598,7.7806,0.6815,7.5449,0.1492,6.8441,14.543,0.0002,0.0003,0.3131,7.291,32.7898,34.2055,625.998,89.3466,762.359,
418,1.3943,2.2968,7.9592,0.6653,5.5386,0.183,6.7298,12.457,0.0003,0.0002,0.3157,7.2854,30.998,32.4009,631.784,89.0827,765.877,
419,1.4065,2.1845,7.7409,0.6326,7.481,0.1664,6.8307,14.4871,0.0003,0.0003,0.3892,7.2839,32.7422,34.1586,632.313,89.0774,768.199,
420,1.4157,2.1752,7.7819,0.6315,7.5833,0.1638,6.8992,14.6542,0.0004,0.0003,0.3155,7.2879,32.8734,34.2997,624.732,89.0228,760.837,
421,1.4047,2.1723,7.9235,0.9604,5.4406,0.1644,6.7526,12.3684,0.0003,0.0002,0.3296,7.2864,31.0644,32.477,631.707,89.2622,766.015,
422,1.41,2.1705,7.7305,0.6379,5.5229,0.1733,5.9758,11.6779,0.0002,0.0002,0.3133,7.2879,29.8406,31.2599,625.506,89.2348,758.733,
423,1.4213,2.1572,7.8165,0.6328,7.5803,0.2006,6.8925,14.6838,0.0003,0.0003,0.3235,7.3148,32.9519,34.3819,625.11,89.0023,761.406,
424,1.2661,1.5088,7.8325,1.0597,5.6302,0.1683,6.6313,12.4344,0.0002,0.0002,0.3617,7.3892,30.5997,31.8735,622.314,89.2203,753.409,
425,1.4372,2.2446,7.805,0.6321,7.4424,0.205,6.8049,14.4607,0.0003,0.0003,0.3379,7.2905,32.7969,34.2444,626.358,89.179,762.658,
426,1.4307,2.0963,7.4047,0.6153,7.1608,0.187,6.6663,14.0233,0.0002,0.0003,0.3187,7.2841,31.7629,33.2037,631.322,89.0353,766.288,
427,1.4107,2.3738,8.0018,0.6995,5.5798,0.1702,6.6407,12.4023,0.0003,0.0005,0.3142,7.289,31.1064,32.5257,626.708,89.1904,761.187,
428,1.4032,2.2425,7.7447,0.6406,5.3393,0.1573,6.2166,11.7223,0.0002,0.0003,0.3248,7.2846,29.9832,31.3962,627.287,89.1802,760.427,
429,1.4065,2.2325,7.3977,0.6135,7.1258,0.2772,6.6649,14.0772,0.0003,0.0004,0.3172,7.2917,31.9556,33.3711,629.78,89.2435,765.151,
430,1.4138,2.4484,7.9559,0.9826,5.3771,0.1833,6.6093,12.1738,0.0002,0.0003,0.3102,7.2876,31.1775,32.5999,630.41,89.0009,764.835,
431,1.3962,2.4661,7.731,0.652,5.5577,0.1536,6.2735,11.9903,0.0002,0.0004,0.311,7.2868,30.4561,31.8607,625.817,92.8008,763.07,
432,1.2642,1.6001,7.7763,0.7143,5.507,0.2347,6.824,12.5686,0.0002,0.0002,0.3425,7.361,30.3768,31.6534,629.749,88.8401,760.394,
433,1.4172,2.3007,7.9912,0.6553,5.5212,0.1496,6.2957,11.9713,0.0003,0.0003,0.3116,7.2818,30.5237,31.9504,627.917,89.2938,761.931,
434,1.4132,2.2046,7.484,0.6751,7.2651,0.197,6.7334,14.2043,0.0003,0.0003,0.3258,7.2887,32.2068,33.6285,625.142,94.7701,766.17,
435,1.4107,2.2152,7.7415,0.6105,7.5176,0.1818,6.8844,14.5881,0.0002,0.0003,0.3151,7.2909,32.7846,34.2043,626.355,89.1099,762.432,
436,1.4129,2.4072,8.0279,0.6906,5.5312,0.2156,6.7873,12.5443,0.0003,0.0002,0.3223,7.2898,31.3074,32.7308,631.597,89.062,766.134,
437,1.4232,2.201,7.7363,0.6285,5.3683,0.1411,6.0291,11.5476,0.0003,0.0003,0.324,7.2904,29.7513,31.1841,631.293,89.142,764.41,
438,1.429,2.3248,7.8445,0.6358,7.5982,0.1517,6.9233,14.6828,0.0003,0.0002,0.3259,7.3065,33.1441,34.5828,624.959,95.2562,767.668,
439,1.4203,2.2164,7.7981,0.7018,7.5384,0.2017,6.8757,14.6239,0.0003,0.0003,0.3162,7.2998,32.9848,34.4136,625.839,89.079,761.99,
440,1.2625,1.4763,7.6074,1.0582,5.6139,0.1511,6.8596,12.6279,0.0002,0.0002,0.3566,7.2947,30.4322,31.7062,625.121,89.1124,755.985,
441,1.3944,2.2774,7.9201,0.6366,7.8017,0.2032,6.9353,14.9458,0.0002,0.0003,0.3148,7.2899,33.4002,34.8039,624.872,94.6287,766.887,
442,1.4048,2.2364,7.9451,0.6947,5.3439,0.1532,6.7298,12.2311,0.0002,0.0003,0.3142,7.2931,30.7446,32.16,626.149,89.0334,760.023,
443,1.4206,2.3094,7.734,0.652,5.4498,0.1539,6.4387,12.0524,0.0002,0.0002,0.3286,7.2937,30.3978,31.8274,629.308,89.1247,763.027,
444,1.4068,2.1182,7.593,0.6176,7.5402,0.1943,6.8608,14.6044,0.0002,0.0002,0.4091,7.2903,32.6543,34.0708,630.717,89.1169,766.584,
445,1.4055,2.346,7.9776,0.6969,5.6191,0.1709,6.8103,12.6081,0.0003,0.0003,0.3269,7.2892,31.27,32.6852,629.929,89.2492,764.547,
446,1.4239,2.2461,7.7309,0.6087,7.7215,0.1608,6.9331,14.8242,0.0003,0.0002,0.3118,7.285,33.0326,34.4653,626.223,89.2266,762.815,
447,1.424,2.3414,7.9684,0.6961,5.6112,0.175,6.8231,12.6189,0.0003,0.0003,0.3248,7.2836,31.2565,32.6884,627.379,89.1661,762.006,
448,1.2746,1.5662,7.7174,0.717,5.5764,0.2148,6.9879,12.7826,0.0002,0.0002,0.3557,7.29,30.4391,31.7544,624.575,88.9538,755.436,
449,1.4406,2.266,7.8373,0.6416,7.7329,0.2146,6.9499,14.9075,0.0003,0.0003,0.3354,7.3088,33.3232,34.774,625.584,89.2302,762.447,
450,1.4059,2.1389,7.7339,0.5968,7.5222,0.1608,6.8339,14.5265,0.0003,0.0003,0.3594,7.29,32.6686,34.085,631.328,89.5079,767.486,
451,1.4368,2.208,8.0897,0.9062,5.4096,0.1676,6.2309,11.8126,0.0002,0.0002,0.3122,7.3524,30.7076,32.1548,630.541,89.3342,765.114,
452,1.4583,1.9985,7.7488,0.68,5.3218,0.1428,6.391,11.8619,0.0002,0.0003,0.3176,7.2951,29.926,31.3943,631.678,89.256,765.357,
453,1.4225,2.3426,7.751,0.6396,7.5493,0.1555,6.8419,14.5562,0.0003,0.0002,0.3951,7.2866,32.9956,34.4275,626.023,89.1048,762.261,
454,1.3909,2.2441,7.879,0.6837,7.6234,0.2154,6.9348,14.7838,0.0003,0.0003,0.323,7.2891,33.2267,34.6263,629.812,89.1249,766.238,
455,1.4245,2.4267,7.9062,1.1913,5.3923,0.2002,6.795,12.3968,0.0003,0.0002,0.3135,7.2879,31.547,32.9816,631.39,89.1954,766.384,
456,1.2779,1.5776,7.7361,0.9384,5.2006,0.2104,7.0897,12.5036,0.0002,0.0002,0.3585,7.3369,30.4642,31.7518,622.381,89.2561,753.344,
457,1.4164,2.1491,7.7778,0.626,7.5504,0.2008,6.8775,14.6376,0.0003,0.0003,0.3176,7.3139,32.8481,34.2741,631.804,89.1043,767.91,
458,1.3991,2.449,7.8572,1.0049,5.5805,0.1691,6.3189,12.0773,0.0003,0.0003,0.3228,7.2879,31.022,32.4296,628.444,89.3717,762.876,
459,1.4165,2.1143,7.4174,0.6784,7.2437,0.1773,6.7322,14.1585,0.0002,0.0003,0.3124,7.2852,31.9929,33.4175,628.287,89.2643,763.661,
460,1.3895,2.3599,7.49,0.5994,7.2217,0.1451,6.7374,14.1122,0.0003,0.0003,0.3232,7.2968,32.2066,33.6062,625.782,89.0475,761.048,
461,1.4275,2.4988,8.0913,1.0335,5.3938,0.1611,6.7404,12.3082,0.0003,0.0002,0.373,7.2893,31.6177,33.0537,625.627,89.3216,760.842,
462,1.4257,2.1387,7.7875,0.633,7.511,0.1664,6.8686,14.5569,0.0003,0.0003,0.315,7.2877,32.7424,34.1775,630.143,89.2112,766.394,
463,1.4164,2.0805,7.6954,0.6232,7.4637,0.1615,6.8496,14.4848,0.0003,0.0003,0.3215,7.3655,32.593,34.0205,629.324,89.1384,765.183,
464,1.286,1.5593,7.7741,0.7114,5.1175,0.1582,7.0503,12.3304,0.0003,0.0003,0.3596,7.2967,30.0454,31.3415,621.05,89.3301,751.812,
465,1.3987,2.0962,7.7715,0.6376,7.5672,0.164,6.9131,14.6535,0.0003,0.0002,0.321,7.2949,32.8025,34.2112,625.47,89.169,761.457,
466,1.4182,2.171,7.7879,0.6192,7.5057,0.157,6.8676,14.5361,0.0002,0.0004,0.3163,7.286,32.7405,34.1686,629.768,89.2029,765.779,
467,1.4095,2.4674,8.0046,0.6879,5.4574,0.2118,6.7251,12.4044,0.0003,0.0003,0.3144,7.2905,31.1943,32.6121,626.237,95.2085,766.754,
468,1.4068,2.0649,7.8898,0.6336,5.7197,0.2254,6.0795,12.0288,0.0002,0.0002,0.3182,7.2929,30.2523,31.6669,625.371,89.2909,759.05,
469,1.3915,2.2657,7.8244,0.6242,7.611,0.1519,6.8777,14.6449,0.0002,0.0003,0.3154,7.2877,32.9781,34.3797,631.155,89.6952,767.806,
470,1.4162,2.4786,7.9637,0.7036,5.5394,0.2029,6.7353,12.4857,0.0003,0.0003,0.3252,7.3373,31.3156,32.7422,630.931,89.1577,765.531,
471,1.4327,2.2459,7.7796,0.6742,5.4059,0.1591,6.2956,11.8668,0.0002,0.0004,0.3151,7.2888,30.1922,31.6349,626.755,93.644,764.816,
472,1.2893,1.7161,7.6897,0.9934,5.3315,0.2002,6.841,12.3754,0.0002,0.0002,0.3559,7.306,30.4452,31.7441,623.822,89.2079,754.781,
473,1.4219,2.274,7.8736,0.7265,7.7017,0.2077,6.9259,14.8453,0.0003,0.0003,0.388,7.2888,33.4219,34.8532,630.682,89.0733,767.389,
474,1.4165,2.2399,7.9927,1.038,5.3582,0.158,6.7038,12.2284,0.0003,0.0002,0.327,7.2903,31.1422,32.5689,626.24,90.7554,762.332,
475,1.3961,2.224,7.3964,0.6144,7.1673,0.188,6.6061,13.9707,0.0002,0.0003,0.3139,7.2852,31.8323,33.2382,625.823,89.1003,760.642,
476,1.4187,2.1176,7.7564,0.6267,7.4822,0.1592,6.7591,14.4064,0.0002,0.0003,0.3635,7.288,32.5804,34.0096,629.988,89.4347,766.103,
477,1.4266,2.4219,7.9441,0.7495,5.2821,0.1646,6.5842,12.0383,0.0003,0.0002,0.3117,7.2857,30.7753,32.2122,631.064,89.3961,765.477,
478,1.3962,2.0893,7.7795,0.6611,5.4968,0.1524,6.2506,11.9098,0.0003,0.0003,0.326,7.2876,30.0733,31.4786,627.768,89.5548,761.449,
479,1.4315,2.1404,7.4091,0.622,7.1889,0.2007,6.6364,14.0364,0.0002,0.0003,0.3206,7.2835,31.837,33.2783,625.252,89.2456,760.597,
480,1.2786,1.6108,7.8053,0.7244,5.2801,0.171,6.9956,12.4498,0.0001,0.0002,0.3597,7.2999,30.2877,31.577,625.584,89.0604,756.204,
481,1.4144,2.181,7.736,0.6246,7.5914,0.2004,6.8793,14.681,0.0003,0.0002,0.3156,7.2856,32.849,34.2744,628.761,90.8313,766.627,
482,1.412,2.2556,7.9679,0.6536,5.4067,0.2044,6.8258,12.446,0.0002,0.0003,0.3167,7.2861,30.9523,32.3731,625.193,89.5667,759.938,
483,1.4355,2.1903,8.0799,0.6873,5.6424,0.1562,6.2881,12.0939,0.0003,0.0002,0.3288,7.2872,30.6924,32.138,627.24,89.1913,761.429,
484,1.4321,2.1528,7.3931,0.6605,7.3131,0.1571,6.7152,14.1977,0.0003,0.0005,0.3255,7.2919,32.0491,33.489,624.933,89.5111,760.815,
485,1.4184,2.2349,7.8272,1.0202,5.618,0.1607,6.3136,12.101,0.0003,0.0004,0.3283,7.2882,30.8242,32.2522,625.874,89.3269,760.186,
486,1.4378,2.1714,7.7137,0.6675,5.4856,0.1883,6.0828,11.7638,0.0002,0.0003,0.3128,7.2902,29.9442,31.3915,626.749,89.1933,760.125,
487,1.4244,2.1908,7.4071,0.6276,7.3143,0.1573,6.7893,14.2705,0.0003,0.0003,0.3253,7.288,32.1322,33.5663,626.923,89.3058,762.705,
488,1.2634,1.5328,7.6868,0.9562,5.1323,0.1606,7.1333,12.4294,0.0002,0.0002,0.3561,7.2851,30.2568,31.5277,624.422,89.1318,755.127,
489,1.3953,2.269,7.8885,0.6641,7.7495,0.1416,6.9303,14.826,0.0003,0.0003,0.3631,7.2871,33.3147,34.7197,623.667,89.1658,760.141,
490,1.4203,2.1938,7.7701,0.6247,7.6232,0.1571,6.9052,14.6915,0.0002,0.0002,0.3236,7.2904,32.9216,34.3522,628.573,89.3258,765.011,
491,1.4274,2.304,8.1604,0.9624,5.5401,0.2253,6.7439,12.5181,0.0003,0.0003,0.3185,7.2933,31.5824,33.0192,631.21,89.2526,766.344,
492,1.4173,2.2338,7.995,0.6808,5.5795,0.1665,6.2603,12.0166,0.0004,0.0002,0.391,7.2853,30.6282,32.055,628.932,89.3477,763.053,
493,1.4016,2.1807,7.534,0.6852,7.4976,0.1568,6.8596,14.5236,0.0003,0.0003,0.3166,7.2847,32.5504,33.9617,625.825,89.1666,761.574,
494,1.4364,2.0809,7.7699,0.63,7.6035,0.1622,6.9152,14.6914,0.0003,0.0003,0.3231,7.2869,32.8058,34.2519,630.934,89.3523,767.31,
495,1.4187,2.4242,8.0402,1.0526,5.6494,0.2173,6.8812,12.7574,0.0003,0.0003,0.4031,7.2944,31.9979,33.4253,631.145,88.9931,766.375,
496,1.2752,1.5639,7.6167,1.0482,5.8703,0.158,6.7243,12.7577,0.0002,0.0003,0.3562,7.2985,30.655,31.9417,621.598,89.0856,752.824,
497,1.4264,2.2557,7.8943,0.7329,7.7803,0.1584,6.9647,14.9134,0.0003,0.0003,0.311,7.2955,33.4261,34.8672,625.724,89.1825,762.579,
498,1.4128,2.3658,7.9586,0.6812,5.7413,0.1623,6.7486,12.6594,0.0002,0.0002,0.3176,7.2851,31.2894,32.7125,628.166,89.1208,762.629,
499,1.4098,2.1078,7.4896,0.6212,7.3862,0.2161,6.7806,14.3945,0.0003,0.0003,0.3146,7.2854,32.2375,33.6572,632.902,89.5236,768.777,
500,1.4067,2.4066,7.9869,1.0713,5.4847,0.1744,6.6941,12.3606,0.0003,0.0003,0.316,7.2852,31.4528,32.8694,624.256,88.9693,758.764,
501,1.4084,2.0521,7.7798,0.6989,7.5682,0.1942,6.8251,14.597,0.0003,0.0002,0.3264,7.2857,32.7656,34.1817,625.898,89.3796,762.102,
502,1.4197,2.2201,7.927,0.9801,5.4875,0.1596,6.6717,12.327,0.0003,0.0003,0.3211,7.3549,31.1564,32.5848,626.244,89.1083,760.647,
503,1.4127,2.2915,7.4762,0.6211,7.339,0.156,6.7813,14.2851,0.0002,0.0003,0.3369,7.2797,32.315,33.7368,629.243,88.9706,764.678,
504,1.2716,1.611,7.7158,1.0152,5.686,0.2304,6.5064,12.428,0.0002,0.0003,0.3514,7.2922,30.4273,31.7085,621.674,88.8938,752.303,
505,1.4033,2.1759,7.8266,0.7028,7.7522,0.1615,6.9248,14.8478,0.0002,0.0003,0.3258,7.2892,33.1934,34.6051,624.024,89.3218,760.677,
506,1.4195,2.2955,8.2279,0.9628,5.627,0.1717,6.4178,12.2269,0.0003,0.0002,0.3267,7.2936,31.3592,32.789,631.216,89.2161,765.975,
507,1.4343,2.1316,7.7506,0.6517,5.5807,0.1446,6.1412,11.8764,0.0003,0.0002,0.3239,7.2857,30.0442,31.4885,624.75,93.2811,762.423,
508,1.4286,2.0796,7.5522,0.6805,7.6296,0.1524,6.9146,14.7045,0.0002,0.0002,0.3181,7.2873,32.6494,34.0876,626.207,89.4495,762.524,
509,1.4142,2.209,7.5926,0.6169,7.6156,0.1538,6.8619,14.6409,0.0003,0.0003,0.3265,7.2845,32.6947,34.1207,631.07,89.2272,767.106,
510,1.4186,2.2719,8.0157,0.9447,5.5308,0.2062,6.3922,12.136,0.0003,0.0002,0.3183,7.2847,30.9982,32.4253,638.967,89.4629,773.615,
511,1.3986,2.2086,7.7936,0.7382,5.7277,0.169,6.3759,12.2822,0.0002,0.0003,0.3575,7.2968,30.6985,32.1062,624.792,89.698,759.248,
512,1.2917,1.6471,7.8224,0.7371,5.5811,0.1655,6.9558,12.7053,0.0002,0.0002,0.3612,7.2963,30.607,31.9081,626.929,89.243,758.03,
513,1.4002,2.1297,7.5289,0.6147,7.4613,0.243,6.8118,14.5242,0.0003,0.0002,0.3162,7.2773,32.4178,33.8279,629.226,89.31,764.892,
514,1.3996,2.4398,7.9212,0.6613,5.4381,0.1537,6.762,12.3579,0.0003,0.0002,0.3116,7.2791,30.9824,32.3922,626.083,95.0399,765.962,
515,1.4036,2.1643,7.7791,0.6108,7.7445,0.14,6.9588,14.8472,0.0002,0.0004,0.3103,7.2782,33.0007,34.414,625.162,89.1795,761.388,
516,1.4299,2.2395,7.76,0.6086,7.6903,0.1613,6.9377,14.7998,0.0003,0.0003,0.317,7.2886,33.0375,34.4777,629.443,89.4911,766.385,
517,1.4409,2.4989,7.8952,0.9814,5.6717,0.1612,6.8256,12.6642,0.0002,0.0002,0.3131,7.3034,31.6827,33.1316,630.055,89.1907,765.26,
518,1.4123,2.1843,7.6697,0.5908,7.6623,0.1434,6.8853,14.6998,0.0003,0.0003,0.3203,7.2802,32.7639,34.1855,628.511,89.2104,764.549,
519,1.4371,2.3136,7.6084,0.6104,7.5665,0.1787,6.877,14.6264,0.0002,0.0003,0.3098,7.2788,32.7663,34.2138,626.645,89.4123,763.128,
